period,strategy,net_return,baseline_net_return,incremental_return_geometric,median_14d,p_beat_baseline
2025_H2_DEV_VALIDATION,BASELINE,0.06994929620295243,0.06994929620295243,0.0,0.02482741456905635,0.0
2025_H2_DEV_VALIDATION,FLOW,0.12455526834864483,0.06994929620295243,0.05103603725847439,0.023411919400847303,0.5614035087719298
2025_H2_DEV_VALIDATION,PREMIUM,-0.025256134124522656,0.06994929620295243,-0.08898125421956082,0.005165070027320473,0.3567251461988304
2025_H2_DEV_VALIDATION,FUNDING,0.02703349771325514,0.06994929620295243,-0.04011012357501176,0.01819981483335842,0.5029239766081871
2025_H2_DEV_VALIDATION,FLOW_PREMIUM,0.020389485662508422,0.06994929620295243,-0.04631977488683103,0.012892956663814736,0.4152046783625731
2025_H2_DEV_VALIDATION,FLOW_FUNDING,0.08164798360316627,0.06994929620295243,0.010933870830823755,0.025035268284288703,0.5029239766081871
2025_H2_DEV_VALIDATION,PREMIUM_FUNDING,-0.08042903620467268,0.06994929620295243,-0.14054715764689907,0.003851503140081869,0.3567251461988304
2025_H2_DEV_VALIDATION,FLOW_PREMIUM_FUNDING,-0.03725588111387923,0.06994929620295243,-0.10019650248594258,0.004843125155033157,0.38596491228070173
2026_Q1,BASELINE,0.04336209647719946,0.04336209647719946,0.0,-0.006104134585644738,0.0
2026_Q1,FLOW,0.04360454906952915,0.04336209647719946,0.00023237627008709794,-0.006728527375682303,0.4675324675324675
2026_Q1,PREMIUM,0.08725973079174842,0.04336209647719946,0.04207324998939921,0.0011709016403833594,0.8181818181818182
2026_Q1,FUNDING,0.06213064771060073,0.04336209647719946,0.017988530824314175,0.0024226976670391753,0.7272727272727273
2026_Q1,FLOW_PREMIUM,0.07514093637434449,0.04336209647719946,0.0304581122933667,-0.0002793283348635489,0.7272727272727273
2026_Q1,FLOW_FUNDING,0.06744579429935804,0.04336209647719946,0.023082780085144528,-0.0009892404269103983,0.7532467532467533
2026_Q1,PREMIUM_FUNDING,0.08679060740613553,0.04336209647719946,0.04162362335719094,-0.0017692376674222077,0.7922077922077922
2026_Q1,FLOW_PREMIUM_FUNDING,0.0724919810002429,0.04336209647719946,0.027919247422728333,-0.0008631973855680597,0.7402597402597403
2026_Q2,BASELINE,0.04284562699723904,0.04284562699723904,0.0,-0.002603937929765321,0.0
2026_Q2,FLOW,0.01438059288671778,0.04284562699723904,-0.027295539602043672,-0.012279383204989058,0.48717948717948717
2026_Q2,PREMIUM,0.013491727826490996,0.04284562699723904,-0.028147885373283277,-0.011679298836374252,0.47435897435897434
2026_Q2,FUNDING,0.04905854618779171,0.04284562699723904,0.005957659532448867,-0.0006488119168343576,0.5256410256410257
2026_Q2,FLOW_PREMIUM,0.019717783526753907,0.04284562699723904,-0.022177629048586223,-0.01348472379112603,0.5384615384615384
2026_Q2,FLOW_FUNDING,0.01769857904844807,0.04284562699723904,-0.024113873902122163,-0.012558041187118507,0.5384615384615384
2026_Q2,PREMIUM_FUNDING,0.010538185594340277,0.04284562699723904,-0.030980080432349788,-0.01161574197939047,0.46153846153846156
2026_Q2,FLOW_PREMIUM_FUNDING,0.015394074449507356,0.04284562699723904,-0.02632369723482031,-0.013719235885313485,0.5128205128205128
2026_JulAug,BASELINE,0.10431107972159248,0.10431107972159248,0.0,-0.024434731942302945,0.0
2026_JulAug,FLOW,0.1345889429978051,0.10431107972159248,0.02741787511888938,-0.008750446834711711,0.7346938775510204
2026_JulAug,PREMIUM,0.0731410367548786,0.10431107972159248,-0.028225781248678694,-0.015753653797994982,0.4897959183673469
2026_JulAug,FUNDING,0.10764306721155781,0.10431107972159248,0.0030172544232784926,-0.02337706825317254,0.42857142857142855
2026_JulAug,FLOW_PREMIUM,0.09480836513028201,0.10431107972159248,-0.008605106627840975,-0.00501660688136818,0.7142857142857143
2026_JulAug,FLOW_FUNDING,0.13795920031704334,0.10431107972159248,0.030469784477697992,-0.008750446834711711,0.8163265306122449
2026_JulAug,PREMIUM_FUNDING,0.079272328265936,0.10431107972159248,-0.022673639625139907,-0.013990362429914693,0.4897959183673469
2026_JulAug,FLOW_PREMIUM_FUNDING,0.10341850216206994,0.10431107972159248,-0.0008082664168755915,-0.002586965061928126,0.7142857142857143
