strategy,cost_bps_per_side,net_return,gross_return,total_cost,turnover
Cash,5,0.0,0.0,0.0,0.0
Cash,10,0.0,0.0,0.0,0.0
Cash,15,0.0,0.0,0.0,0.0
Cash,20,0.0,0.0,0.0,0.0
Trend_4_12,5,-0.4538710190764129,0.374737512103708,0.923155540019591,1846.311080039182
Trend_4_12,10,-0.7830868602202843,0.374737512103708,1.846311080039182,1846.311080039182
Trend_4_12,15,-0.9138626235986057,0.374737512103708,2.769466620058773,1846.311080039182
Trend_4_12,20,-0.9658010710412472,0.374737512103708,3.692622160078364,1846.311080039182
Trend_8_24,5,-0.1374763080320902,0.3564676762463419,0.4528062390178126,905.612478035625
Trend_8_24,10,-0.45158580200756737,0.3564676762463419,0.9056124780356252,905.612478035625
Trend_8_24,15,-0.6513237155772165,0.3564676762463419,1.3584187170534376,905.612478035625
Trend_8_24,20,-0.7783273146642776,0.3564676762463419,1.8112249560712503,905.612478035625
Trend_12_36,5,-0.0679179839260543,0.25801882868600656,0.29986825896873703,599.736517937474
Trend_12_36,10,-0.30942651824982925,0.25801882868600656,0.5997365179374741,599.736517937474
Trend_12_36,15,-0.48837183557752606,0.25801882868600656,0.899604776906211,599.736517937474
Trend_12_36,20,-0.6209576249216162,0.25801882868600656,1.1994730358749481,599.736517937474
Breakout_12,5,-0.8547232918758907,0.17723493549210279,2.0920408933650676,4184.081786730135
Breakout_12,10,-0.9820872078212494,0.17723493549210279,4.184081786730135,4184.081786730135
Breakout_12,15,-0.9977931912564212,0.17723493549210279,6.276122680095203,4184.081786730135
Breakout_12,20,-0.9997283561483431,0.17723493549210279,8.36816357346027,4184.081786730135
Breakout_24,5,-0.7279074238551615,0.12050652157922448,1.4152798237814066,2830.5596475628126
Breakout_24,10,-0.9339617257193985,0.12050652157922448,2.830559647562813,2830.5596475628126
Breakout_24,15,-0.9839804146471656,0.12050652157922448,4.245839471344219,2830.5596475628126
Breakout_24,20,-0.9961159646861271,0.12050652157922448,5.661119295125626,2830.5596475628126
Breakout_48,5,-0.5961233552428704,0.060555060901931634,0.9653527226685821,1930.7054453371638
Breakout_48,10,-0.8462480975164618,0.060555060901931634,1.9307054453371642,1930.7054453371638
Breakout_48,15,-0.9414875367271016,0.060555060901931634,2.896058168005746,1930.7054453371638
Breakout_48,20,-0.97773963536573,0.060555060901931634,3.8614108906743283,1930.7054453371638
CSMomentum_6,5,-0.8606825152810073,0.19353738178777657,2.147422961272306,4294.845922544611
CSMomentum_6,10,-0.9837546716076467,0.19353738178777657,4.294845922544612,4294.845922544611
CSMomentum_6,15,-0.9981076382839957,0.19353738178777657,6.442268883816917,4294.845922544611
CSMomentum_6,20,-0.9997797924943531,0.19353738178777657,8.589691845089224,4294.845922544611
CSMomentum_24,5,-0.6501378454554595,0.05163339194502825,1.1003271170585691,2200.654234117138
CSMomentum_24,10,-0.8836595651966106,0.05163339194502825,2.2006542341171382,2200.654234117138
CSMomentum_24,15,-0.9613307871937737,0.05163339194502825,3.3009813511757073,2200.654234117138
CSMomentum_24,20,-0.9871530295053663,0.05163339194502825,4.4013084682342765,2200.654234117138
CSMomentum_48,5,-0.48042835001438844,0.18302013762113956,0.8226854338118531,1645.3708676237063
CSMomentum_48,10,-0.7718829591437952,0.18302013762113956,1.6453708676237062,1645.3708676237063
CSMomentum_48,15,-0.8998781503352744,0.18302013762113956,2.4680563014355594,1645.3708676237063
CSMomentum_48,20,-0.9560702503528915,0.18302013762113956,3.2907417352474124,1645.3708676237063
VWAPMR_1,5,-0.8848509574727742,-0.410518779646447,1.6323313268511879,3264.662653702376
VWAPMR_1,10,-0.9775204754345767,-0.410518779646447,3.2646626537023757,3264.662653702376
VWAPMR_1,15,-0.9956141869869491,-0.410518779646447,4.896993980553564,3264.662653702376
VWAPMR_1,20,-0.9991448366762326,-0.410518779646447,6.5293253074047515,3264.662653702376
VWAPMR_1.5,5,-0.786288621854512,-0.24122043819380357,1.2666101122050928,2533.2202244101854
VWAPMR_1.5,10,-0.9398338755574979,-0.24122043819380357,2.5332202244101856,2533.2202244101854
VWAPMR_1.5,15,-0.983068764400951,-0.24122043819380357,3.799830336615278,2533.2202244101854
VWAPMR_1.5,20,-0.9952374742009787,-0.24122043819380357,5.066440448820371,2533.2202244101854
VWAPMR_2,5,-0.5517431886471516,-0.10587615270994621,0.6902240557387564,1380.448111477513
VWAPMR_2,10,-0.7753228583620996,-0.10587615270994621,1.380448111477513,1380.448111477513
VWAPMR_2,15,-0.8874116170123741,-0.10587615270994621,2.0706721672162693,1380.448111477513
VWAPMR_2,20,-0.9435932733152722,-0.10587615270994621,2.760896222955026,1380.448111477513
