train_start,train_end,test_start,test_end,strategy,execution_policy,total_return,annualized_return,annualized_volatility,sharpe,sortino,calmar,max_drawdown,win_rate,profit_factor,total_cost,turnover,trades
2025-01-01 00:00:00+00:00,2025-01-30 23:00:00+00:00,2025-01-31 00:00:00+00:00,2025-02-06 23:00:00+00:00,VWAPMR_2,Rebalance24h,0.01425957862711913,1.092341523400075,0.08899077338938483,12.274772785943378,28.510350589624448,162.22116346403436,0.006733656078371397,0.07738095238095238,1.8881304907297265,0.0004139218739691088,0.41392187396910884,2
2025-01-08 00:00:00+00:00,2025-02-06 23:00:00+00:00,2025-02-07 00:00:00+00:00,2025-02-13 23:00:00+00:00,VWAPMR_2,Rebalance24h,-0.0012905925767070503,-0.06512144617661797,0.1690892782792967,-0.3851305466515285,-0.5690782792507054,-3.4430615982497854,0.018913819668437304,0.07142857142857142,0.9787328968359384,0.0014,1.4,4
2025-01-15 00:00:00+00:00,2025-02-13 23:00:00+00:00,2025-02-14 00:00:00+00:00,2025-02-20 23:00:00+00:00,VWAPMR_2,Rebalance24h,-0.03144095682269943,-0.810950630322716,0.15722462845457574,-5.157910934780872,-5.917193540787797,-24.283621978944478,0.03339496188113389,0.10714285714285714,0.48681610498399397,0.00105,1.0499999999999998,3
2025-01-22 00:00:00+00:00,2025-02-20 23:00:00+00:00,2025-02-21 00:00:00+00:00,2025-02-27 23:00:00+00:00,Breakout_48,Rebalance12h,0.011396032328892636,0.8055428722998275,0.2918412660390455,2.7602089424600216,3.926801140340727,16.00828404816207,0.0503203759925982,0.14285714285714285,1.1457430330013154,0.0034000000000000002,3.4,10
2025-01-29 00:00:00+00:00,2025-02-27 23:00:00+00:00,2025-02-28 00:00:00+00:00,2025-03-06 23:00:00+00:00,Trend_12_36,Rebalance12h,0.06157191767837933,21.546387784893575,0.7103575197628544,30.331751527155813,71.93964597911214,320.09455858094196,0.06731257126148604,0.48214285714285715,1.2435947394068048,0.005527998439959889,5.527998439959888,70
2025-02-05 00:00:00+00:00,2025-03-06 23:00:00+00:00,2025-03-07 00:00:00+00:00,2025-03-13 23:00:00+00:00,CSMomentum_48,Rebalance12h,-0.015326962349834106,-0.5530817143840034,0.19667249133437362,-2.812196614948448,-4.072950992906061,-15.244411864013205,0.03628094801673776,0.5178571428571429,0.8885758816570876,0.00681724064092122,6.81724064092122,29
2025-02-12 00:00:00+00:00,2025-03-13 23:00:00+00:00,2025-03-14 00:00:00+00:00,2025-03-20 23:00:00+00:00,Trend_12_36,Phase1_Buffer2pct,-0.021038920493809732,-0.6700235671307586,0.3412837047676076,-1.9632451176858907,-3.102623902773434,-10.351136495700896,0.06472946882779851,0.5238095238095238,0.9158938588239638,0.01270329647589908,12.70329647589908,333
2025-02-19 00:00:00+00:00,2025-03-20 23:00:00+00:00,2025-03-21 00:00:00+00:00,2025-03-27 23:00:00+00:00,Trend_12_36,Phase1_Buffer2pct,-0.020698315879719265,-0.6639836356041673,0.2476679565203471,-2.6809428435269456,-4.074041572493188,-14.025736773605141,0.047340374792553486,0.48214285714285715,0.8810978646742463,0.01407658490454827,14.076584904548266,348
2025-02-26 00:00:00+00:00,2025-03-27 23:00:00+00:00,2025-03-28 00:00:00+00:00,2025-04-03 23:00:00+00:00,Trend_12_36,Phase1_Buffer2pct,-0.0021330386836412307,-0.1053668397167794,0.46139499381694055,-0.2283658061504324,-0.366648259451918,-1.1778930167190371,0.08945365854215992,0.5119047619047619,0.9996829984851784,0.010809547310332828,10.809547310332828,269
2025-03-05 00:00:00+00:00,2025-04-03 23:00:00+00:00,2025-04-04 00:00:00+00:00,2025-04-10 23:00:00+00:00,Cash,Cash,0.0,0.0,0.0,,,,-0.0,0.0,,0.0,0.0,0
2025-03-12 00:00:00+00:00,2025-04-10 23:00:00+00:00,2025-04-11 00:00:00+00:00,2025-04-17 23:00:00+00:00,Trend_12_36,Rebalance12h,-0.030611866862661263,-0.8023251373325437,0.41186895229405174,-1.9480107273532183,-3.1018239197184103,-9.705185817776142,0.08266973475798833,0.4523809523809524,0.8802672392237048,0.0086800083969153,8.680008396915301,69
2025-03-19 00:00:00+00:00,2025-04-17 23:00:00+00:00,2025-04-18 00:00:00+00:00,2025-04-24 23:00:00+00:00,Breakout_48,Rebalance12h,0.006693421564530455,0.416021616777966,0.13595893343103319,3.059906445860713,6.129378393967596,25.536055270476428,0.016291538077102707,0.1130952380952381,1.15952935641416,0.0048000000000000004,4.8,14
2025-03-26 00:00:00+00:00,2025-04-24 23:00:00+00:00,2025-04-25 00:00:00+00:00,2025-05-01 23:00:00+00:00,Breakout_48,Rebalance12h,-0.04717861888744457,-0.9195364233664104,0.2409780337651204,-3.815851631782655,-6.135636373904525,-17.760859294644458,0.05177319453477591,0.20238095238095238,0.5887168655527543,0.006599999999999999,6.6,18
2025-04-02 00:00:00+00:00,2025-05-01 23:00:00+00:00,2025-05-02 00:00:00+00:00,2025-05-08 23:00:00+00:00,VWAPMR_2,Rebalance24h,-0.051157558920812085,-0.9353102717844692,0.19293513207547455,-4.847796571433055,-5.677306835432871,-13.811134608086382,0.06772146520365152,0.11904761904761904,0.47089547358369244,0.0018999999999999998,1.9,10
2025-04-09 00:00:00+00:00,2025-05-08 23:00:00+00:00,2025-05-09 00:00:00+00:00,2025-05-15 23:00:00+00:00,Cash,Cash,0.0,0.0,0.0,,,,-0.0,0.0,,0.0,0.0,0
2025-04-16 00:00:00+00:00,2025-05-15 23:00:00+00:00,2025-05-16 00:00:00+00:00,2025-05-22 23:00:00+00:00,VWAPMR_2,Rebalance12h,-0.014928814622106934,-0.5435609297598119,0.14423790440499168,-3.768502683133829,-4.8726658718895415,-24.87962237940012,0.02184763584715299,0.05952380952380952,0.669161739956009,0.0027,2.7,10
2025-04-23 00:00:00+00:00,2025-05-22 23:00:00+00:00,2025-05-23 00:00:00+00:00,2025-05-29 23:00:00+00:00,VWAPMR_2,Rebalance12h,-0.009966459691878482,-0.4068373910810589,0.18400068921739907,-2.2110644955268377,-3.284678954575706,-12.543398041843936,0.03243438418551947,0.125,0.8707788111049951,0.0074,7.399999999999999,28
2025-04-30 00:00:00+00:00,2025-05-29 23:00:00+00:00,2025-05-30 00:00:00+00:00,2025-06-05 23:00:00+00:00,CSMomentum_48,Rebalance12h,-0.05040176005574759,-0.9325679650225339,0.14939137213581907,-6.242448621294477,-9.043040588598998,-16.71791300397285,0.055782558791932835,0.375,0.6080201932776983,0.013999999999999999,13.999999999999998,38
2025-05-07 00:00:00+00:00,2025-06-05 23:00:00+00:00,2025-06-06 00:00:00+00:00,2025-06-12 23:00:00+00:00,VWAPMR_2,Rebalance12h,-0.012608872883593691,-0.48399703316098786,0.062401421716990056,-7.756185994544573,-9.559347941854373,-33.69440516148675,0.01436431451575837,0.07738095238095238,0.5189799874240731,0.0017499999999999998,1.7499999999999998,5
2025-05-14 00:00:00+00:00,2025-06-12 23:00:00+00:00,2025-06-13 00:00:00+00:00,2025-06-19 23:00:00+00:00,VWAPMR_2,Rebalance24h,0.0109913237757433,0.7682533435577721,0.15703092030143617,4.892369872653328,8.268850956032676,57.8050402571836,0.013290421391278229,0.07738095238095238,1.3016656124329005,0.0019999999999999996,1.9999999999999998,10
2025-05-21 00:00:00+00:00,2025-06-19 23:00:00+00:00,2025-06-20 00:00:00+00:00,2025-06-26 23:00:00+00:00,VWAPMR_2,Rebalance24h,-0.0037165015002988966,-0.1764656434627382,0.03045652148809725,-5.79401831990902,-7.5126337571977,-31.276623583081832,0.005642093782725066,0.047619047619047616,0.5993840823980754,0.0007,0.7,2
2025-05-28 00:00:00+00:00,2025-06-26 23:00:00+00:00,2025-06-27 00:00:00+00:00,2025-07-03 23:00:00+00:00,VWAPMR_2,Rebalance24h,0.004606765266300217,0.2708148403074544,0.1438829830116178,1.8821881131390463,2.852589751977423,16.050759475191736,0.0168724003824261,0.14285714285714285,1.1004410138232392,0.0027,2.7,8
2025-06-04 00:00:00+00:00,2025-07-03 23:00:00+00:00,2025-07-04 00:00:00+00:00,2025-07-10 23:00:00+00:00,VWAPMR_2,Rebalance24h,0.0,0.0,0.0,,,,-0.0,0.0,,0.0,0.0,0
2025-06-11 00:00:00+00:00,2025-07-10 23:00:00+00:00,2025-07-11 00:00:00+00:00,2025-07-17 23:00:00+00:00,VWAPMR_2,Rebalance24h,-0.02403760663163068,-0.7188029397626088,0.15298147613462193,-4.6986272973995264,-5.9303879425269495,-18.73086464357502,0.03837532081089323,0.13690476190476192,0.6489799150525072,0.0021,2.0999999999999996,5
2025-06-18 00:00:00+00:00,2025-07-17 23:00:00+00:00,2025-07-18 00:00:00+00:00,2025-07-24 23:00:00+00:00,Trend_12_36,Phase1_Buffer2pct,-0.01791632502895435,-0.6104170567486873,0.3580821605465007,-1.7046843546103387,-2.5446892742720584,-15.466629217128936,0.03946671560941439,0.49404761904761907,0.9282468690426698,0.012975574192276997,12.975574192276996,300
2025-06-25 00:00:00+00:00,2025-07-24 23:00:00+00:00,2025-07-25 00:00:00+00:00,2025-07-31 23:00:00+00:00,Trend_12_36,Phase1_Buffer2pct,-0.026826197991653755,-0.7577776624767947,0.3190620467774976,-2.375016615515043,-3.7808364426388437,-11.10020868316512,0.06826697444220675,0.42857142857142855,0.8728524505720822,0.013039191894231826,13.039191894231823,326
2025-07-02 00:00:00+00:00,2025-07-31 23:00:00+00:00,2025-08-01 00:00:00+00:00,2025-08-07 23:00:00+00:00,Trend_12_36,Rebalance24h,0.00810469245805212,0.5233296362445958,0.4437679079653688,1.1792868002646013,1.89092255251959,5.956674556620238,0.08785600611048461,0.5357142857142857,1.0373228312474798,0.00716617052485938,7.16617052485938,35
2025-07-09 00:00:00+00:00,2025-08-07 23:00:00+00:00,2025-08-08 00:00:00+00:00,2025-08-14 23:00:00+00:00,Trend_12_36,Rebalance24h,-0.012740063551002767,-0.4875597882387185,0.4405268154854879,-1.106765288967477,-1.629386112171601,-8.062714261873202,0.06047092485272376,0.49404761904761907,0.9613951958446348,0.0050479326231844335,5.047932623184433,35
2025-07-16 00:00:00+00:00,2025-08-14 23:00:00+00:00,2025-08-15 00:00:00+00:00,2025-08-21 23:00:00+00:00,Trend_12_36,Buffer10pct,-0.04439851404806938,-0.9063351039935408,0.28952095482732926,-3.130464613637657,-4.9376958580593335,-19.064646774001385,0.04754009422453698,0.44642857142857145,0.7787257033532973,0.008431547837644032,8.431547837644032,66
2025-07-23 00:00:00+00:00,2025-08-21 23:00:00+00:00,2025-08-22 00:00:00+00:00,2025-08-28 23:00:00+00:00,Cash,Cash,0.0,0.0,0.0,,,,-0.0,0.0,,0.0,0.0,0
2025-07-30 00:00:00+00:00,2025-08-28 23:00:00+00:00,2025-08-29 00:00:00+00:00,2025-09-04 23:00:00+00:00,Cash,Cash,0.0,0.0,0.0,,,,-0.0,0.0,,0.0,0.0,0
2025-08-06 00:00:00+00:00,2025-09-04 23:00:00+00:00,2025-09-05 00:00:00+00:00,2025-09-11 23:00:00+00:00,Cash,Cash,0.0,0.0,0.0,,,,-0.0,0.0,,0.0,0.0,0
2025-08-13 00:00:00+00:00,2025-09-11 23:00:00+00:00,2025-09-12 00:00:00+00:00,2025-09-18 23:00:00+00:00,VWAPMR_2,Rebalance12h,-0.01170508176099494,-0.4587838520029226,0.10185736598421403,-4.504179423548273,-5.5469539531326095,-25.659410919794027,0.017879749984790583,0.11904761904761904,0.6853520955448609,0.0041,4.1,14
2025-08-20 00:00:00+00:00,2025-09-18 23:00:00+00:00,2025-09-19 00:00:00+00:00,2025-09-25 23:00:00+00:00,VWAPMR_2,Rebalance12h,-0.03940632727243887,-0.8770945327493115,0.18294504805672487,-4.794305951792448,-5.5360186344370925,-21.45941247880247,0.04087225284549156,0.15476190476190477,0.5190169651746187,0.0048,4.799999999999999,18
2025-08-27 00:00:00+00:00,2025-09-25 23:00:00+00:00,2025-09-26 00:00:00+00:00,2025-10-02 23:00:00+00:00,Trend_12_36,Rebalance12h,0.002823489289467407,0.15837405514000857,0.3236537685150983,0.48933171971584966,0.8542967282440599,2.4168568038195835,0.06552893613296218,0.42857142857142855,1.0201720345890721,0.007463732480519042,7.463732480519042,70
2025-09-03 00:00:00+00:00,2025-10-02 23:00:00+00:00,2025-10-03 00:00:00+00:00,2025-10-09 23:00:00+00:00,Breakout_48,Rebalance24h,0.0,0.0,0.0,,,,-0.0,0.0,,0.0,0.0,0
2025-09-10 00:00:00+00:00,2025-10-09 23:00:00+00:00,2025-10-10 00:00:00+00:00,2025-10-16 23:00:00+00:00,Breakout_48,Rebalance24h,-0.026982773965553597,-0.7598014180855688,0.3542903792357097,-2.144572538844111,-3.1673662290059155,-9.440620669792903,0.08048214674239595,0.3333333333333333,0.8704128602870521,0.0034968728488415333,3.4968728488415337,11
2025-09-17 00:00:00+00:00,2025-10-16 23:00:00+00:00,2025-10-17 00:00:00+00:00,2025-10-23 23:00:00+00:00,Trend_12_36,Buffer10pct,-0.035174113283172215,-0.8454305437642105,0.42312678339585347,-1.9980549020771239,-3.0496218137221693,-9.16687868109328,0.09222665349634374,0.4166666666666667,0.8576395593865115,0.007416751938865077,7.416751938865077,59
2025-09-24 00:00:00+00:00,2025-10-23 23:00:00+00:00,2025-10-24 00:00:00+00:00,2025-10-30 23:00:00+00:00,VWAPMR_2,Rebalance12h,-0.029963824930333782,-0.7953155043573585,0.2396793159907482,-3.3182483898112354,-4.430224467128004,-14.295732050047235,0.05563307297402309,0.21428571428571427,0.6974168264012786,0.0058000000000000005,5.8,19
2025-10-01 00:00:00+00:00,2025-10-30 23:00:00+00:00,2025-10-31 00:00:00+00:00,2025-11-06 23:00:00+00:00,Trend_12_36,Rebalance24h,0.054198882851210106,14.67643608470371,0.527304956510827,27.83291888970204,53.81324607938897,266.7915691053176,0.055010869098753634,0.4583333333333333,1.2306642791361089,0.005341865557195277,5.341865557195277,35
2025-10-08 00:00:00+00:00,2025-11-06 23:00:00+00:00,2025-11-07 00:00:00+00:00,2025-11-13 23:00:00+00:00,Trend_12_36,Rebalance24h,-0.025023845201620154,-0.7332432536946076,0.48033190513625573,-1.5265345604860634,-2.593985670095764,-6.994210326216554,0.10483574549455221,0.4166666666666667,0.9231550969896536,0.006226855244331881,6.22685524433188,35
2025-10-15 00:00:00+00:00,2025-11-13 23:00:00+00:00,2025-11-14 00:00:00+00:00,2025-11-20 23:00:00+00:00,Trend_12_36,Rebalance24h,0.04398044091946862,8.433506898632661,0.5649264340164079,14.928504652674327,27.364446410428446,143.88318171698072,0.05861356968892606,0.49404761904761907,1.1358896737102968,0.004424933038664267,4.424933038664268,35
2025-10-22 00:00:00+00:00,2025-11-20 23:00:00+00:00,2025-11-21 00:00:00+00:00,2025-11-27 23:00:00+00:00,Trend_12_36,Rebalance24h,0.05692312786237341,16.934597801924852,0.5063070004492048,33.447291439581456,62.82545650469289,374.40342042037867,0.04523088433035882,0.5178571428571429,1.206224463370424,0.003909696416015013,3.909696416015013,35
2025-10-29 00:00:00+00:00,2025-11-27 23:00:00+00:00,2025-11-28 00:00:00+00:00,2025-12-04 23:00:00+00:00,Trend_12_36,Rebalance24h,-0.011929735483173887,-0.46516164521667824,0.42526641020673855,-1.0938123351678424,-2.000435815309109,-7.124275318789647,0.06529248581815128,0.43452380952380953,0.959084147522941,0.005285931906696215,5.285931906696216,35
2025-11-05 00:00:00+00:00,2025-12-04 23:00:00+00:00,2025-12-05 00:00:00+00:00,2025-12-11 23:00:00+00:00,VWAPMR_2,Rebalance12h,-0.027307797452884697,-0.7639495704041979,0.13025367153954592,-5.865090491305326,-6.729752997082538,-25.2588921308986,0.03024477742116316,0.05357142857142857,0.3502442264569024,0.0026999999999999997,2.6999999999999997,12
2025-11-12 00:00:00+00:00,2025-12-11 23:00:00+00:00,2025-12-12 00:00:00+00:00,2025-12-18 23:00:00+00:00,Trend_12_36,Rebalance24h,0.035329141353860116,5.11269675558799,0.43318641936082364,11.802532413485839,21.107392547213948,111.98124235837707,0.04565672471489168,0.47619047619047616,1.196384977953192,0.004360428853530702,4.360428853530703,35
2025-11-19 00:00:00+00:00,2025-12-18 23:00:00+00:00,2025-12-19 00:00:00+00:00,2025-12-25 23:00:00+00:00,Trend_12_36,Rebalance24h,-0.01525279797623913,-0.5513231311117275,0.2654963977070376,-2.0765748080698474,-2.89895076752316,-12.089332316753577,0.04560410092687217,0.5178571428571429,0.9108988494623245,0.005486846036445125,5.486846036445126,35
