parameter,total_return,annualized_return,annualized_volatility,sharpe,sortino,calmar,max_drawdown,win_rate,profit_factor,total_cost,turnover,trades
trend_4_12,-0.9630109668452437,-0.9630109668452437,0.9299571401598026,-1.0355433871713282,-1.7371151583861066,-0.9938512530238537,0.9689689115098697,0.43310502283105023,0.8907675820338647,3.525545752371721,3525.5457523717214,35751
trend_6_18,-0.9141776966710579,-0.9141776966710579,0.9086204359330224,-1.0061161520457427,-1.6513865052405052,-0.9821932422945997,0.9307513606338362,0.44680365296803654,0.9196644999914956,2.313105193499659,2313.1051934996594,32056
trend_8_24,-0.8085457680790796,-0.8085457680790796,0.9172972550485231,-0.881443570913454,-1.4650451439406034,-0.942278273115533,0.8580753596341743,0.4602739726027397,0.9506624222980312,1.6864404691076582,1686.4404691076584,28881
trend_12_36,-0.7842394745423221,-0.7842394745423221,0.9300509146432651,-0.8432220883768808,-1.3800682060561547,-0.9402881853503862,0.8340416127318302,0.47442922374429225,0.956060680738333,1.1262124389289352,1126.2124389289354,24914
trend_16_48,-0.8014737190125151,-0.8014737190125151,0.9371729962863625,-0.8552035986828805,-1.3644135547268315,-0.9523356391778915,0.8415874467371517,0.47842465753424657,0.9534873213142003,0.8367186727531619,836.718672753162,21599
breakout_12,-0.9999993366752655,-0.9999993366752655,1.6230545916255423,-0.6161218124362247,-0.9866357775950692,-0.9999999470415296,0.9999993896337036,0.23367579908675798,0.6817593752536115,13.624000000000002,13624.0,13558
breakout_24,-0.9999245493237021,-0.9999245493237021,1.356508922619711,-0.7371308309514341,-1.2087267368523906,-0.999991296808106,0.999933251934675,0.1747716894977169,0.7006910801825282,9.05,9050.0,9044
breakout_36,-0.9991859967508494,-0.9991859967508494,1.2192903425250161,-0.8194815967144012,-1.3197270592653405,-0.9999407908755875,0.9992451611819164,0.14874429223744293,0.7257432529593654,7.114000000000001,7114.0,7112
breakout_48,-0.9986378075348854,-0.9986378075348854,1.1531412141295154,-0.8660151898991298,-1.3827555617316314,-0.999853116054959,0.9987845129443925,0.12602739726027398,0.7093260822138054,6.0440000000000005,6044.0,6044
vwap_1.0,-0.9999987728309667,-0.9999987728309667,2.087440663078656,-0.4790549453780024,-0.6608238823515692,-0.9999996917923526,0.9999990810383309,0.40159817351598176,0.8047107728222234,9.558000000000002,9558.0,9473
vwap_1.5,-0.9999768001013133,-0.9999768001013133,1.6355223483802896,-0.6114112724241417,-0.798622351057849,-0.9999971362785957,0.9999796637644803,0.27157534246575343,0.748802889008456,7.5360000000000005,7536.0,7524
vwap_2.0,-0.998650700648373,-0.998650700648373,1.1261912987145994,-0.8867505030346111,-1.119494067574551,-0.9998462502401663,0.9988042665644782,0.13858447488584474,0.6861684546091991,4.718,4718.0,4714
