strategy,total_return,annualized_return,annualized_volatility,sharpe,sortino,calmar,max_drawdown,win_rate,profit_factor,total_cost,turnover,median_14d_return,positive_14d_probability,worst_14d_return,best_14d_return,gross_return,trades,median_trades_per_14d,status
Trend_12_36,-0.3094265182498292,-0.3094265182498292,0.4114818627450871,-0.7519809407529559,-1.2785014849304022,-0.6824493087514896,0.453405863676397,0.4718036529680365,0.9758616507221712,0.5997365179374741,599.736517937474,-0.0081519580040612,0.4637388724035608,-0.2010737523958859,0.2033227456592445,0.2580188286860065,15278,586.0054794520547,REJECTED
Trend_8_24,-0.4515858020075673,-0.4515858020075673,0.4066937241183644,-1.1103830111628117,-1.8944457676129924,-0.8115512996345637,0.5564476357944513,0.4569634703196347,0.9565826853066208,0.9056124780356252,905.612478035625,-0.0118301043488715,0.4440356083086053,-0.2382478258580852,0.2225138937596587,0.3564676762463419,19012,729.227397260274,REJECTED
Trend_4_12,-0.7830868602202843,-0.7830868602202843,0.4088289662330739,-1.9154387895642533,-3.255169784816869,-0.9862711214828578,0.7939874170125897,0.4349315068493151,0.884875324888923,1.846311080039182,1846.311080039182,-0.0503002750965235,0.2062908011869436,-0.2188284326418583,0.127993172729486,0.374737512103708,26256,1007.0794520547944,REJECTED
VWAPMR_1,-0.9775204754345768,-0.9775204754345768,0.4661167773075174,-2.097157886230008,-2.904241597489803,-0.999958578358598,0.9775609676144258,0.3864155251141553,0.7462124791687421,3.264662653702376,3264.662653702376,-0.1438465343772704,0.0173293768545994,-0.3412895131987254,0.0576580855779702,-0.410518779646447,15066,577.8739726027397,REJECTED
Breakout_12,-0.9820872078212494,-0.9820872078212494,0.4036742168017476,-2.4328707827866345,-3.885043879199331,-0.9996874224215024,0.982394282247124,0.230593607305936,0.6555028745915794,4.184081786730135,4184.081786730135,-0.1490219310069259,0.0113946587537092,-0.291632859894307,0.0246640124072505,0.1772349354921027,16111,617.9561643835616,REJECTED
Breakout_24,-0.9339617257193984,-0.9339617257193984,0.3509362153048395,-2.6613432441223424,-4.332712486742462,-0.9984440280599116,0.9354172086483312,0.1730593607305936,0.6806405670554335,2.830559647562813,2830.5596475628126,-0.099296462140452,0.0395252225519287,-0.2286324055031103,0.0586141697529458,0.1205065215792244,10554,404.8109589041096,REJECTED
VWAPMR_1.5,-0.939833875557498,-0.939833875557498,0.3436589680215612,-2.734786410400128,-3.574104360470758,-0.9998588661917563,0.939966536614432,0.253310502283105,0.6916008663627802,2.5332202244101856,2533.220224410185,-0.0975705678693157,0.0089020771513353,-0.293277720970557,0.0287726094961675,-0.2412204381938035,10005,383.7534246575342,REJECTED
Breakout_48,-0.8462480975164618,-0.8462480975164618,0.3079555516121522,-2.7479553237028504,-4.373778868264735,-0.99526279475081,0.8502760295870823,0.1254566210045662,0.7000363853583971,1.930705445337164,1930.705445337164,-0.073101370504277,0.0726409495548961,-0.1668978730785965,0.092340729200725,0.0605550609019316,6932,265.8849315068493,REJECTED
VWAPMR_2,-0.7753228583620996,-0.7753228583620996,0.22459230327273,-3.452134588159055,-4.349609148447339,-0.9963861318524376,0.7781349354197183,0.1117579908675799,0.6347169517283825,1.380448111477513,1380.448111477513,-0.0562296096305492,0.0618397626112759,-0.1509384575509712,0.0568647436726306,-0.1058761527099462,4834,185.41369863013696,REJECTED
CSMomentum_48,-0.7718829591437952,-0.7718829591437952,0.2024153062998581,-3.813362602136064,-6.44215886971887,-0.9675286161082152,0.7977882475958339,0.4353881278538812,0.7998876639915126,1.6453708676237062,1645.3708676237063,-0.0593603225235321,0.12,-0.1452095045481815,0.1272937249513821,0.1830201376211395,4915,188.52054794520544,REJECTED
CSMomentum_24,-0.8836595651966106,-0.8836595651966106,0.203224772419035,-4.3481882384622255,-7.412650906310899,-0.999199178484138,0.8843677859475327,0.4106164383561644,0.7245940463849712,2.2006542341171382,2200.654234117138,-0.0759019715751694,0.0842729970326409,-0.1842973980975961,0.1223147757508282,0.0516333919450282,6509,249.66027397260277,REJECTED
CSMomentum_6,-0.9837546716076468,-0.9837546716076468,0.2046973374780817,-4.805898717236532,-7.372370385935294,-0.9998170650932476,0.9839346676043154,0.3660958904109589,0.54455251976554,4.294845922544612,4294.845922544611,-0.146575916338383,0.0,-0.2338489733533283,-0.0547190592569557,0.1935373817877765,12297,471.6657534246575,REJECTED
Cash,0.0,0.0,0.0,,,,-0.0,0.0,,0.0,0.0,0.0,0.0,0.0,0.0,0.0,0,0.0,SURVIVES
