strategy,total_return,annualized_return,annualized_volatility,sharpe,sortino,calmar,max_drawdown,win_rate,profit_factor,total_cost,turnover,median_14d_return,positive_14d_probability,worst_14d_return,best_14d_return,gross_return,trades,median_trades_per_14d
Trend_12_36,-0.30942651824982925,-0.30942651824982925,0.4114818627450871,-0.7519809407529559,-1.2785014849304022,-0.6824493087514896,0.453405863676397,0.4718036529680365,0.9758616507221711,0.5997365179374741,599.736517937474,-0.00815195800406121,0.4637388724035608,-0.20107375239588599,0.20332274565924457,0.25801882868600656,15278,586.0054794520547
Trend_8_24,-0.45158580200756737,-0.45158580200756737,0.40669372411836446,-1.1103830111628117,-1.8944457676129924,-0.8115512996345637,0.5564476357944513,0.4569634703196347,0.9565826853066209,0.9056124780356252,905.612478035625,-0.01183010434887155,0.44403560830860533,-0.23824782585808524,0.2225138937596587,0.3564676762463419,19012,729.227397260274
Trend_4_12,-0.7830868602202843,-0.7830868602202843,0.40882896623307396,-1.9154387895642535,-3.2551697848168692,-0.9862711214828578,0.7939874170125897,0.4349315068493151,0.884875324888923,1.846311080039182,1846.311080039182,-0.05030027509652357,0.20629080118694362,-0.21882843264185836,0.12799317272948607,0.374737512103708,26256,1007.0794520547945
VWAPMR_1,-0.9775204754345767,-0.9775204754345767,0.46611677730751744,-2.097157886230008,-2.904241597489803,-0.999958578358598,0.9775609676144258,0.3864155251141553,0.7462124791687421,3.2646626537023757,3264.662653702376,-0.14384653437727046,0.017329376854599406,-0.34128951319872547,0.05765808557797025,-0.410518779646447,15066,577.8739726027397
Breakout_12,-0.9820872078212494,-0.9820872078212494,0.40367421680174764,-2.4328707827866345,-3.885043879199331,-0.9996874224215025,0.9823942822471239,0.23059360730593606,0.6555028745915794,4.184081786730135,4184.081786730135,-0.14902193100692596,0.0113946587537092,-0.291632859894307,0.02466401240725058,0.17723493549210279,16111,617.9561643835616
Breakout_24,-0.9339617257193985,-0.9339617257193985,0.35093621530483954,-2.6613432441223424,-4.332712486742462,-0.9984440280599116,0.9354172086483311,0.1730593607305936,0.6806405670554335,2.830559647562813,2830.5596475628126,-0.09929646214045207,0.039525222551928786,-0.22863240550311037,0.058614169752945866,0.12050652157922448,10554,404.81095890410955
VWAPMR_1.5,-0.9398338755574979,-0.9398338755574979,0.34365896802156126,-2.734786410400128,-3.574104360470758,-0.9998588661917563,0.9399665366144319,0.25331050228310503,0.6916008663627802,2.5332202244101856,2533.2202244101854,-0.09757056786931573,0.008902077151335312,-0.29327772097055704,0.028772609496167556,-0.24122043819380357,10005,383.7534246575342
Breakout_48,-0.8462480975164618,-0.8462480975164618,0.30795555161215227,-2.7479553237028504,-4.3737788682647345,-0.9952627947508099,0.8502760295870823,0.1254566210045662,0.7000363853583971,1.9307054453371642,1930.7054453371638,-0.07310137050427701,0.07264094955489614,-0.1668978730785965,0.092340729200725,0.060555060901931634,6932,265.8849315068493
VWAPMR_2,-0.7753228583620996,-0.7753228583620996,0.22459230327273008,-3.452134588159055,-4.349609148447339,-0.9963861318524377,0.7781349354197183,0.11175799086757991,0.6347169517283825,1.380448111477513,1380.448111477513,-0.05622960963054924,0.06183976261127597,-0.15093845755097124,0.05686474367263061,-0.10587615270994621,4834,185.41369863013696
CSMomentum_48,-0.7718829591437952,-0.7718829591437952,0.2024153062998581,-3.813362602136064,-6.44215886971887,-0.9675286161082151,0.7977882475958339,0.43538812785388126,0.7998876639915126,1.6453708676237062,1645.3708676237063,-0.05936032252353218,0.12,-0.1452095045481815,0.12729372495138214,0.18302013762113956,4915,188.52054794520546
CSMomentum_24,-0.8836595651966106,-0.8836595651966106,0.20322477241903503,-4.3481882384622255,-7.412650906310899,-0.9991991784841379,0.8843677859475327,0.4106164383561644,0.7245940463849712,2.2006542341171382,2200.654234117138,-0.07590197157516942,0.08427299703264095,-0.18429739809759615,0.12231477575082828,0.05163339194502825,6509,249.66027397260274
CSMomentum_6,-0.9837546716076467,-0.9837546716076467,0.20469733747808178,-4.805898717236532,-7.372370385935294,-0.9998170650932476,0.9839346676043154,0.3660958904109589,0.54455251976554,4.294845922544612,4294.845922544611,-0.14657591633838307,0.0,-0.23384897335332833,-0.05471905925695575,0.19353738178777657,12297,471.6657534246575
Cash,0.0,0.0,0.0,,,,-0.0,0.0,,0.0,0.0,0.0,0.0,0.0,0.0,0.0,0,0.0
