fast,slow,gross_return,net_return,sharpe,sortino,calmar,max_drawdown,turnover,trades,trades_per_14d,median_14d_return,positive_14d_probability,break_even_cost_bps
6,20,0.5304537427031077,0.2135806650009704,0.886087520659086,1.4299946914689794,1.0768593878495472,0.31336038107754527,231.84259972352933,1215,70.0,-0.003562257529157953,0.4746225213752956,22.879908322960066
6,24,0.5096476703771644,0.19675758993686476,0.7743925942234229,1.254340405703889,0.9069672882374843,0.3414608955191336,232.1361832662487,1205,69.4238683127572,-0.008806064405835312,0.4338730216481717,21.95468466855181
6,28,0.47381365798088915,0.17577187571155317,0.6714230688290764,1.0931793165719474,0.7730121778678821,0.3562036299661504,225.82258879891532,1189,68.50205761316872,-0.01424918820005161,0.41713661997453155,20.981676833170948
8,20,0.5152922282151111,0.22205348183326068,0.9761394386622947,1.5864143251851026,1.241796608909263,0.28305378436169604,214.97253126635587,1215,70.0,-0.005074076576105591,0.4637074768055303,23.970142844745702
8,24,0.489493208275795,0.19715754048380618,0.8051265249119419,1.3106607126777767,0.980232851910393,0.31660983157759315,218.39433172061695,1215,70.0,-0.011783098558370009,0.4309623430962343,22.413274393127747
8,28,0.4056362640437883,0.13481517353769545,0.5255546824257322,0.8527592491682371,0.611063309265928,0.34236579547785806,213.94142756055277,1214,69.94238683127571,-0.01567947822360627,0.4067673276332545,18.9601550606172
10,20,0.43620982530200303,0.18437731815586478,0.88588124375101,1.4403228736475937,1.1606897922915675,0.24933109227614236,192.72335180060963,1215,70.0,-0.005705681520957073,0.456976532654175,22.633989146956253
10,24,0.4368147835515108,0.1732451469380707,0.7470297427196891,1.215340875148529,0.9415863270936368,0.2880620039077897,202.59180971460793,1215,70.0,-0.011144871691275648,0.4264144078588321,21.561324920630003
10,28,0.3585086375113318,0.10951821278095086,0.44152093439821266,0.7164736823675513,0.5246696223518648,0.3220049157737298,202.40508316535858,1215,70.0,-0.015016657321909821,0.4018555575768601,17.712432509337795
