timeframe,signal_configuration,execution_type,gross_return,net_10bps,sharpe,sortino,calmar,max_drawdown,turnover,trades,trades_per_14d,positive_14d_probability,median_14d_return,break_even_cost_bps,net_5bps,net_15bps,net_20bps,entry_threshold,exit_threshold,risk_sizing_cadence,status
1h,Trend_8_24,Rebalance24h,0.47993096918765454,0.08183244503198384,0.1924649163874275,0.31615250348343155,0.30697770000101215,0.2665745591022215,313.09225900149477,1807,69.30958904109589,0.5738872403560831,0.010288923637259417,15.328739545277713,0.26537714846967897,-0.07517097355572788,-0.2094592063668539,,,,WATCHLIST
1h,Trend_8_24,Phase1_Buffer2pct,0.3564676762463419,-0.45158580200756737,-1.1103830111628117,-1.8944457676129924,-0.8115512996345637,0.5564476357944513,905.612478035625,19012,729.227397260274,0.44403560830860533,-0.01183010434887155,3.9362054398760082,-0.1374763080320902,-0.6513237155772165,-0.7783273146642776,,,,REJECTED
1h,StateTrend_8_24,StateFixed,-0.31524705899315697,-0.7826629263600425,-1.4618114216179812,-2.3681012303603297,-0.9681072147861126,0.8084465381584405,1147.3333333333335,9693,371.786301369863,0.3741246290801187,-0.03993617908087976,-2.7476501364888755,-0.6141924295394612,-0.8775882618809836,-0.9310652123771809,0.25,0.0,entry_only,REJECTED
1h,StateTrend_8_24,StateFixed,-0.3311576052820151,-0.7287428753066851,-1.3534964910080483,-2.195736429763019,-0.9470117382264024,0.7695183131219693,902.3000000000001,6485,248.73972602739724,0.40795252225519285,-0.032746976210362044,-3.6701496761832546,-0.5740281337390516,-0.8272872232356914,-0.890046055024128,0.5,0.0,entry_only,REJECTED
1h,StateTrend_8_24,StateFixed,0.24802257960919882,-0.3493362284971049,-0.7216717331828193,-1.1736261588754575,-0.7189426871590485,0.48590274960237934,651.25,3857,147.93972602739726,0.4255192878338279,-0.014407865025393707,3.8084081321949914,-0.09882786092224083,-0.5302475751236839,-0.6608866022042637,0.75,0.25,entry_only,REJECTED
1h,Trend_12_36,Rebalance24h,0.26786920368573486,-0.04123947419575791,-0.09737282705226505,-0.15778742730988124,-0.10730800970238201,0.38430937550827093,279.25938622182935,1807,69.30958904109589,0.538753709198813,0.00457834026343984,9.5921289275109,0.10257454792092258,-0.16635536419428154,-0.2751963544823791,,,,REJECTED
1h,Trend_12_36,Phase1_Buffer2pct,0.25801882868600656,-0.30942651824982925,-0.7519809407529559,-1.2785014849304022,-0.6824493087514896,0.453405863676397,599.736517937474,15278,586.0054794520547,0.4637388724035608,-0.00815195800406121,4.302203066995939,-0.0679179839260543,-0.48837183557752617,-0.6209576249216162,,,,REJECTED
1h,StateTrend_12_36,StateFixed,-0.2549533550542178,-0.6570420046908296,-1.2139281389477758,-1.9698526845905484,-0.9469974872488979,0.6938159958582237,775.5333333333334,6833,262.0876712328767,0.38029673590504454,-0.025703035895726534,-3.2874583734318463,-0.49448350631726445,-0.7673515091363046,-0.8421977380681351,0.25,0.0,entry_only,REJECTED
1h,StateTrend_12_36,StateFixed,-0.33915822344658375,-0.6438846113348431,-1.1725476501207002,-1.863589900241824,-0.9409662677687577,0.6842802270283695,617.9666666666667,4723,181.15616438356165,0.3374480712166172,-0.03220365335570441,-5.4882931675913005,-0.5148660671110532,-0.73861254843898,-0.8081580359144278,0.5,0.0,entry_only,REJECTED
1h,StateTrend_12_36,StateFixed,-0.14894055879454693,-0.4574597045762875,-0.9209209936196509,-1.4427557329929672,-0.8386596060513617,0.5454652892251871,450.1333333333333,2751,105.51780821917808,0.4148367952522255,-0.0197405632240355,-3.308809807343312,-0.3204712207512971,-0.5668559872253365,-0.6542128980150673,0.75,0.25,entry_only,REJECTED
1h,Trend_16_48,Rebalance24h,0.24328371230867285,-0.036665425637248394,-0.0867355540111052,-0.14090500265246014,-0.09139422129404672,0.401178817633153,254.95685920474057,1808,69.34794520547945,0.48427299703264093,-0.0018560016079678388,9.542152074963642,0.09442782806292582,-0.15210851751467525,-0.2537635296153531,,,,REJECTED
1h,Trend_16_48,Phase1_Buffer2pct,0.12255359342186889,-0.28721390918804834,-0.694524841247063,-1.1661684080521697,-0.7536713957264873,0.381086387007157,454.15089247170863,12987,498.13150684931503,0.4362017804154303,-0.014169976455192246,2.6985214705815728,-0.10548718975119431,-0.4320304689865496,-0.5474318061474801,,,,REJECTED
1h,StateTrend_16_48,StateFixed,-0.39799232674185403,-0.6674296615588646,-1.2297590809993673,-1.9541089324578584,-0.9386201845568778,0.7110753343472556,593.1000000000001,5387,206.62465753424655,0.3230860534124629,-0.03766342340555018,-6.710374755384487,-0.5525343282357391,-0.7528427386039627,-0.8163337795661024,0.25,0.0,entry_only,REJECTED
1h,StateTrend_16_48,StateFixed,-0.39654593126177184,-0.6214843694606209,-1.122702658942253,-1.7724182326920308,-0.9319569065185973,0.6668595566100021,466.1333333333333,3612,138.54246575342464,0.33281899109792284,-0.03519112704724836,-8.507135253041444,-0.5220562929639765,-0.7002457034735359,-0.7626323503105804,0.5,0.0,entry_only,REJECTED
1h,StateTrend_16_48,StateFixed,-0.04205764295955916,-0.31312361535807576,-0.6272711883178521,-0.9668785473282487,-0.6860339451190666,0.45642583371545953,332.6,2030,77.86301369863013,0.43691394658753707,-0.015422616524844335,-1.2645112134563787,-0.18882005541464175,-0.41840118889153843,-0.5075615325736558,0.75,0.25,entry_only,REJECTED
4h,Trend_3_9,Rebalance24h,0.018149358323922282,-0.22220725899194893,-0.5325347977895558,-0.8695140068323881,-0.5093120728446933,0.43611384322557634,269.00504074884526,1778,68.16613418530352,0.4810246679316888,-0.001873537994378116,0.6746846926510685,-0.11007651505403448,-0.32025643037473794,-0.40598652470213126,,,,REJECTED
4h,Trend_3_9,Phase1_Buffer2pct,-0.08785953878776098,-0.4877893270482109,-1.2130123610752588,-2.064200301137875,-0.9067852548522234,0.5377600679238714,576.8002893868977,7187,275.5399361022364,0.38757115749525617,-0.019288120104555995,-1.5232228624772386,-0.3164491490275382,-0.6162087372093145,-0.7124521102010037,,,,REJECTED
4h,StateTrend_3_9,StateFixed,-0.38360342849707796,-0.6874053263809838,-1.2720692493497514,-2.0786565415308433,-0.960278287724144,0.7156668906565642,678.4666666666666,4569,175.16932907348243,0.36385199240986715,-0.0353395429098457,-5.653976051347323,-0.5610149542518859,-0.7774355970261736,-0.8415573619165136,0.25,0.0,entry_only,REJECTED
4h,StateTrend_3_9,StateFixed,-0.34184983901897226,-0.6238897628354305,-1.163981345067236,-1.8767423981264264,-0.9412280830638393,0.6626681391013045,559.0333333333333,3577,137.1373801916933,0.3192599620493359,-0.032161756413531084,-6.115017095324768,-0.50244323145548,-0.7157224926167647,-0.7851553067726522,0.5,0.0,entry_only,REJECTED
4h,StateTrend_3_9,StateFixed,-0.1153862458602749,-0.42510370202155223,-0.8896695543877381,-1.4700360435077806,-0.8415669573609702,0.5049609302304376,430.73333333333335,2350,90.09584664536742,0.4117647058823529,-0.018837060017707075,-2.6788325149421506,-0.2868404623548836,-0.536593505532698,-0.6264880654615427,0.75,0.25,entry_only,REJECTED
4h,Trend_4_12,Rebalance24h,0.07463719971199678,-0.1549762685766254,-0.37491818198499005,-0.6060469560428811,-0.36350717861675613,0.42615752977578025,240.1949904366302,1777,68.12779552715655,0.43833017077798864,-0.00732692150723202,3.107358716196375,-0.047033331574223736,-0.25073503447586976,-0.33568012928255364,,,,REJECTED
4h,Trend_4_12,Phase1_Buffer2pct,-0.12192785113658466,-0.43010207136628675,-1.0684635335980956,-1.797139041608837,-0.9040648616615868,0.47558069369363254,432.20544099864014,6421,246.17252396166134,0.39990512333965844,-0.02057284596583514,-2.8210623830848136,-0.29258667972662966,-0.5409058849962912,-0.6301827521995481,,,,REJECTED
4h,StateTrend_4_12,StateFixed,-0.39917276099778565,-0.6457421840404505,-1.207154255796612,-1.9593517392399795,-0.9641191611774768,0.6696001718795135,527.8,3891,149.17571884984025,0.3192599620493359,-0.03298337396582396,-7.56295492606642,-0.5386241521693013,-0.7280160149352164,-0.7912019216696013,0.25,0.0,entry_only,REJECTED
4h,StateTrend_4_12,StateFixed,-0.3402600830639534,-0.5682576709653503,-1.0453925494633802,-1.6707823870237313,-0.933757622185614,0.6083935659970043,423.86666666666673,2810,107.73162939297126,0.34772296015180265,-0.02930322614159997,-8.027526338407204,-0.46627887276597224,-0.6507765153022004,-0.7175440008229634,0.5,0.0,entry_only,REJECTED
4h,StateTrend_4_12,StateFixed,-0.133378515734755,-0.3698545560382974,-0.7535119015888904,-1.1695417104080807,-0.8608719346525596,0.4294735479578905,318.4666666666667,1736,66.55591054313099,0.42552182163187857,-0.01602791792782443,-4.18814682022467,-0.2609976794148803,-0.46270298059820936,-0.5418932624604971,0.75,0.25,entry_only,REJECTED
4h,Trend_6_18,Rebalance24h,0.08503476738970983,-0.10628325033096231,-0.2618684526417714,-0.42114906578833017,-0.26167417541521276,0.40599120770884445,193.93964763208942,1774,68.01277955271566,0.48956356736242884,-0.0014516681564692435,4.384599458024379,-0.015240117227337424,-0.18894130542099286,-0.263983601737801,,,,REJECTED
4h,Trend_6_18,Phase1_Buffer2pct,-0.014453272605925993,-0.25271165478481594,-0.6126478966171515,-0.9976114805245531,-0.6748463157756199,0.37432565998308986,276.7776851914291,5235,200.70287539936103,0.43263757115749524,-0.015428169255188917,-0.5221979003086757,-0.1418031011993579,-0.349299679264095,-0.4334146090923199,,,,REJECTED
4h,StateTrend_6_18,StateFixed,-0.4394447413101712,-0.6178416252888579,-1.1460001316692139,-1.83628260616878,-0.9337505926033592,0.6614976348149665,382.9333333333334,3021,115.82108626198084,0.3439278937381404,-0.03784102354173313,-11.475750556498202,-0.5371458764421748,-0.6844878099101841,-0.7395271852987655,0.25,0.0,entry_only,REJECTED
4h,StateTrend_6_18,StateFixed,-0.30119015140192706,-0.4767630992560459,-0.8964762528588626,-1.4387288694958955,-0.8820007186973399,0.5403718872403982,289.1833333333334,1946,74.60702875399362,0.4648956356736243,-0.009475449252212276,-10.415197443441658,-0.3953021153740769,-0.5472705478708938,-0.6082945754123923,0.5,0.0,entry_only,REJECTED
4h,StateTrend_6_18,StateFixed,-0.11049950682776488,-0.27801753380659877,-0.5683724627796904,-0.8766560229607725,-0.5516272193632151,0.5038007060864169,208.71666666666667,1192,45.69968051118211,0.4663187855787476,-0.010381352387634823,-5.294234935451484,-0.19861237194056358,-0.34957348554336365,-0.4140542825209024,0.75,0.25,entry_only,REJECTED
