asset,variable,start,end,expected_hours,actual_hours,coverage_pct,usable_95pct
BTCUSDT,mark,2025-01-01 00:00:00+00:00,2026-08-31 23:00:00+00:00,14592,14592,100.0,True
BTCUSDT,index,2025-01-01 00:00:00+00:00,2026-08-31 23:00:00+00:00,14592,14592,100.0,True
BTCUSDT,taker,2025-01-01 00:00:00+00:00,2026-08-31 23:00:00+00:00,14592,14592,100.0,True
BTCUSDT,funding,2025-01-01 00:00:00+00:00,2026-08-31 23:00:00+00:00,14592,14591,99.99314692982456,True
ETHUSDT,mark,2025-01-01 00:00:00+00:00,2026-08-31 23:00:00+00:00,14592,14592,100.0,True
ETHUSDT,index,2025-01-01 00:00:00+00:00,2026-08-31 23:00:00+00:00,14592,14592,100.0,True
ETHUSDT,taker,2025-01-01 00:00:00+00:00,2026-08-31 23:00:00+00:00,14592,14592,100.0,True
ETHUSDT,funding,2025-01-01 00:00:00+00:00,2026-08-31 23:00:00+00:00,14592,14591,99.99314692982456,True
SOLUSDT,mark,2025-01-01 00:00:00+00:00,2026-08-31 23:00:00+00:00,14592,14592,100.0,True
SOLUSDT,index,2025-01-01 00:00:00+00:00,2026-08-31 23:00:00+00:00,14592,14592,100.0,True
SOLUSDT,taker,2025-01-01 00:00:00+00:00,2026-08-31 23:00:00+00:00,14592,14592,100.0,True
SOLUSDT,funding,2025-01-01 00:00:00+00:00,2026-08-31 23:00:00+00:00,14592,14591,99.99314692982456,True
BNBUSDT,mark,2025-01-01 00:00:00+00:00,2026-08-31 23:00:00+00:00,14592,14592,100.0,True
BNBUSDT,index,2025-01-01 00:00:00+00:00,2026-08-31 23:00:00+00:00,14592,14592,100.0,True
BNBUSDT,taker,2025-01-01 00:00:00+00:00,2026-08-31 23:00:00+00:00,14592,14592,100.0,True
BNBUSDT,funding,2025-01-01 00:00:00+00:00,2026-08-31 23:00:00+00:00,14592,14591,99.99314692982456,True
XRPUSDT,mark,2025-01-01 00:00:00+00:00,2026-08-31 23:00:00+00:00,14592,14592,100.0,True
XRPUSDT,index,2025-01-01 00:00:00+00:00,2026-08-31 23:00:00+00:00,14592,14592,100.0,True
XRPUSDT,taker,2025-01-01 00:00:00+00:00,2026-08-31 23:00:00+00:00,14592,14592,100.0,True
XRPUSDT,funding,2025-01-01 00:00:00+00:00,2026-08-31 23:00:00+00:00,14592,14591,99.99314692982456,True
ADAUSDT,mark,2025-01-01 00:00:00+00:00,2026-08-31 23:00:00+00:00,14592,14592,100.0,True
ADAUSDT,index,2025-01-01 00:00:00+00:00,2026-08-31 23:00:00+00:00,14592,14592,100.0,True
ADAUSDT,taker,2025-01-01 00:00:00+00:00,2026-08-31 23:00:00+00:00,14592,14592,100.0,True
ADAUSDT,funding,2025-01-01 00:00:00+00:00,2026-08-31 23:00:00+00:00,14592,14591,99.99314692982456,True
DOGEUSDT,mark,2025-01-01 00:00:00+00:00,2026-08-31 23:00:00+00:00,14592,14592,100.0,True
DOGEUSDT,index,2025-01-01 00:00:00+00:00,2026-08-31 23:00:00+00:00,14592,14592,100.0,True
DOGEUSDT,taker,2025-01-01 00:00:00+00:00,2026-08-31 23:00:00+00:00,14592,14592,100.0,True
DOGEUSDT,funding,2025-01-01 00:00:00+00:00,2026-08-31 23:00:00+00:00,14592,14591,99.99314692982456,True
AVAXUSDT,mark,2025-01-01 00:00:00+00:00,2026-08-31 23:00:00+00:00,14592,14592,100.0,True
AVAXUSDT,index,2025-01-01 00:00:00+00:00,2026-08-31 23:00:00+00:00,14592,14592,100.0,True
AVAXUSDT,taker,2025-01-01 00:00:00+00:00,2026-08-31 23:00:00+00:00,14592,14592,100.0,True
AVAXUSDT,funding,2025-01-01 00:00:00+00:00,2026-08-31 23:00:00+00:00,14592,14591,99.99314692982456,True
LINKUSDT,mark,2025-01-01 00:00:00+00:00,2026-08-31 23:00:00+00:00,14592,14592,100.0,True
LINKUSDT,index,2025-01-01 00:00:00+00:00,2026-08-31 23:00:00+00:00,14592,14592,100.0,True
LINKUSDT,taker,2025-01-01 00:00:00+00:00,2026-08-31 23:00:00+00:00,14592,14592,100.0,True
LINKUSDT,funding,2025-01-01 00:00:00+00:00,2026-08-31 23:00:00+00:00,14592,14591,99.99314692982456,True
LTCUSDT,mark,2025-01-01 00:00:00+00:00,2026-08-31 23:00:00+00:00,14592,14592,100.0,True
LTCUSDT,index,2025-01-01 00:00:00+00:00,2026-08-31 23:00:00+00:00,14592,14592,100.0,True
LTCUSDT,taker,2025-01-01 00:00:00+00:00,2026-08-31 23:00:00+00:00,14592,14592,100.0,True
LTCUSDT,funding,2025-01-01 00:00:00+00:00,2026-08-31 23:00:00+00:00,14592,14591,99.99314692982456,True
TRXUSDT,mark,2025-01-01 00:00:00+00:00,2026-08-31 23:00:00+00:00,14592,14592,100.0,True
TRXUSDT,index,2025-01-01 00:00:00+00:00,2026-08-31 23:00:00+00:00,14592,14592,100.0,True
TRXUSDT,taker,2025-01-01 00:00:00+00:00,2026-08-31 23:00:00+00:00,14592,14592,100.0,True
TRXUSDT,funding,2025-01-01 00:00:00+00:00,2026-08-31 23:00:00+00:00,14592,14591,99.99314692982456,True
UNIUSDT,mark,2025-01-01 00:00:00+00:00,2026-08-31 23:00:00+00:00,14592,14592,100.0,True
UNIUSDT,index,2025-01-01 00:00:00+00:00,2026-08-31 23:00:00+00:00,14592,14592,100.0,True
UNIUSDT,taker,2025-01-01 00:00:00+00:00,2026-08-31 23:00:00+00:00,14592,14592,100.0,True
UNIUSDT,funding,2025-01-01 00:00:00+00:00,2026-08-31 23:00:00+00:00,14592,14591,99.99314692982456,True
NEARUSDT,mark,2025-01-01 00:00:00+00:00,2026-08-31 23:00:00+00:00,14592,14592,100.0,True
NEARUSDT,index,2025-01-01 00:00:00+00:00,2026-08-31 23:00:00+00:00,14592,14592,100.0,True
NEARUSDT,taker,2025-01-01 00:00:00+00:00,2026-08-31 23:00:00+00:00,14592,14592,100.0,True
NEARUSDT,funding,2025-01-01 00:00:00+00:00,2026-08-31 23:00:00+00:00,14592,14591,99.99314692982456,True
