strategy,cost_bps,gross_return,net_return,fees,turnover,break_even_cost_bps
BASELINE,5,0.15197914038021132,0.0063511803697315905,0.1350928076295131,270.18561525902624,5.624990073380084
BASELINE,10,0.15197914038021132,-0.12094867814821442,0.2701856152590262,270.18561525902624,5.624990073380084
BASELINE,15,0.15197914038021132,-0.23221686827864707,0.4052784228885392,270.18561525902624,5.624990073380084
BASELINE,20,0.15197914038021132,-0.32946337585741825,0.5403712305180524,270.18561525902624,5.624990073380084
FLOW,5,0.24842115168054324,0.1051624406834244,0.12185527772572544,243.7105554514509,10.193286508266596
FLOW,10,0.24842115168054324,-0.021726243606493445,0.24371055545145087,243.7105554514509,10.193286508266596
FLOW,15,0.24842115168054324,-0.1341075805478199,0.3655658331771764,243.7105554514509,10.193286508266596
FLOW,20,0.24842115168054324,-0.23363320256227382,0.48742111090290174,243.7105554514509,10.193286508266596
PREMIUM,5,0.2230350141209898,0.09029883910661662,0.11485061906998942,229.70123813997884,9.709787196927225
PREMIUM,10,0.2230350141209898,-0.028094643892930593,0.22970123813997884,229.70123813997884,9.709787196927225
PREMIUM,15,0.2230350141209898,-0.1336883944025995,0.3445518572099683,229.70123813997884,9.709787196927225
PREMIUM,20,0.2230350141209898,-0.2278601178120554,0.45940247627995767,229.70123813997884,9.709787196927225
FUNDING,5,0.1527010309411747,0.014516336089803072,0.12766318250633912,255.32636501267822,5.980621348429581
FUNDING,10,0.1527010309411747,-0.1071769462839377,0.25532636501267825,255.32636501267822,5.980621348429581
FUNDING,15,0.1527010309411747,-0.21433811880590403,0.38298954751901737,255.32636501267822,5.980621348429581
FUNDING,20,0.1527010309411747,-0.30869475425220205,0.5106527300253565,255.32636501267822,5.980621348429581
FLOW_PREMIUM,5,0.305301788390568,0.1788251459584942,0.10190801841340058,203.81603682680114,14.979281961507644
FLOW_PREMIUM,10,0.305301788390568,0.06455094290120322,0.20381603682680116,203.81603682680114,14.979281961507644
FLOW_PREMIUM,15,0.305301788390568,-0.03869304871293455,0.30572405524020174,203.81603682680114,14.979281961507644
FLOW_PREMIUM,20,0.305301788390568,-0.1319669328048697,0.4076320736536023,203.81603682680114,14.979281961507644
FLOW_FUNDING,5,0.23441116494002734,0.10072525640439256,0.11461137235316124,229.2227447063225,10.226348403617285
FLOW_FUNDING,10,0.23441116494002734,-0.01854444047139092,0.22922274470632248,229.2227447063225,10.226348403617285
FLOW_FUNDING,15,0.23441116494002734,-0.12494584487493987,0.34383411705948375,229.2227447063225,10.226348403617285
FLOW_FUNDING,20,0.23441116494002734,-0.2198613870991285,0.45844548941264496,229.2227447063225,10.226348403617285
PREMIUM_FUNDING,5,0.19727627404364023,0.07172513449059292,0.11075104390903347,221.50208781806694,8.906294111578541
PREMIUM_FUNDING,10,0.19727627404364023,-0.04071860179105535,0.22150208781806693,221.50208781806694,8.906294111578541
PREMIUM_FUNDING,15,0.19727627404364023,-0.14141723816873286,0.33225313172710036,221.50208781806694,8.906294111578541
PREMIUM_FUNDING,20,0.19727627404364023,-0.23159212201752422,0.44300417563613387,221.50208781806694,8.906294111578541
FLOW_PREMIUM_FUNDING,5,0.27686084439302383,0.1572145229883135,0.09838262631046285,196.76525262092568,14.070616671654156
FLOW_PREMIUM_FUNDING,10,0.27686084439302383,0.048730894018849336,0.1967652526209257,196.76525262092568,14.070616671654156
FLOW_PREMIUM_FUNDING,15,0.27686084439302383,-0.04962696055529148,0.29514787893138855,196.76525262092568,14.070616671654156
FLOW_PREMIUM_FUNDING,20,0.27686084439302383,-0.13880005896664072,0.3935305052418514,196.76525262092568,14.070616671654156
