provider,endpoint,symbol,dataset,requested_start,requested_end,returned_rows
Binance USD-M Futures public API,/fapi/v1/markPriceKlines,ADAUSDT,mark,2025-01-01T00:00:00+00:00,2026-08-31T23:59:59.999000+00:00,1500
Binance USD-M Futures public API,/fapi/v1/markPriceKlines,ADAUSDT,mark,2025-03-04T12:00:00+00:00,2026-08-31T23:59:59.999000+00:00,1500
Binance USD-M Futures public API,/fapi/v1/markPriceKlines,ADAUSDT,mark,2025-05-06T00:00:00+00:00,2026-08-31T23:59:59.999000+00:00,1500
Binance USD-M Futures public API,/fapi/v1/markPriceKlines,ADAUSDT,mark,2025-07-07T12:00:00+00:00,2026-08-31T23:59:59.999000+00:00,1500
Binance USD-M Futures public API,/fapi/v1/markPriceKlines,ADAUSDT,mark,2025-09-08T00:00:00+00:00,2026-08-31T23:59:59.999000+00:00,1500
Binance USD-M Futures public API,/fapi/v1/markPriceKlines,ADAUSDT,mark,2025-11-09T12:00:00+00:00,2026-08-31T23:59:59.999000+00:00,1500
Binance USD-M Futures public API,/fapi/v1/markPriceKlines,ADAUSDT,mark,2026-01-11T00:00:00+00:00,2026-08-31T23:59:59.999000+00:00,1500
Binance USD-M Futures public API,/fapi/v1/markPriceKlines,ADAUSDT,mark,2026-03-14T12:00:00+00:00,2026-08-31T23:59:59.999000+00:00,1500
Binance USD-M Futures public API,/fapi/v1/markPriceKlines,ADAUSDT,mark,2026-05-16T00:00:00+00:00,2026-08-31T23:59:59.999000+00:00,1500
Binance USD-M Futures public API,/fapi/v1/markPriceKlines,ADAUSDT,mark,2026-07-17T12:00:00+00:00,2026-08-31T23:59:59.999000+00:00,1092
Binance USD-M Futures public API,/fapi/v1/indexPriceKlines,ADAUSDT,index,2025-01-01T00:00:00+00:00,2026-08-31T23:59:59.999000+00:00,1500
Binance USD-M Futures public API,/fapi/v1/indexPriceKlines,ADAUSDT,index,2025-03-04T12:00:00+00:00,2026-08-31T23:59:59.999000+00:00,1500
Binance USD-M Futures public API,/fapi/v1/indexPriceKlines,ADAUSDT,index,2025-05-06T00:00:00+00:00,2026-08-31T23:59:59.999000+00:00,1500
Binance USD-M Futures public API,/fapi/v1/indexPriceKlines,ADAUSDT,index,2025-07-07T12:00:00+00:00,2026-08-31T23:59:59.999000+00:00,1500
Binance USD-M Futures public API,/fapi/v1/indexPriceKlines,ADAUSDT,index,2025-09-08T00:00:00+00:00,2026-08-31T23:59:59.999000+00:00,1500
Binance USD-M Futures public API,/fapi/v1/indexPriceKlines,ADAUSDT,index,2025-11-09T12:00:00+00:00,2026-08-31T23:59:59.999000+00:00,1500
Binance USD-M Futures public API,/fapi/v1/indexPriceKlines,ADAUSDT,index,2026-01-11T00:00:00+00:00,2026-08-31T23:59:59.999000+00:00,1500
Binance USD-M Futures public API,/fapi/v1/indexPriceKlines,ADAUSDT,index,2026-03-14T12:00:00+00:00,2026-08-31T23:59:59.999000+00:00,1500
Binance USD-M Futures public API,/fapi/v1/indexPriceKlines,ADAUSDT,index,2026-05-16T00:00:00+00:00,2026-08-31T23:59:59.999000+00:00,1500
Binance USD-M Futures public API,/fapi/v1/indexPriceKlines,ADAUSDT,index,2026-07-17T12:00:00+00:00,2026-08-31T23:59:59.999000+00:00,1092
Binance USD-M Futures public API,/fapi/v1/klines,ADAUSDT,taker,2025-01-01T00:00:00+00:00,2026-08-31T23:59:59.999000+00:00,1500
Binance USD-M Futures public API,/fapi/v1/klines,ADAUSDT,taker,2025-03-04T12:00:00+00:00,2026-08-31T23:59:59.999000+00:00,1500
Binance USD-M Futures public API,/fapi/v1/klines,ADAUSDT,taker,2025-05-06T00:00:00+00:00,2026-08-31T23:59:59.999000+00:00,1500
Binance USD-M Futures public API,/fapi/v1/klines,ADAUSDT,taker,2025-07-07T12:00:00+00:00,2026-08-31T23:59:59.999000+00:00,1500
Binance USD-M Futures public API,/fapi/v1/klines,ADAUSDT,taker,2025-09-08T00:00:00+00:00,2026-08-31T23:59:59.999000+00:00,1500
Binance USD-M Futures public API,/fapi/v1/klines,ADAUSDT,taker,2025-11-09T12:00:00+00:00,2026-08-31T23:59:59.999000+00:00,1500
Binance USD-M Futures public API,/fapi/v1/klines,ADAUSDT,taker,2026-01-11T00:00:00+00:00,2026-08-31T23:59:59.999000+00:00,1500
Binance USD-M Futures public API,/fapi/v1/klines,ADAUSDT,taker,2026-03-14T12:00:00+00:00,2026-08-31T23:59:59.999000+00:00,1500
Binance USD-M Futures public API,/fapi/v1/klines,ADAUSDT,taker,2026-05-16T00:00:00+00:00,2026-08-31T23:59:59.999000+00:00,1500
Binance USD-M Futures public API,/fapi/v1/klines,ADAUSDT,taker,2026-07-17T12:00:00+00:00,2026-08-31T23:59:59.999000+00:00,1092
Binance USD-M Futures public API,/fapi/v1/markPriceKlines,DOGEUSDT,mark,2025-01-01T00:00:00+00:00,2026-08-31T23:59:59.999000+00:00,1500
Binance USD-M Futures public API,/fapi/v1/markPriceKlines,DOGEUSDT,mark,2025-03-04T12:00:00+00:00,2026-08-31T23:59:59.999000+00:00,1500
Binance USD-M Futures public API,/fapi/v1/markPriceKlines,DOGEUSDT,mark,2025-05-06T00:00:00+00:00,2026-08-31T23:59:59.999000+00:00,1500
Binance USD-M Futures public API,/fapi/v1/markPriceKlines,DOGEUSDT,mark,2025-07-07T12:00:00+00:00,2026-08-31T23:59:59.999000+00:00,1500
Binance USD-M Futures public API,/fapi/v1/markPriceKlines,DOGEUSDT,mark,2025-09-08T00:00:00+00:00,2026-08-31T23:59:59.999000+00:00,1500
Binance USD-M Futures public API,/fapi/v1/markPriceKlines,DOGEUSDT,mark,2025-11-09T12:00:00+00:00,2026-08-31T23:59:59.999000+00:00,1500
Binance USD-M Futures public API,/fapi/v1/markPriceKlines,DOGEUSDT,mark,2026-01-11T00:00:00+00:00,2026-08-31T23:59:59.999000+00:00,1500
Binance USD-M Futures public API,/fapi/v1/markPriceKlines,DOGEUSDT,mark,2026-03-14T12:00:00+00:00,2026-08-31T23:59:59.999000+00:00,1500
Binance USD-M Futures public API,/fapi/v1/markPriceKlines,DOGEUSDT,mark,2026-05-16T00:00:00+00:00,2026-08-31T23:59:59.999000+00:00,1500
Binance USD-M Futures public API,/fapi/v1/markPriceKlines,DOGEUSDT,mark,2026-07-17T12:00:00+00:00,2026-08-31T23:59:59.999000+00:00,1092
Binance USD-M Futures public API,/fapi/v1/indexPriceKlines,DOGEUSDT,index,2025-01-01T00:00:00+00:00,2026-08-31T23:59:59.999000+00:00,1500
Binance USD-M Futures public API,/fapi/v1/indexPriceKlines,DOGEUSDT,index,2025-03-04T12:00:00+00:00,2026-08-31T23:59:59.999000+00:00,1500
Binance USD-M Futures public API,/fapi/v1/indexPriceKlines,DOGEUSDT,index,2025-05-06T00:00:00+00:00,2026-08-31T23:59:59.999000+00:00,1500
Binance USD-M Futures public API,/fapi/v1/indexPriceKlines,DOGEUSDT,index,2025-07-07T12:00:00+00:00,2026-08-31T23:59:59.999000+00:00,1500
Binance USD-M Futures public API,/fapi/v1/indexPriceKlines,DOGEUSDT,index,2025-09-08T00:00:00+00:00,2026-08-31T23:59:59.999000+00:00,1500
Binance USD-M Futures public API,/fapi/v1/indexPriceKlines,DOGEUSDT,index,2025-11-09T12:00:00+00:00,2026-08-31T23:59:59.999000+00:00,1500
Binance USD-M Futures public API,/fapi/v1/indexPriceKlines,DOGEUSDT,index,2026-01-11T00:00:00+00:00,2026-08-31T23:59:59.999000+00:00,1500
Binance USD-M Futures public API,/fapi/v1/indexPriceKlines,DOGEUSDT,index,2026-03-14T12:00:00+00:00,2026-08-31T23:59:59.999000+00:00,1500
Binance USD-M Futures public API,/fapi/v1/indexPriceKlines,DOGEUSDT,index,2026-05-16T00:00:00+00:00,2026-08-31T23:59:59.999000+00:00,1500
Binance USD-M Futures public API,/fapi/v1/indexPriceKlines,DOGEUSDT,index,2026-07-17T12:00:00+00:00,2026-08-31T23:59:59.999000+00:00,1092
Binance USD-M Futures public API,/fapi/v1/klines,DOGEUSDT,taker,2025-01-01T00:00:00+00:00,2026-08-31T23:59:59.999000+00:00,1500
Binance USD-M Futures public API,/fapi/v1/klines,DOGEUSDT,taker,2025-03-04T12:00:00+00:00,2026-08-31T23:59:59.999000+00:00,1500
Binance USD-M Futures public API,/fapi/v1/klines,DOGEUSDT,taker,2025-05-06T00:00:00+00:00,2026-08-31T23:59:59.999000+00:00,1500
Binance USD-M Futures public API,/fapi/v1/klines,DOGEUSDT,taker,2025-07-07T12:00:00+00:00,2026-08-31T23:59:59.999000+00:00,1500
Binance USD-M Futures public API,/fapi/v1/klines,DOGEUSDT,taker,2025-09-08T00:00:00+00:00,2026-08-31T23:59:59.999000+00:00,1500
Binance USD-M Futures public API,/fapi/v1/klines,DOGEUSDT,taker,2025-11-09T12:00:00+00:00,2026-08-31T23:59:59.999000+00:00,1500
Binance USD-M Futures public API,/fapi/v1/klines,DOGEUSDT,taker,2026-01-11T00:00:00+00:00,2026-08-31T23:59:59.999000+00:00,1500
Binance USD-M Futures public API,/fapi/v1/klines,DOGEUSDT,taker,2026-03-14T12:00:00+00:00,2026-08-31T23:59:59.999000+00:00,1500
Binance USD-M Futures public API,/fapi/v1/klines,DOGEUSDT,taker,2026-05-16T00:00:00+00:00,2026-08-31T23:59:59.999000+00:00,1500
Binance USD-M Futures public API,/fapi/v1/klines,DOGEUSDT,taker,2026-07-17T12:00:00+00:00,2026-08-31T23:59:59.999000+00:00,1092
Binance USD-M Futures public API,/fapi/v1/markPriceKlines,AVAXUSDT,mark,2025-01-01T00:00:00+00:00,2026-08-31T23:59:59.999000+00:00,1500
Binance USD-M Futures public API,/fapi/v1/markPriceKlines,AVAXUSDT,mark,2025-03-04T12:00:00+00:00,2026-08-31T23:59:59.999000+00:00,1500
Binance USD-M Futures public API,/fapi/v1/markPriceKlines,AVAXUSDT,mark,2025-05-06T00:00:00+00:00,2026-08-31T23:59:59.999000+00:00,1500
Binance USD-M Futures public API,/fapi/v1/markPriceKlines,AVAXUSDT,mark,2025-07-07T12:00:00+00:00,2026-08-31T23:59:59.999000+00:00,1500
Binance USD-M Futures public API,/fapi/v1/markPriceKlines,AVAXUSDT,mark,2025-09-08T00:00:00+00:00,2026-08-31T23:59:59.999000+00:00,1500
Binance USD-M Futures public API,/fapi/v1/markPriceKlines,AVAXUSDT,mark,2025-11-09T12:00:00+00:00,2026-08-31T23:59:59.999000+00:00,1500
Binance USD-M Futures public API,/fapi/v1/markPriceKlines,AVAXUSDT,mark,2026-01-11T00:00:00+00:00,2026-08-31T23:59:59.999000+00:00,1500
Binance USD-M Futures public API,/fapi/v1/markPriceKlines,AVAXUSDT,mark,2026-03-14T12:00:00+00:00,2026-08-31T23:59:59.999000+00:00,1500
Binance USD-M Futures public API,/fapi/v1/markPriceKlines,AVAXUSDT,mark,2026-05-16T00:00:00+00:00,2026-08-31T23:59:59.999000+00:00,1500
Binance USD-M Futures public API,/fapi/v1/markPriceKlines,AVAXUSDT,mark,2026-07-17T12:00:00+00:00,2026-08-31T23:59:59.999000+00:00,1092
Binance USD-M Futures public API,/fapi/v1/indexPriceKlines,AVAXUSDT,index,2025-01-01T00:00:00+00:00,2026-08-31T23:59:59.999000+00:00,1500
Binance USD-M Futures public API,/fapi/v1/indexPriceKlines,AVAXUSDT,index,2025-03-04T12:00:00+00:00,2026-08-31T23:59:59.999000+00:00,1500
Binance USD-M Futures public API,/fapi/v1/indexPriceKlines,AVAXUSDT,index,2025-05-06T00:00:00+00:00,2026-08-31T23:59:59.999000+00:00,1500
Binance USD-M Futures public API,/fapi/v1/indexPriceKlines,AVAXUSDT,index,2025-07-07T12:00:00+00:00,2026-08-31T23:59:59.999000+00:00,1500
Binance USD-M Futures public API,/fapi/v1/indexPriceKlines,AVAXUSDT,index,2025-09-08T00:00:00+00:00,2026-08-31T23:59:59.999000+00:00,1500
Binance USD-M Futures public API,/fapi/v1/indexPriceKlines,AVAXUSDT,index,2025-11-09T12:00:00+00:00,2026-08-31T23:59:59.999000+00:00,1500
Binance USD-M Futures public API,/fapi/v1/indexPriceKlines,AVAXUSDT,index,2026-01-11T00:00:00+00:00,2026-08-31T23:59:59.999000+00:00,1500
Binance USD-M Futures public API,/fapi/v1/indexPriceKlines,AVAXUSDT,index,2026-03-14T12:00:00+00:00,2026-08-31T23:59:59.999000+00:00,1500
Binance USD-M Futures public API,/fapi/v1/indexPriceKlines,AVAXUSDT,index,2026-05-16T00:00:00+00:00,2026-08-31T23:59:59.999000+00:00,1500
Binance USD-M Futures public API,/fapi/v1/indexPriceKlines,AVAXUSDT,index,2026-07-17T12:00:00+00:00,2026-08-31T23:59:59.999000+00:00,1092
Binance USD-M Futures public API,/fapi/v1/klines,AVAXUSDT,taker,2025-01-01T00:00:00+00:00,2026-08-31T23:59:59.999000+00:00,1500
Binance USD-M Futures public API,/fapi/v1/klines,AVAXUSDT,taker,2025-03-04T12:00:00+00:00,2026-08-31T23:59:59.999000+00:00,1500
Binance USD-M Futures public API,/fapi/v1/klines,AVAXUSDT,taker,2025-05-06T00:00:00+00:00,2026-08-31T23:59:59.999000+00:00,1500
Binance USD-M Futures public API,/fapi/v1/klines,AVAXUSDT,taker,2025-07-07T12:00:00+00:00,2026-08-31T23:59:59.999000+00:00,1500
Binance USD-M Futures public API,/fapi/v1/klines,AVAXUSDT,taker,2025-09-08T00:00:00+00:00,2026-08-31T23:59:59.999000+00:00,1500
Binance USD-M Futures public API,/fapi/v1/klines,AVAXUSDT,taker,2025-11-09T12:00:00+00:00,2026-08-31T23:59:59.999000+00:00,1500
Binance USD-M Futures public API,/fapi/v1/klines,AVAXUSDT,taker,2026-01-11T00:00:00+00:00,2026-08-31T23:59:59.999000+00:00,1500
Binance USD-M Futures public API,/fapi/v1/klines,AVAXUSDT,taker,2026-03-14T12:00:00+00:00,2026-08-31T23:59:59.999000+00:00,1500
Binance USD-M Futures public API,/fapi/v1/klines,AVAXUSDT,taker,2026-05-16T00:00:00+00:00,2026-08-31T23:59:59.999000+00:00,1500
Binance USD-M Futures public API,/fapi/v1/klines,AVAXUSDT,taker,2026-07-17T12:00:00+00:00,2026-08-31T23:59:59.999000+00:00,1092
Binance USD-M Futures public API,/fapi/v1/markPriceKlines,LINKUSDT,mark,2025-01-01T00:00:00+00:00,2026-08-31T23:59:59.999000+00:00,1500
Binance USD-M Futures public API,/fapi/v1/markPriceKlines,LINKUSDT,mark,2025-03-04T12:00:00+00:00,2026-08-31T23:59:59.999000+00:00,1500
Binance USD-M Futures public API,/fapi/v1/markPriceKlines,LINKUSDT,mark,2025-05-06T00:00:00+00:00,2026-08-31T23:59:59.999000+00:00,1500
Binance USD-M Futures public API,/fapi/v1/markPriceKlines,LINKUSDT,mark,2025-07-07T12:00:00+00:00,2026-08-31T23:59:59.999000+00:00,1500
Binance USD-M Futures public API,/fapi/v1/markPriceKlines,LINKUSDT,mark,2025-09-08T00:00:00+00:00,2026-08-31T23:59:59.999000+00:00,1500
Binance USD-M Futures public API,/fapi/v1/markPriceKlines,LINKUSDT,mark,2025-11-09T12:00:00+00:00,2026-08-31T23:59:59.999000+00:00,1500
Binance USD-M Futures public API,/fapi/v1/markPriceKlines,LINKUSDT,mark,2026-01-11T00:00:00+00:00,2026-08-31T23:59:59.999000+00:00,1500
Binance USD-M Futures public API,/fapi/v1/markPriceKlines,LINKUSDT,mark,2026-03-14T12:00:00+00:00,2026-08-31T23:59:59.999000+00:00,1500
Binance USD-M Futures public API,/fapi/v1/markPriceKlines,LINKUSDT,mark,2026-05-16T00:00:00+00:00,2026-08-31T23:59:59.999000+00:00,1500
Binance USD-M Futures public API,/fapi/v1/markPriceKlines,LINKUSDT,mark,2026-07-17T12:00:00+00:00,2026-08-31T23:59:59.999000+00:00,1092
Binance USD-M Futures public API,/fapi/v1/indexPriceKlines,LINKUSDT,index,2025-01-01T00:00:00+00:00,2026-08-31T23:59:59.999000+00:00,1500
Binance USD-M Futures public API,/fapi/v1/indexPriceKlines,LINKUSDT,index,2025-03-04T12:00:00+00:00,2026-08-31T23:59:59.999000+00:00,1500
Binance USD-M Futures public API,/fapi/v1/indexPriceKlines,LINKUSDT,index,2025-05-06T00:00:00+00:00,2026-08-31T23:59:59.999000+00:00,1500
Binance USD-M Futures public API,/fapi/v1/indexPriceKlines,LINKUSDT,index,2025-07-07T12:00:00+00:00,2026-08-31T23:59:59.999000+00:00,1500
Binance USD-M Futures public API,/fapi/v1/indexPriceKlines,LINKUSDT,index,2025-09-08T00:00:00+00:00,2026-08-31T23:59:59.999000+00:00,1500
Binance USD-M Futures public API,/fapi/v1/indexPriceKlines,LINKUSDT,index,2025-11-09T12:00:00+00:00,2026-08-31T23:59:59.999000+00:00,1500
Binance USD-M Futures public API,/fapi/v1/indexPriceKlines,LINKUSDT,index,2026-01-11T00:00:00+00:00,2026-08-31T23:59:59.999000+00:00,1500
Binance USD-M Futures public API,/fapi/v1/indexPriceKlines,LINKUSDT,index,2026-03-14T12:00:00+00:00,2026-08-31T23:59:59.999000+00:00,1500
Binance USD-M Futures public API,/fapi/v1/indexPriceKlines,LINKUSDT,index,2026-05-16T00:00:00+00:00,2026-08-31T23:59:59.999000+00:00,1500
Binance USD-M Futures public API,/fapi/v1/indexPriceKlines,LINKUSDT,index,2026-07-17T12:00:00+00:00,2026-08-31T23:59:59.999000+00:00,1092
Binance USD-M Futures public API,/fapi/v1/klines,LINKUSDT,taker,2025-01-01T00:00:00+00:00,2026-08-31T23:59:59.999000+00:00,1500
Binance USD-M Futures public API,/fapi/v1/klines,LINKUSDT,taker,2025-03-04T12:00:00+00:00,2026-08-31T23:59:59.999000+00:00,1500
Binance USD-M Futures public API,/fapi/v1/klines,LINKUSDT,taker,2025-05-06T00:00:00+00:00,2026-08-31T23:59:59.999000+00:00,1500
Binance USD-M Futures public API,/fapi/v1/klines,LINKUSDT,taker,2025-07-07T12:00:00+00:00,2026-08-31T23:59:59.999000+00:00,1500
Binance USD-M Futures public API,/fapi/v1/klines,LINKUSDT,taker,2025-09-08T00:00:00+00:00,2026-08-31T23:59:59.999000+00:00,1500
Binance USD-M Futures public API,/fapi/v1/klines,LINKUSDT,taker,2025-11-09T12:00:00+00:00,2026-08-31T23:59:59.999000+00:00,1500
Binance USD-M Futures public API,/fapi/v1/klines,LINKUSDT,taker,2026-01-11T00:00:00+00:00,2026-08-31T23:59:59.999000+00:00,1500
Binance USD-M Futures public API,/fapi/v1/klines,LINKUSDT,taker,2026-03-14T12:00:00+00:00,2026-08-31T23:59:59.999000+00:00,1500
Binance USD-M Futures public API,/fapi/v1/klines,LINKUSDT,taker,2026-05-16T00:00:00+00:00,2026-08-31T23:59:59.999000+00:00,1500
Binance USD-M Futures public API,/fapi/v1/klines,LINKUSDT,taker,2026-07-17T12:00:00+00:00,2026-08-31T23:59:59.999000+00:00,1092
Binance USD-M Futures public API,/fapi/v1/markPriceKlines,LTCUSDT,mark,2025-01-01T00:00:00+00:00,2026-08-31T23:59:59.999000+00:00,1500
Binance USD-M Futures public API,/fapi/v1/markPriceKlines,LTCUSDT,mark,2025-03-04T12:00:00+00:00,2026-08-31T23:59:59.999000+00:00,1500
Binance USD-M Futures public API,/fapi/v1/markPriceKlines,LTCUSDT,mark,2025-05-06T00:00:00+00:00,2026-08-31T23:59:59.999000+00:00,1500
Binance USD-M Futures public API,/fapi/v1/markPriceKlines,LTCUSDT,mark,2025-07-07T12:00:00+00:00,2026-08-31T23:59:59.999000+00:00,1500
Binance USD-M Futures public API,/fapi/v1/markPriceKlines,LTCUSDT,mark,2025-09-08T00:00:00+00:00,2026-08-31T23:59:59.999000+00:00,1500
Binance USD-M Futures public API,/fapi/v1/markPriceKlines,LTCUSDT,mark,2025-11-09T12:00:00+00:00,2026-08-31T23:59:59.999000+00:00,1500
Binance USD-M Futures public API,/fapi/v1/markPriceKlines,LTCUSDT,mark,2026-01-11T00:00:00+00:00,2026-08-31T23:59:59.999000+00:00,1500
Binance USD-M Futures public API,/fapi/v1/markPriceKlines,LTCUSDT,mark,2026-03-14T12:00:00+00:00,2026-08-31T23:59:59.999000+00:00,1500
Binance USD-M Futures public API,/fapi/v1/markPriceKlines,LTCUSDT,mark,2026-05-16T00:00:00+00:00,2026-08-31T23:59:59.999000+00:00,1500
Binance USD-M Futures public API,/fapi/v1/markPriceKlines,LTCUSDT,mark,2026-07-17T12:00:00+00:00,2026-08-31T23:59:59.999000+00:00,1092
Binance USD-M Futures public API,/fapi/v1/indexPriceKlines,LTCUSDT,index,2025-01-01T00:00:00+00:00,2026-08-31T23:59:59.999000+00:00,1500
Binance USD-M Futures public API,/fapi/v1/indexPriceKlines,LTCUSDT,index,2025-03-04T12:00:00+00:00,2026-08-31T23:59:59.999000+00:00,1500
Binance USD-M Futures public API,/fapi/v1/indexPriceKlines,LTCUSDT,index,2025-05-06T00:00:00+00:00,2026-08-31T23:59:59.999000+00:00,1500
Binance USD-M Futures public API,/fapi/v1/indexPriceKlines,LTCUSDT,index,2025-07-07T12:00:00+00:00,2026-08-31T23:59:59.999000+00:00,1500
Binance USD-M Futures public API,/fapi/v1/indexPriceKlines,LTCUSDT,index,2025-09-08T00:00:00+00:00,2026-08-31T23:59:59.999000+00:00,1500
Binance USD-M Futures public API,/fapi/v1/indexPriceKlines,LTCUSDT,index,2025-11-09T12:00:00+00:00,2026-08-31T23:59:59.999000+00:00,1500
Binance USD-M Futures public API,/fapi/v1/indexPriceKlines,LTCUSDT,index,2026-01-11T00:00:00+00:00,2026-08-31T23:59:59.999000+00:00,1500
Binance USD-M Futures public API,/fapi/v1/indexPriceKlines,LTCUSDT,index,2026-03-14T12:00:00+00:00,2026-08-31T23:59:59.999000+00:00,1500
Binance USD-M Futures public API,/fapi/v1/indexPriceKlines,LTCUSDT,index,2026-05-16T00:00:00+00:00,2026-08-31T23:59:59.999000+00:00,1500
Binance USD-M Futures public API,/fapi/v1/indexPriceKlines,LTCUSDT,index,2026-07-17T12:00:00+00:00,2026-08-31T23:59:59.999000+00:00,1092
Binance USD-M Futures public API,/fapi/v1/klines,LTCUSDT,taker,2025-01-01T00:00:00+00:00,2026-08-31T23:59:59.999000+00:00,1500
Binance USD-M Futures public API,/fapi/v1/klines,LTCUSDT,taker,2025-03-04T12:00:00+00:00,2026-08-31T23:59:59.999000+00:00,1500
Binance USD-M Futures public API,/fapi/v1/klines,LTCUSDT,taker,2025-05-06T00:00:00+00:00,2026-08-31T23:59:59.999000+00:00,1500
Binance USD-M Futures public API,/fapi/v1/klines,LTCUSDT,taker,2025-07-07T12:00:00+00:00,2026-08-31T23:59:59.999000+00:00,1500
Binance USD-M Futures public API,/fapi/v1/klines,LTCUSDT,taker,2025-09-08T00:00:00+00:00,2026-08-31T23:59:59.999000+00:00,1500
Binance USD-M Futures public API,/fapi/v1/klines,LTCUSDT,taker,2025-11-09T12:00:00+00:00,2026-08-31T23:59:59.999000+00:00,1500
Binance USD-M Futures public API,/fapi/v1/klines,LTCUSDT,taker,2026-01-11T00:00:00+00:00,2026-08-31T23:59:59.999000+00:00,1500
Binance USD-M Futures public API,/fapi/v1/klines,LTCUSDT,taker,2026-03-14T12:00:00+00:00,2026-08-31T23:59:59.999000+00:00,1500
Binance USD-M Futures public API,/fapi/v1/klines,LTCUSDT,taker,2026-05-16T00:00:00+00:00,2026-08-31T23:59:59.999000+00:00,1500
Binance USD-M Futures public API,/fapi/v1/klines,LTCUSDT,taker,2026-07-17T12:00:00+00:00,2026-08-31T23:59:59.999000+00:00,1092
Binance USD-M Futures public API,/fapi/v1/markPriceKlines,TRXUSDT,mark,2025-01-01T00:00:00+00:00,2026-08-31T23:59:59.999000+00:00,1500
Binance USD-M Futures public API,/fapi/v1/markPriceKlines,TRXUSDT,mark,2025-03-04T12:00:00+00:00,2026-08-31T23:59:59.999000+00:00,1500
Binance USD-M Futures public API,/fapi/v1/markPriceKlines,TRXUSDT,mark,2025-05-06T00:00:00+00:00,2026-08-31T23:59:59.999000+00:00,1500
Binance USD-M Futures public API,/fapi/v1/markPriceKlines,TRXUSDT,mark,2025-07-07T12:00:00+00:00,2026-08-31T23:59:59.999000+00:00,1500
Binance USD-M Futures public API,/fapi/v1/markPriceKlines,TRXUSDT,mark,2025-09-08T00:00:00+00:00,2026-08-31T23:59:59.999000+00:00,1500
Binance USD-M Futures public API,/fapi/v1/markPriceKlines,TRXUSDT,mark,2025-11-09T12:00:00+00:00,2026-08-31T23:59:59.999000+00:00,1500
Binance USD-M Futures public API,/fapi/v1/markPriceKlines,TRXUSDT,mark,2026-01-11T00:00:00+00:00,2026-08-31T23:59:59.999000+00:00,1500
Binance USD-M Futures public API,/fapi/v1/markPriceKlines,TRXUSDT,mark,2026-03-14T12:00:00+00:00,2026-08-31T23:59:59.999000+00:00,1500
Binance USD-M Futures public API,/fapi/v1/markPriceKlines,TRXUSDT,mark,2026-05-16T00:00:00+00:00,2026-08-31T23:59:59.999000+00:00,1500
Binance USD-M Futures public API,/fapi/v1/markPriceKlines,TRXUSDT,mark,2026-07-17T12:00:00+00:00,2026-08-31T23:59:59.999000+00:00,1092
Binance USD-M Futures public API,/fapi/v1/indexPriceKlines,TRXUSDT,index,2025-01-01T00:00:00+00:00,2026-08-31T23:59:59.999000+00:00,1500
Binance USD-M Futures public API,/fapi/v1/indexPriceKlines,TRXUSDT,index,2025-03-04T12:00:00+00:00,2026-08-31T23:59:59.999000+00:00,1500
Binance USD-M Futures public API,/fapi/v1/indexPriceKlines,TRXUSDT,index,2025-05-06T00:00:00+00:00,2026-08-31T23:59:59.999000+00:00,1500
Binance USD-M Futures public API,/fapi/v1/indexPriceKlines,TRXUSDT,index,2025-07-07T12:00:00+00:00,2026-08-31T23:59:59.999000+00:00,1500
Binance USD-M Futures public API,/fapi/v1/indexPriceKlines,TRXUSDT,index,2025-09-08T00:00:00+00:00,2026-08-31T23:59:59.999000+00:00,1500
Binance USD-M Futures public API,/fapi/v1/indexPriceKlines,TRXUSDT,index,2025-11-09T12:00:00+00:00,2026-08-31T23:59:59.999000+00:00,1500
Binance USD-M Futures public API,/fapi/v1/indexPriceKlines,TRXUSDT,index,2026-01-11T00:00:00+00:00,2026-08-31T23:59:59.999000+00:00,1500
Binance USD-M Futures public API,/fapi/v1/indexPriceKlines,TRXUSDT,index,2026-03-14T12:00:00+00:00,2026-08-31T23:59:59.999000+00:00,1500
Binance USD-M Futures public API,/fapi/v1/indexPriceKlines,TRXUSDT,index,2026-05-16T00:00:00+00:00,2026-08-31T23:59:59.999000+00:00,1500
Binance USD-M Futures public API,/fapi/v1/indexPriceKlines,TRXUSDT,index,2026-07-17T12:00:00+00:00,2026-08-31T23:59:59.999000+00:00,1092
Binance USD-M Futures public API,/fapi/v1/klines,TRXUSDT,taker,2025-01-01T00:00:00+00:00,2026-08-31T23:59:59.999000+00:00,1500
Binance USD-M Futures public API,/fapi/v1/klines,TRXUSDT,taker,2025-03-04T12:00:00+00:00,2026-08-31T23:59:59.999000+00:00,1500
Binance USD-M Futures public API,/fapi/v1/klines,TRXUSDT,taker,2025-05-06T00:00:00+00:00,2026-08-31T23:59:59.999000+00:00,1500
Binance USD-M Futures public API,/fapi/v1/klines,TRXUSDT,taker,2025-07-07T12:00:00+00:00,2026-08-31T23:59:59.999000+00:00,1500
Binance USD-M Futures public API,/fapi/v1/klines,TRXUSDT,taker,2025-09-08T00:00:00+00:00,2026-08-31T23:59:59.999000+00:00,1500
Binance USD-M Futures public API,/fapi/v1/klines,TRXUSDT,taker,2025-11-09T12:00:00+00:00,2026-08-31T23:59:59.999000+00:00,1500
Binance USD-M Futures public API,/fapi/v1/klines,TRXUSDT,taker,2026-01-11T00:00:00+00:00,2026-08-31T23:59:59.999000+00:00,1500
Binance USD-M Futures public API,/fapi/v1/klines,TRXUSDT,taker,2026-03-14T12:00:00+00:00,2026-08-31T23:59:59.999000+00:00,1500
Binance USD-M Futures public API,/fapi/v1/klines,TRXUSDT,taker,2026-05-16T00:00:00+00:00,2026-08-31T23:59:59.999000+00:00,1500
Binance USD-M Futures public API,/fapi/v1/klines,TRXUSDT,taker,2026-07-17T12:00:00+00:00,2026-08-31T23:59:59.999000+00:00,1092
Binance USD-M Futures public API,/fapi/v1/markPriceKlines,UNIUSDT,mark,2025-01-01T00:00:00+00:00,2026-08-31T23:59:59.999000+00:00,1500
Binance USD-M Futures public API,/fapi/v1/markPriceKlines,UNIUSDT,mark,2025-03-04T12:00:00+00:00,2026-08-31T23:59:59.999000+00:00,1500
Binance USD-M Futures public API,/fapi/v1/markPriceKlines,UNIUSDT,mark,2025-05-06T00:00:00+00:00,2026-08-31T23:59:59.999000+00:00,1500
Binance USD-M Futures public API,/fapi/v1/markPriceKlines,UNIUSDT,mark,2025-07-07T12:00:00+00:00,2026-08-31T23:59:59.999000+00:00,1500
Binance USD-M Futures public API,/fapi/v1/markPriceKlines,UNIUSDT,mark,2025-09-08T00:00:00+00:00,2026-08-31T23:59:59.999000+00:00,1500
Binance USD-M Futures public API,/fapi/v1/markPriceKlines,UNIUSDT,mark,2025-11-09T12:00:00+00:00,2026-08-31T23:59:59.999000+00:00,1500
Binance USD-M Futures public API,/fapi/v1/markPriceKlines,UNIUSDT,mark,2026-01-11T00:00:00+00:00,2026-08-31T23:59:59.999000+00:00,1500
Binance USD-M Futures public API,/fapi/v1/markPriceKlines,UNIUSDT,mark,2026-03-14T12:00:00+00:00,2026-08-31T23:59:59.999000+00:00,1500
Binance USD-M Futures public API,/fapi/v1/markPriceKlines,UNIUSDT,mark,2026-05-16T00:00:00+00:00,2026-08-31T23:59:59.999000+00:00,1500
Binance USD-M Futures public API,/fapi/v1/markPriceKlines,UNIUSDT,mark,2026-07-17T12:00:00+00:00,2026-08-31T23:59:59.999000+00:00,1092
Binance USD-M Futures public API,/fapi/v1/indexPriceKlines,UNIUSDT,index,2025-01-01T00:00:00+00:00,2026-08-31T23:59:59.999000+00:00,1500
Binance USD-M Futures public API,/fapi/v1/indexPriceKlines,UNIUSDT,index,2025-03-04T12:00:00+00:00,2026-08-31T23:59:59.999000+00:00,1500
Binance USD-M Futures public API,/fapi/v1/indexPriceKlines,UNIUSDT,index,2025-05-06T00:00:00+00:00,2026-08-31T23:59:59.999000+00:00,1500
Binance USD-M Futures public API,/fapi/v1/indexPriceKlines,UNIUSDT,index,2025-07-07T12:00:00+00:00,2026-08-31T23:59:59.999000+00:00,1500
Binance USD-M Futures public API,/fapi/v1/indexPriceKlines,UNIUSDT,index,2025-09-08T00:00:00+00:00,2026-08-31T23:59:59.999000+00:00,1500
Binance USD-M Futures public API,/fapi/v1/indexPriceKlines,UNIUSDT,index,2025-11-09T12:00:00+00:00,2026-08-31T23:59:59.999000+00:00,1500
Binance USD-M Futures public API,/fapi/v1/indexPriceKlines,UNIUSDT,index,2026-01-11T00:00:00+00:00,2026-08-31T23:59:59.999000+00:00,1500
Binance USD-M Futures public API,/fapi/v1/indexPriceKlines,UNIUSDT,index,2026-03-14T12:00:00+00:00,2026-08-31T23:59:59.999000+00:00,1500
Binance USD-M Futures public API,/fapi/v1/indexPriceKlines,UNIUSDT,index,2026-05-16T00:00:00+00:00,2026-08-31T23:59:59.999000+00:00,1500
Binance USD-M Futures public API,/fapi/v1/indexPriceKlines,UNIUSDT,index,2026-07-17T12:00:00+00:00,2026-08-31T23:59:59.999000+00:00,1092
Binance USD-M Futures public API,/fapi/v1/klines,UNIUSDT,taker,2025-01-01T00:00:00+00:00,2026-08-31T23:59:59.999000+00:00,1500
Binance USD-M Futures public API,/fapi/v1/klines,UNIUSDT,taker,2025-03-04T12:00:00+00:00,2026-08-31T23:59:59.999000+00:00,1500
Binance USD-M Futures public API,/fapi/v1/klines,UNIUSDT,taker,2025-05-06T00:00:00+00:00,2026-08-31T23:59:59.999000+00:00,1500
Binance USD-M Futures public API,/fapi/v1/klines,UNIUSDT,taker,2025-07-07T12:00:00+00:00,2026-08-31T23:59:59.999000+00:00,1500
Binance USD-M Futures public API,/fapi/v1/klines,UNIUSDT,taker,2025-09-08T00:00:00+00:00,2026-08-31T23:59:59.999000+00:00,1500
Binance USD-M Futures public API,/fapi/v1/klines,UNIUSDT,taker,2025-11-09T12:00:00+00:00,2026-08-31T23:59:59.999000+00:00,1500
Binance USD-M Futures public API,/fapi/v1/klines,UNIUSDT,taker,2026-01-11T00:00:00+00:00,2026-08-31T23:59:59.999000+00:00,1500
Binance USD-M Futures public API,/fapi/v1/klines,UNIUSDT,taker,2026-03-14T12:00:00+00:00,2026-08-31T23:59:59.999000+00:00,1500
Binance USD-M Futures public API,/fapi/v1/klines,UNIUSDT,taker,2026-05-16T00:00:00+00:00,2026-08-31T23:59:59.999000+00:00,1500
Binance USD-M Futures public API,/fapi/v1/klines,UNIUSDT,taker,2026-07-17T12:00:00+00:00,2026-08-31T23:59:59.999000+00:00,1092
Binance USD-M Futures public API,/fapi/v1/markPriceKlines,NEARUSDT,mark,2025-01-01T00:00:00+00:00,2026-08-31T23:59:59.999000+00:00,1500
Binance USD-M Futures public API,/fapi/v1/markPriceKlines,NEARUSDT,mark,2025-03-04T12:00:00+00:00,2026-08-31T23:59:59.999000+00:00,1500
Binance USD-M Futures public API,/fapi/v1/markPriceKlines,NEARUSDT,mark,2025-05-06T00:00:00+00:00,2026-08-31T23:59:59.999000+00:00,1500
Binance USD-M Futures public API,/fapi/v1/markPriceKlines,NEARUSDT,mark,2025-07-07T12:00:00+00:00,2026-08-31T23:59:59.999000+00:00,1500
Binance USD-M Futures public API,/fapi/v1/markPriceKlines,NEARUSDT,mark,2025-09-08T00:00:00+00:00,2026-08-31T23:59:59.999000+00:00,1500
Binance USD-M Futures public API,/fapi/v1/markPriceKlines,NEARUSDT,mark,2025-11-09T12:00:00+00:00,2026-08-31T23:59:59.999000+00:00,1500
Binance USD-M Futures public API,/fapi/v1/markPriceKlines,NEARUSDT,mark,2026-01-11T00:00:00+00:00,2026-08-31T23:59:59.999000+00:00,1500
Binance USD-M Futures public API,/fapi/v1/markPriceKlines,NEARUSDT,mark,2026-03-14T12:00:00+00:00,2026-08-31T23:59:59.999000+00:00,1500
Binance USD-M Futures public API,/fapi/v1/markPriceKlines,NEARUSDT,mark,2026-05-16T00:00:00+00:00,2026-08-31T23:59:59.999000+00:00,1500
Binance USD-M Futures public API,/fapi/v1/markPriceKlines,NEARUSDT,mark,2026-07-17T12:00:00+00:00,2026-08-31T23:59:59.999000+00:00,1092
Binance USD-M Futures public API,/fapi/v1/indexPriceKlines,NEARUSDT,index,2025-01-01T00:00:00+00:00,2026-08-31T23:59:59.999000+00:00,1500
Binance USD-M Futures public API,/fapi/v1/indexPriceKlines,NEARUSDT,index,2025-03-04T12:00:00+00:00,2026-08-31T23:59:59.999000+00:00,1500
Binance USD-M Futures public API,/fapi/v1/indexPriceKlines,NEARUSDT,index,2025-05-06T00:00:00+00:00,2026-08-31T23:59:59.999000+00:00,1500
Binance USD-M Futures public API,/fapi/v1/indexPriceKlines,NEARUSDT,index,2025-07-07T12:00:00+00:00,2026-08-31T23:59:59.999000+00:00,1500
Binance USD-M Futures public API,/fapi/v1/indexPriceKlines,NEARUSDT,index,2025-09-08T00:00:00+00:00,2026-08-31T23:59:59.999000+00:00,1500
Binance USD-M Futures public API,/fapi/v1/indexPriceKlines,NEARUSDT,index,2025-11-09T12:00:00+00:00,2026-08-31T23:59:59.999000+00:00,1500
Binance USD-M Futures public API,/fapi/v1/indexPriceKlines,NEARUSDT,index,2026-01-11T00:00:00+00:00,2026-08-31T23:59:59.999000+00:00,1500
Binance USD-M Futures public API,/fapi/v1/indexPriceKlines,NEARUSDT,index,2026-03-14T12:00:00+00:00,2026-08-31T23:59:59.999000+00:00,1500
Binance USD-M Futures public API,/fapi/v1/indexPriceKlines,NEARUSDT,index,2026-05-16T00:00:00+00:00,2026-08-31T23:59:59.999000+00:00,1500
Binance USD-M Futures public API,/fapi/v1/indexPriceKlines,NEARUSDT,index,2026-07-17T12:00:00+00:00,2026-08-31T23:59:59.999000+00:00,1092
Binance USD-M Futures public API,/fapi/v1/klines,NEARUSDT,taker,2025-01-01T00:00:00+00:00,2026-08-31T23:59:59.999000+00:00,1500
Binance USD-M Futures public API,/fapi/v1/klines,NEARUSDT,taker,2025-03-04T12:00:00+00:00,2026-08-31T23:59:59.999000+00:00,1500
Binance USD-M Futures public API,/fapi/v1/klines,NEARUSDT,taker,2025-05-06T00:00:00+00:00,2026-08-31T23:59:59.999000+00:00,1500
Binance USD-M Futures public API,/fapi/v1/klines,NEARUSDT,taker,2025-07-07T12:00:00+00:00,2026-08-31T23:59:59.999000+00:00,1500
Binance USD-M Futures public API,/fapi/v1/klines,NEARUSDT,taker,2025-09-08T00:00:00+00:00,2026-08-31T23:59:59.999000+00:00,1500
Binance USD-M Futures public API,/fapi/v1/klines,NEARUSDT,taker,2025-11-09T12:00:00+00:00,2026-08-31T23:59:59.999000+00:00,1500
Binance USD-M Futures public API,/fapi/v1/klines,NEARUSDT,taker,2026-01-11T00:00:00+00:00,2026-08-31T23:59:59.999000+00:00,1500
Binance USD-M Futures public API,/fapi/v1/klines,NEARUSDT,taker,2026-03-14T12:00:00+00:00,2026-08-31T23:59:59.999000+00:00,1500
Binance USD-M Futures public API,/fapi/v1/klines,NEARUSDT,taker,2026-05-16T00:00:00+00:00,2026-08-31T23:59:59.999000+00:00,1500
Binance USD-M Futures public API,/fapi/v1/klines,NEARUSDT,taker,2026-07-17T12:00:00+00:00,2026-08-31T23:59:59.999000+00:00,1092
