excluded_asset,candidate_net_ex_asset,baseline_net_ex_asset,incremental_ex_asset,candidate_return_loss_from_exclusion
BTCUSDT,-0.03559403483577228,-0.14059210189249916,0.12217489190865338,0.013867791229278836
ETHUSDT,-0.020034801234911415,-0.11301166043762156,0.1048230907393699,-0.0016914423715820304
SOLUSDT,-0.029083303958506335,-0.12416226606338587,0.1085577366911672,0.00735706035201289
BNBUSDT,-0.031863502698794566,-0.13209876470239013,0.11549155356280161,0.01013725909230112
XRPUSDT,-0.07321748146203855,-0.1426849597866563,0.08102911423008585,0.0514912378555451
ADAUSDT,-0.05495130693483985,-0.13106220095028875,0.08759072755113806,0.033225063328346405
DOGEUSDT,0.004231021392188561,-0.09613617582563205,0.11104238772859487,-0.025957264998682006
AVAXUSDT,0.050826498836852085,-0.039876693203986346,0.0944703575038921,-0.07255274244334553
LINKUSDT,-0.021456898311546957,-0.09497873130422085,0.08123768527409947,-0.00026934529494648807
LTCUSDT,0.010680755521453866,-0.08910992373855309,0.10955293274197953,-0.03240699912794731
TRXUSDT,-0.0069794251858372736,-0.09947941511401648,0.10271835145211128,-0.014746818420656171
UNIUSDT,-0.03251149042961754,-0.11882948202205368,0.09795832909901825,0.010785246823124095
NEARUSDT,0.020112794911339993,-0.08788418455179281,0.11840270460617308,-0.04183903851783344
