strategy,cost_bps_per_side,gross_return,net_return,turnover,fees,break_even_cost_bps
FROZEN_TREND824,5,0.489493208275795,0.335395748523863,218.39433172061695,0.10919716586030848,22.413274393127747
FROZEN_TREND824,10,0.489493208275795,0.19715754048380618,218.39433172061695,0.21839433172061695,22.413274393127747
FROZEN_TREND824,15,0.489493208275795,0.0731549432387315,218.39433172061695,0.32759149758092543,22.413274393127747
FROZEN_TREND824,20,0.489493208275795,-0.0380703330202119,218.39433172061695,0.4367886634412339,22.413274393127747
MOMENTUM_24H,5,0.14504128669418637,-0.04267954879781377,358.0,0.179,4.051432589223083
MOMENTUM_24H,10,0.14504128669418637,-0.19973736662280717,358.0,0.358,4.051432589223083
MOMENTUM_24H,15,0.14504128669418637,-0.3311224001828328,358.0,0.537,4.051432589223083
MOMENTUM_24H,20,0.14504128669418637,-0.4410157445390923,358.0,0.716,4.051432589223083
RIDGE_RANKING,5,-0.03206874943346316,-0.11053069582226793,168.99999999999997,0.08449999999999999,-1.8975591380747436
RIDGE_RANKING,10,-0.03206874943346316,-0.18267421176379162,168.99999999999997,0.16899999999999998,-1.8975591380747436
RIDGE_RANKING,15,-0.03206874943346316,-0.24900474426767516,168.99999999999997,0.25349999999999995,-1.8975591380747436
RIDGE_RANKING,20,-0.03206874943346316,-0.30998757617358574,168.99999999999997,0.33799999999999997,-1.8975591380747436
TREE_RANKING,5,0.37736965534671185,0.22401769378175462,235.99999999999997,0.118,15.99023963333525
TREE_RANKING,10,0.37736965534671185,0.08765910189903536,235.99999999999997,0.236,15.99023963333525
TREE_RANKING,15,0.37736965534671185,-0.033580296456778735,235.99999999999997,0.354,15.99023963333525
TREE_RANKING,20,0.37736965534671185,-0.14136895990103482,235.99999999999997,0.472,15.99023963333525
ML_FILTERED_TREND824,5,0.12364480239696007,0.07706350139463969,84.66382837009857,0.04233191418504929,14.604206398092522
ML_FILTERED_TREND824,10,0.12364480239696007,0.032403477313444506,84.66382837009857,0.08466382837009857,14.604206398092522
ML_FILTERED_TREND824,15,0.12364480239696007,-0.010414111583530006,84.66382837009857,0.12699574255514784,14.604206398092522
ML_FILTERED_TREND824,20,0.12364480239696007,-0.05146488817177808,84.66382837009857,0.16932765674019715,14.604206398092522
