model,feature,importance
ridge,return_1h,0.0012987816018339628
ridge,return_4h,0.007079548342972813
ridge,return_12h,0.0033937524465802796
ridge,return_24h,0.027822026100456948
ridge,return_48h,0.0007115688991893944
ridge,return_72h,0.0012935338569179434
ridge,ema_gap_price,0.0032360945604141744
ridge,ema_gap_vol,0.0004137726558187792
ridge,trend_direction,0.0007474310792060466
ridge,trend_age,3.809987910803603e-05
ridge,dist_24h_high,0.0003013645102166105
ridge,dist_24h_low,0.0004288545123129037
ridge,dist_72h_high,0.0007869503233630536
ridge,dist_72h_low,0.0012068368925639153
ridge,ma_24h_distance,0.0018437400744555944
ridge,ma_72h_distance,0.0023795608928721445
ridge,return_4h_minus_24h,0.012366183983784187
ridge,zscore_24h,0.0008591388496259727
ridge,vol_12h,0.002768501527997348
ridge,vol_24h,0.0035061303335164854
ridge,vol_48h,0.00012206071622726298
ridge,vol_168h,0.0018300264051291535
ridge,vol_ratio,0.002091242066952019
ridge,atr_range,2.012415085748601e-05
ridge,volume_change,3.720407802337615e-05
ridge,volume_24h_7d,0.0004986436703551954
ridge,volume_zscore,5.7795385824359554e-05
ridge,dollar_volume,5.985660265379344e-05
ridge,volume_cs_rank,0.0003878804508949873
ridge,cs_rank_return_1h,0.00065013364414635
ridge,cs_rank_return_4h,0.0006249558671821538
ridge,cs_rank_return_12h,0.00022569768831302048
ridge,cs_rank_return_24h,0.00026717267095987017
ridge,cs_rank_return_48h,0.00035134340487403697
ridge,cs_rank_vol_24h,0.0006922910297865988
ridge,cs_rank_volume_accel,0.0001987693032967825
ridge,cs_rank_trend_strength,0.0007144801830496874
ridge,return_minus_market,0.009253909989762053
ridge,return_minus_btc,0.0007412468081974916
ridge,market_return_4h,0.0016893431969691355
ridge,market_return_12h,0.00409210080181369
ridge,market_return_24h,0.0031481793809611056
ridge,market_vol_24h,0.002153794191460154
ridge,market_dispersion,0.0013076105977075838
ridge,btc_trend,0.00010551188001179563
tree,return_1h,0.0
tree,return_4h,0.0
tree,return_12h,0.0
tree,return_24h,0.0
tree,return_48h,0.0
tree,return_72h,0.0
tree,ema_gap_price,0.0
tree,ema_gap_vol,0.28
tree,trend_direction,0.0
tree,trend_age,0.0
tree,dist_24h_high,0.0
tree,dist_24h_low,0.0
tree,dist_72h_high,0.0
tree,dist_72h_low,0.0
tree,ma_24h_distance,0.0
tree,ma_72h_distance,0.0
tree,return_4h_minus_24h,0.0
tree,zscore_24h,0.06
tree,vol_12h,0.0
tree,vol_24h,0.0
tree,vol_48h,0.0
tree,vol_168h,0.0
tree,vol_ratio,0.0
tree,atr_range,0.0
tree,volume_change,0.0
tree,volume_24h_7d,0.0
tree,volume_zscore,0.0
tree,dollar_volume,0.0
tree,volume_cs_rank,0.0
tree,cs_rank_return_1h,0.42
tree,cs_rank_return_4h,0.08
tree,cs_rank_return_12h,0.12
tree,cs_rank_return_24h,0.0
tree,cs_rank_return_48h,0.0
tree,cs_rank_vol_24h,0.0
tree,cs_rank_volume_accel,0.04
tree,cs_rank_trend_strength,0.0
tree,return_minus_market,0.0
tree,return_minus_btc,0.0
tree,market_return_4h,0.0
tree,market_return_12h,0.0
tree,market_return_24h,0.0
tree,market_vol_24h,0.0
tree,market_dispersion,0.0
tree,btc_trend,0.0
