strategy,timestamp,period,spearman_ic
RIDGE_RANKING,2026-01-01 00:00:00+00:00,2026_Q1,0.16483516483516483
RIDGE_RANKING,2026-01-02 00:00:00+00:00,2026_Q1,-0.049450549450549455
RIDGE_RANKING,2026-01-03 00:00:00+00:00,2026_Q1,0.005494505494505494
RIDGE_RANKING,2026-01-04 00:00:00+00:00,2026_Q1,-0.03296703296703297
RIDGE_RANKING,2026-01-05 00:00:00+00:00,2026_Q1,0.005494505494505494
RIDGE_RANKING,2026-01-06 00:00:00+00:00,2026_Q1,0.7967032967032966
RIDGE_RANKING,2026-01-07 00:00:00+00:00,2026_Q1,0.04395604395604395
RIDGE_RANKING,2026-01-08 00:00:00+00:00,2026_Q1,0.37912087912087916
RIDGE_RANKING,2026-01-09 00:00:00+00:00,2026_Q1,0.8186813186813187
RIDGE_RANKING,2026-01-10 00:00:00+00:00,2026_Q1,-0.1043956043956044
RIDGE_RANKING,2026-01-11 00:00:00+00:00,2026_Q1,0.5714285714285714
RIDGE_RANKING,2026-01-12 00:00:00+00:00,2026_Q1,0.14285714285714285
RIDGE_RANKING,2026-01-13 00:00:00+00:00,2026_Q1,-0.5549450549450549
RIDGE_RANKING,2026-01-14 00:00:00+00:00,2026_Q1,-0.04395604395604395
RIDGE_RANKING,2026-01-15 00:00:00+00:00,2026_Q1,-0.20329670329670327
RIDGE_RANKING,2026-01-16 00:00:00+00:00,2026_Q1,-0.23626373626373626
RIDGE_RANKING,2026-01-17 00:00:00+00:00,2026_Q1,-0.4175824175824176
RIDGE_RANKING,2026-01-18 00:00:00+00:00,2026_Q1,0.6318681318681317
RIDGE_RANKING,2026-01-19 00:00:00+00:00,2026_Q1,-0.4010989010989011
RIDGE_RANKING,2026-01-20 00:00:00+00:00,2026_Q1,0.6813186813186813
RIDGE_RANKING,2026-01-21 00:00:00+00:00,2026_Q1,-0.6593406593406593
RIDGE_RANKING,2026-01-22 00:00:00+00:00,2026_Q1,-0.0879120879120879
RIDGE_RANKING,2026-01-23 00:00:00+00:00,2026_Q1,0.4505494505494505
RIDGE_RANKING,2026-01-24 00:00:00+00:00,2026_Q1,0.6538461538461539
RIDGE_RANKING,2026-01-25 00:00:00+00:00,2026_Q1,0.46703296703296704
RIDGE_RANKING,2026-01-26 00:00:00+00:00,2026_Q1,-0.021978021978021976
RIDGE_RANKING,2026-01-27 00:00:00+00:00,2026_Q1,0.3131868131868132
RIDGE_RANKING,2026-01-28 00:00:00+00:00,2026_Q1,0.2747252747252747
RIDGE_RANKING,2026-01-29 00:00:00+00:00,2026_Q1,-0.13186813186813187
RIDGE_RANKING,2026-01-30 00:00:00+00:00,2026_Q1,0.2087912087912088
RIDGE_RANKING,2026-01-31 00:00:00+00:00,2026_Q1,-0.21428571428571427
RIDGE_RANKING,2026-02-01 00:00:00+00:00,2026_Q1,-0.06593406593406594
RIDGE_RANKING,2026-02-02 00:00:00+00:00,2026_Q1,0.13186813186813187
RIDGE_RANKING,2026-02-03 00:00:00+00:00,2026_Q1,-0.2967032967032967
RIDGE_RANKING,2026-02-04 00:00:00+00:00,2026_Q1,-0.20329670329670327
RIDGE_RANKING,2026-02-05 00:00:00+00:00,2026_Q1,0.08241758241758242
RIDGE_RANKING,2026-02-06 00:00:00+00:00,2026_Q1,0.32417582417582413
RIDGE_RANKING,2026-02-07 00:00:00+00:00,2026_Q1,-0.11538461538461539
RIDGE_RANKING,2026-02-08 00:00:00+00:00,2026_Q1,0.03846153846153846
RIDGE_RANKING,2026-02-09 00:00:00+00:00,2026_Q1,0.17032967032967034
RIDGE_RANKING,2026-02-10 00:00:00+00:00,2026_Q1,0.15384615384615383
RIDGE_RANKING,2026-02-11 00:00:00+00:00,2026_Q1,0.5439560439560439
RIDGE_RANKING,2026-02-12 00:00:00+00:00,2026_Q1,-0.09890109890109891
RIDGE_RANKING,2026-02-13 00:00:00+00:00,2026_Q1,0.19780219780219782
RIDGE_RANKING,2026-02-14 00:00:00+00:00,2026_Q1,-0.06043956043956044
RIDGE_RANKING,2026-02-15 00:00:00+00:00,2026_Q1,0.4010989010989011
RIDGE_RANKING,2026-02-16 00:00:00+00:00,2026_Q1,-0.021978021978021976
RIDGE_RANKING,2026-02-17 00:00:00+00:00,2026_Q1,0.7417582417582418
RIDGE_RANKING,2026-02-18 00:00:00+00:00,2026_Q1,-0.13736263736263735
RIDGE_RANKING,2026-02-19 00:00:00+00:00,2026_Q1,-0.24725274725274726
RIDGE_RANKING,2026-02-20 00:00:00+00:00,2026_Q1,0.07692307692307691
RIDGE_RANKING,2026-02-21 00:00:00+00:00,2026_Q1,-0.1868131868131868
RIDGE_RANKING,2026-02-22 00:00:00+00:00,2026_Q1,-0.5
RIDGE_RANKING,2026-02-23 00:00:00+00:00,2026_Q1,0.2967032967032967
RIDGE_RANKING,2026-02-24 00:00:00+00:00,2026_Q1,0.14285714285714285
RIDGE_RANKING,2026-02-25 00:00:00+00:00,2026_Q1,-0.14835164835164835
RIDGE_RANKING,2026-02-26 00:00:00+00:00,2026_Q1,-0.5879120879120878
RIDGE_RANKING,2026-02-27 00:00:00+00:00,2026_Q1,0.1043956043956044
RIDGE_RANKING,2026-02-28 00:00:00+00:00,2026_Q1,-0.027472527472527472
RIDGE_RANKING,2026-03-01 00:00:00+00:00,2026_Q1,0.6978021978021978
RIDGE_RANKING,2026-03-02 00:00:00+00:00,2026_Q1,-0.08241758241758242
RIDGE_RANKING,2026-03-03 00:00:00+00:00,2026_Q1,-0.5714285714285714
RIDGE_RANKING,2026-03-04 00:00:00+00:00,2026_Q1,-0.0934065934065934
RIDGE_RANKING,2026-03-05 00:00:00+00:00,2026_Q1,-0.39560439560439564
RIDGE_RANKING,2026-03-06 00:00:00+00:00,2026_Q1,-0.3021978021978022
RIDGE_RANKING,2026-03-07 00:00:00+00:00,2026_Q1,0.5549450549450549
RIDGE_RANKING,2026-03-08 00:00:00+00:00,2026_Q1,-0.7472527472527472
RIDGE_RANKING,2026-03-09 00:00:00+00:00,2026_Q1,0.3736263736263736
RIDGE_RANKING,2026-03-10 00:00:00+00:00,2026_Q1,-0.6208791208791209
RIDGE_RANKING,2026-03-11 00:00:00+00:00,2026_Q1,0.46703296703296704
RIDGE_RANKING,2026-03-12 00:00:00+00:00,2026_Q1,-0.6868131868131868
RIDGE_RANKING,2026-03-13 00:00:00+00:00,2026_Q1,0.3131868131868132
RIDGE_RANKING,2026-03-14 00:00:00+00:00,2026_Q1,-0.2912087912087912
RIDGE_RANKING,2026-03-15 00:00:00+00:00,2026_Q1,0.39560439560439564
RIDGE_RANKING,2026-03-16 00:00:00+00:00,2026_Q1,-0.13736263736263735
RIDGE_RANKING,2026-03-17 00:00:00+00:00,2026_Q1,0.7032967032967032
RIDGE_RANKING,2026-03-18 00:00:00+00:00,2026_Q1,0.22527472527472525
RIDGE_RANKING,2026-03-19 00:00:00+00:00,2026_Q1,-0.6318681318681317
RIDGE_RANKING,2026-03-20 00:00:00+00:00,2026_Q1,0.06593406593406594
RIDGE_RANKING,2026-03-21 00:00:00+00:00,2026_Q1,0.13186813186813187
RIDGE_RANKING,2026-03-22 00:00:00+00:00,2026_Q1,-0.5054945054945055
RIDGE_RANKING,2026-03-23 00:00:00+00:00,2026_Q1,0.7967032967032966
RIDGE_RANKING,2026-03-24 00:00:00+00:00,2026_Q1,0.40659340659340654
RIDGE_RANKING,2026-03-25 00:00:00+00:00,2026_Q1,0.5164835164835164
RIDGE_RANKING,2026-03-26 00:00:00+00:00,2026_Q1,-0.005494505494505494
RIDGE_RANKING,2026-03-27 00:00:00+00:00,2026_Q1,0.33516483516483514
RIDGE_RANKING,2026-03-28 00:00:00+00:00,2026_Q1,-0.6318681318681317
RIDGE_RANKING,2026-03-29 00:00:00+00:00,2026_Q1,0.19230769230769232
RIDGE_RANKING,2026-03-30 00:00:00+00:00,2026_Q1,-0.21428571428571427
RIDGE_RANKING,2026-03-31 00:00:00+00:00,2026_Q1,0.2747252747252747
RIDGE_RANKING,2026-04-01 00:00:00+00:00,2026_Q2,0.049450549450549455
RIDGE_RANKING,2026-04-02 00:00:00+00:00,2026_Q2,-0.35714285714285715
RIDGE_RANKING,2026-04-03 00:00:00+00:00,2026_Q2,0.03296703296703297
RIDGE_RANKING,2026-04-04 00:00:00+00:00,2026_Q2,0.3131868131868132
RIDGE_RANKING,2026-04-05 00:00:00+00:00,2026_Q2,0.12637362637362637
RIDGE_RANKING,2026-04-06 00:00:00+00:00,2026_Q2,0.5439560439560439
RIDGE_RANKING,2026-04-07 00:00:00+00:00,2026_Q2,-0.08241758241758242
RIDGE_RANKING,2026-04-08 00:00:00+00:00,2026_Q2,-0.2692307692307692
RIDGE_RANKING,2026-04-09 00:00:00+00:00,2026_Q2,0.34615384615384615
RIDGE_RANKING,2026-04-10 00:00:00+00:00,2026_Q2,-0.09890109890109891
RIDGE_RANKING,2026-04-11 00:00:00+00:00,2026_Q2,0.21978021978021978
RIDGE_RANKING,2026-04-12 00:00:00+00:00,2026_Q2,0.09890109890109891
RIDGE_RANKING,2026-04-13 00:00:00+00:00,2026_Q2,-0.5439560439560439
RIDGE_RANKING,2026-04-14 00:00:00+00:00,2026_Q2,-0.1758241758241758
RIDGE_RANKING,2026-04-15 00:00:00+00:00,2026_Q2,0.38461538461538464
RIDGE_RANKING,2026-04-16 00:00:00+00:00,2026_Q2,0.20329670329670327
RIDGE_RANKING,2026-04-17 00:00:00+00:00,2026_Q2,0.054945054945054944
RIDGE_RANKING,2026-04-18 00:00:00+00:00,2026_Q2,0.47802197802197804
RIDGE_RANKING,2026-04-19 00:00:00+00:00,2026_Q2,-0.15934065934065936
RIDGE_RANKING,2026-04-20 00:00:00+00:00,2026_Q2,0.34065934065934067
RIDGE_RANKING,2026-04-21 00:00:00+00:00,2026_Q2,0.21978021978021978
RIDGE_RANKING,2026-04-22 00:00:00+00:00,2026_Q2,-0.13736263736263735
RIDGE_RANKING,2026-04-23 00:00:00+00:00,2026_Q2,-0.17032967032967034
RIDGE_RANKING,2026-04-24 00:00:00+00:00,2026_Q2,0.0879120879120879
RIDGE_RANKING,2026-04-25 00:00:00+00:00,2026_Q2,0.5054945054945055
RIDGE_RANKING,2026-04-26 00:00:00+00:00,2026_Q2,0.19780219780219782
RIDGE_RANKING,2026-04-27 00:00:00+00:00,2026_Q2,0.5934065934065934
RIDGE_RANKING,2026-04-28 00:00:00+00:00,2026_Q2,-0.2857142857142857
RIDGE_RANKING,2026-04-29 00:00:00+00:00,2026_Q2,-0.027472527472527472
RIDGE_RANKING,2026-04-30 00:00:00+00:00,2026_Q2,0.32967032967032966
RIDGE_RANKING,2026-05-01 00:00:00+00:00,2026_Q2,-0.39010989010989006
RIDGE_RANKING,2026-05-02 00:00:00+00:00,2026_Q2,0.15384615384615383
RIDGE_RANKING,2026-05-03 00:00:00+00:00,2026_Q2,-0.32967032967032966
RIDGE_RANKING,2026-05-04 00:00:00+00:00,2026_Q2,0.1043956043956044
RIDGE_RANKING,2026-05-05 00:00:00+00:00,2026_Q2,-0.049450549450549455
RIDGE_RANKING,2026-05-06 00:00:00+00:00,2026_Q2,0.049450549450549455
RIDGE_RANKING,2026-05-07 00:00:00+00:00,2026_Q2,-0.13736263736263735
RIDGE_RANKING,2026-05-08 00:00:00+00:00,2026_Q2,0.04395604395604395
RIDGE_RANKING,2026-05-09 00:00:00+00:00,2026_Q2,0.19230769230769232
RIDGE_RANKING,2026-05-10 00:00:00+00:00,2026_Q2,-0.5604395604395606
RIDGE_RANKING,2026-05-11 00:00:00+00:00,2026_Q2,-0.3681318681318681
RIDGE_RANKING,2026-05-12 00:00:00+00:00,2026_Q2,0.7472527472527472
RIDGE_RANKING,2026-05-13 00:00:00+00:00,2026_Q2,-0.15384615384615383
RIDGE_RANKING,2026-05-14 00:00:00+00:00,2026_Q2,0.2747252747252747
RIDGE_RANKING,2026-05-15 00:00:00+00:00,2026_Q2,0.4340659340659341
RIDGE_RANKING,2026-05-16 00:00:00+00:00,2026_Q2,-0.14835164835164835
RIDGE_RANKING,2026-05-17 00:00:00+00:00,2026_Q2,-0.03846153846153846
RIDGE_RANKING,2026-05-18 00:00:00+00:00,2026_Q2,0.17032967032967034
RIDGE_RANKING,2026-05-19 00:00:00+00:00,2026_Q2,0.5274725274725275
RIDGE_RANKING,2026-05-20 00:00:00+00:00,2026_Q2,-0.15934065934065936
RIDGE_RANKING,2026-05-21 00:00:00+00:00,2026_Q2,0.0
RIDGE_RANKING,2026-05-22 00:00:00+00:00,2026_Q2,-0.027472527472527472
RIDGE_RANKING,2026-05-23 00:00:00+00:00,2026_Q2,0.5934065934065934
RIDGE_RANKING,2026-05-24 00:00:00+00:00,2026_Q2,0.2912087912087912
RIDGE_RANKING,2026-05-25 00:00:00+00:00,2026_Q2,-0.016483516483516484
RIDGE_RANKING,2026-05-26 00:00:00+00:00,2026_Q2,-0.2802197802197803
RIDGE_RANKING,2026-05-27 00:00:00+00:00,2026_Q2,-0.06043956043956044
RIDGE_RANKING,2026-05-28 00:00:00+00:00,2026_Q2,-0.5384615384615384
RIDGE_RANKING,2026-05-29 00:00:00+00:00,2026_Q2,0.2802197802197803
RIDGE_RANKING,2026-05-30 00:00:00+00:00,2026_Q2,0.32967032967032966
RIDGE_RANKING,2026-05-31 00:00:00+00:00,2026_Q2,0.1043956043956044
RIDGE_RANKING,2026-06-01 00:00:00+00:00,2026_Q2,-0.5549450549450549
RIDGE_RANKING,2026-06-02 00:00:00+00:00,2026_Q2,0.8351648351648352
RIDGE_RANKING,2026-06-03 00:00:00+00:00,2026_Q2,-0.2692307692307692
RIDGE_RANKING,2026-06-04 00:00:00+00:00,2026_Q2,-0.3736263736263736
RIDGE_RANKING,2026-06-05 00:00:00+00:00,2026_Q2,-0.3021978021978022
RIDGE_RANKING,2026-06-06 00:00:00+00:00,2026_Q2,0.4505494505494505
RIDGE_RANKING,2026-06-07 00:00:00+00:00,2026_Q2,-0.16483516483516483
RIDGE_RANKING,2026-06-08 00:00:00+00:00,2026_Q2,-0.06593406593406594
RIDGE_RANKING,2026-06-09 00:00:00+00:00,2026_Q2,-0.30769230769230765
RIDGE_RANKING,2026-06-10 00:00:00+00:00,2026_Q2,0.16483516483516483
RIDGE_RANKING,2026-06-11 00:00:00+00:00,2026_Q2,-0.7967032967032966
RIDGE_RANKING,2026-06-12 00:00:00+00:00,2026_Q2,0.5384615384615384
RIDGE_RANKING,2026-06-13 00:00:00+00:00,2026_Q2,-0.005494505494505494
RIDGE_RANKING,2026-06-14 00:00:00+00:00,2026_Q2,-0.15384615384615383
RIDGE_RANKING,2026-06-15 00:00:00+00:00,2026_Q2,-0.4010989010989011
RIDGE_RANKING,2026-06-16 00:00:00+00:00,2026_Q2,-0.0934065934065934
RIDGE_RANKING,2026-06-17 00:00:00+00:00,2026_Q2,0.20329670329670327
RIDGE_RANKING,2026-06-18 00:00:00+00:00,2026_Q2,0.6483516483516483
RIDGE_RANKING,2026-06-19 00:00:00+00:00,2026_Q2,0.2087912087912088
RIDGE_RANKING,2026-06-20 00:00:00+00:00,2026_Q2,-0.16483516483516483
RIDGE_RANKING,2026-06-21 00:00:00+00:00,2026_Q2,0.3021978021978022
RIDGE_RANKING,2026-06-22 00:00:00+00:00,2026_Q2,0.7032967032967032
RIDGE_RANKING,2026-06-23 00:00:00+00:00,2026_Q2,-0.3186813186813187
RIDGE_RANKING,2026-06-24 00:00:00+00:00,2026_Q2,0.2967032967032967
RIDGE_RANKING,2026-06-25 00:00:00+00:00,2026_Q2,0.24725274725274726
RIDGE_RANKING,2026-06-26 00:00:00+00:00,2026_Q2,-0.6538461538461539
RIDGE_RANKING,2026-06-27 00:00:00+00:00,2026_Q2,-0.16483516483516483
RIDGE_RANKING,2026-06-28 00:00:00+00:00,2026_Q2,-0.14835164835164835
RIDGE_RANKING,2026-06-29 00:00:00+00:00,2026_Q2,0.40659340659340654
RIDGE_RANKING,2026-06-30 00:00:00+00:00,2026_Q2,0.08241758241758242
RIDGE_RANKING,2026-07-01 00:00:00+00:00,2026_JulAug,0.04395604395604395
RIDGE_RANKING,2026-07-02 00:00:00+00:00,2026_JulAug,-0.1868131868131868
RIDGE_RANKING,2026-07-03 00:00:00+00:00,2026_JulAug,0.3021978021978022
RIDGE_RANKING,2026-07-04 00:00:00+00:00,2026_JulAug,0.15934065934065936
RIDGE_RANKING,2026-07-05 00:00:00+00:00,2026_JulAug,-0.14835164835164835
RIDGE_RANKING,2026-07-06 00:00:00+00:00,2026_JulAug,0.16483516483516483
RIDGE_RANKING,2026-07-07 00:00:00+00:00,2026_JulAug,0.4725274725274725
RIDGE_RANKING,2026-07-08 00:00:00+00:00,2026_JulAug,0.0934065934065934
RIDGE_RANKING,2026-07-09 00:00:00+00:00,2026_JulAug,-0.17032967032967034
RIDGE_RANKING,2026-07-10 00:00:00+00:00,2026_JulAug,-0.06043956043956044
RIDGE_RANKING,2026-07-11 00:00:00+00:00,2026_JulAug,0.5659340659340659
RIDGE_RANKING,2026-07-12 00:00:00+00:00,2026_JulAug,-0.054945054945054944
RIDGE_RANKING,2026-07-13 00:00:00+00:00,2026_JulAug,-0.5714285714285714
RIDGE_RANKING,2026-07-14 00:00:00+00:00,2026_JulAug,-0.24725274725274726
RIDGE_RANKING,2026-07-15 00:00:00+00:00,2026_JulAug,0.3626373626373627
RIDGE_RANKING,2026-07-16 00:00:00+00:00,2026_JulAug,-0.4725274725274725
RIDGE_RANKING,2026-07-17 00:00:00+00:00,2026_JulAug,0.18131868131868134
RIDGE_RANKING,2026-07-18 00:00:00+00:00,2026_JulAug,0.3131868131868132
RIDGE_RANKING,2026-07-19 00:00:00+00:00,2026_JulAug,0.3681318681318681
RIDGE_RANKING,2026-07-20 00:00:00+00:00,2026_JulAug,0.32967032967032966
RIDGE_RANKING,2026-07-21 00:00:00+00:00,2026_JulAug,-0.6813186813186813
RIDGE_RANKING,2026-07-22 00:00:00+00:00,2026_JulAug,0.24175824175824176
RIDGE_RANKING,2026-07-23 00:00:00+00:00,2026_JulAug,0.5604395604395606
RIDGE_RANKING,2026-07-24 00:00:00+00:00,2026_JulAug,-0.38461538461538464
RIDGE_RANKING,2026-07-25 00:00:00+00:00,2026_JulAug,0.5439560439560439
RIDGE_RANKING,2026-07-26 00:00:00+00:00,2026_JulAug,0.4010989010989011
RIDGE_RANKING,2026-07-27 00:00:00+00:00,2026_JulAug,0.5989010989010989
RIDGE_RANKING,2026-07-28 00:00:00+00:00,2026_JulAug,0.07692307692307691
RIDGE_RANKING,2026-07-29 00:00:00+00:00,2026_JulAug,0.15934065934065936
RIDGE_RANKING,2026-07-30 00:00:00+00:00,2026_JulAug,-0.1868131868131868
RIDGE_RANKING,2026-07-31 00:00:00+00:00,2026_JulAug,-0.13736263736263735
RIDGE_RANKING,2026-08-01 00:00:00+00:00,2026_JulAug,0.0
RIDGE_RANKING,2026-08-02 00:00:00+00:00,2026_JulAug,0.21428571428571427
RIDGE_RANKING,2026-08-03 00:00:00+00:00,2026_JulAug,0.010989010989010988
RIDGE_RANKING,2026-08-04 00:00:00+00:00,2026_JulAug,0.3186813186813187
RIDGE_RANKING,2026-08-05 00:00:00+00:00,2026_JulAug,0.24725274725274726
RIDGE_RANKING,2026-08-06 00:00:00+00:00,2026_JulAug,0.25274725274725274
RIDGE_RANKING,2026-08-07 00:00:00+00:00,2026_JulAug,0.45604395604395603
RIDGE_RANKING,2026-08-08 00:00:00+00:00,2026_JulAug,0.06043956043956044
RIDGE_RANKING,2026-08-09 00:00:00+00:00,2026_JulAug,-0.2912087912087912
RIDGE_RANKING,2026-08-10 00:00:00+00:00,2026_JulAug,-0.2692307692307692
RIDGE_RANKING,2026-08-11 00:00:00+00:00,2026_JulAug,0.03846153846153846
RIDGE_RANKING,2026-08-12 00:00:00+00:00,2026_JulAug,-0.04395604395604395
RIDGE_RANKING,2026-08-13 00:00:00+00:00,2026_JulAug,0.510989010989011
RIDGE_RANKING,2026-08-14 00:00:00+00:00,2026_JulAug,0.2747252747252747
RIDGE_RANKING,2026-08-15 00:00:00+00:00,2026_JulAug,-0.049450549450549455
RIDGE_RANKING,2026-08-16 00:00:00+00:00,2026_JulAug,0.3131868131868132
RIDGE_RANKING,2026-08-17 00:00:00+00:00,2026_JulAug,0.15934065934065936
RIDGE_RANKING,2026-08-18 00:00:00+00:00,2026_JulAug,0.42857142857142855
RIDGE_RANKING,2026-08-19 00:00:00+00:00,2026_JulAug,0.2747252747252747
RIDGE_RANKING,2026-08-20 00:00:00+00:00,2026_JulAug,-0.2747252747252747
RIDGE_RANKING,2026-08-21 00:00:00+00:00,2026_JulAug,-0.576923076923077
RIDGE_RANKING,2026-08-22 00:00:00+00:00,2026_JulAug,0.0934065934065934
RIDGE_RANKING,2026-08-23 00:00:00+00:00,2026_JulAug,0.23626373626373626
RIDGE_RANKING,2026-08-24 00:00:00+00:00,2026_JulAug,0.06593406593406594
RIDGE_RANKING,2026-08-25 00:00:00+00:00,2026_JulAug,0.6483516483516483
RIDGE_RANKING,2026-08-26 00:00:00+00:00,2026_JulAug,-0.054945054945054944
RIDGE_RANKING,2026-08-27 00:00:00+00:00,2026_JulAug,-0.4340659340659341
RIDGE_RANKING,2026-08-28 00:00:00+00:00,2026_JulAug,0.20329670329670327
RIDGE_RANKING,2026-08-29 00:00:00+00:00,2026_JulAug,-0.39010989010989006
RIDGE_RANKING,2026-08-30 00:00:00+00:00,2026_JulAug,-0.16483516483516483
TREE_RANKING,2026-01-01 00:00:00+00:00,2026_Q1,0.14285714285714285
TREE_RANKING,2026-01-02 00:00:00+00:00,2026_Q1,0.12929860925197142
TREE_RANKING,2026-01-03 00:00:00+00:00,2026_Q1,0.04407730223871269
TREE_RANKING,2026-01-04 00:00:00+00:00,2026_Q1,0.01100413695761459
TREE_RANKING,2026-01-05 00:00:00+00:00,2026_Q1,-0.40771504570809236
TREE_RANKING,2026-01-06 00:00:00+00:00,2026_Q1,0.6611499734537081
TREE_RANKING,2026-01-07 00:00:00+00:00,2026_Q1,-0.3218710060102268
TREE_RANKING,2026-01-08 00:00:00+00:00,2026_Q1,0.35763445112247416
TREE_RANKING,2026-01-09 00:00:00+00:00,2026_Q1,0.6685013201750863
TREE_RANKING,2026-01-10 00:00:00+00:00,2026_Q1,-0.13755171197018234
TREE_RANKING,2026-01-11 00:00:00+00:00,2026_Q1,-0.4209082386287581
TREE_RANKING,2026-01-12 00:00:00+00:00,2026_Q1,0.4530455884900605
TREE_RANKING,2026-01-13 00:00:00+00:00,2026_Q1,-0.5674952663234258
TREE_RANKING,2026-01-14 00:00:00+00:00,2026_Q1,0.548211446593989
TREE_RANKING,2026-01-15 00:00:00+00:00,2026_Q1,0.005494505494505494
TREE_RANKING,2026-01-16 00:00:00+00:00,2026_Q1,0.3131868131868132
TREE_RANKING,2026-01-17 00:00:00+00:00,2026_Q1,-0.34065934065934067
TREE_RANKING,2026-01-18 00:00:00+00:00,2026_Q1,0.5549450549450549
TREE_RANKING,2026-01-19 00:00:00+00:00,2026_Q1,0.4536761324117495
TREE_RANKING,2026-01-20 00:00:00+00:00,2026_Q1,0.5989010989010989
TREE_RANKING,2026-01-21 00:00:00+00:00,2026_Q1,-0.2668503212221538
TREE_RANKING,2026-01-22 00:00:00+00:00,2026_Q1,-0.05502068478807294
TREE_RANKING,2026-01-23 00:00:00+00:00,2026_Q1,0.4628116735064833
TREE_RANKING,2026-01-24 00:00:00+00:00,2026_Q1,0.5494505494505494
TREE_RANKING,2026-01-25 00:00:00+00:00,2026_Q1,0.335626177207245
TREE_RANKING,2026-01-26 00:00:00+00:00,2026_Q1,0.04132247084879315
TREE_RANKING,2026-01-27 00:00:00+00:00,2026_Q1,0.13480067773077872
TREE_RANKING,2026-01-28 00:00:00+00:00,2026_Q1,-0.08528206142151305
TREE_RANKING,2026-01-29 00:00:00+00:00,2026_Q1,-0.41208791208791207
TREE_RANKING,2026-01-30 00:00:00+00:00,2026_Q1,0.07427792446389848
TREE_RANKING,2026-01-31 00:00:00+00:00,2026_Q1,-0.21978021978021978
TREE_RANKING,2026-02-01 00:00:00+00:00,2026_Q1,-0.011034577228651771
TREE_RANKING,2026-02-02 00:00:00+00:00,2026_Q1,0.027472527472527472
TREE_RANKING,2026-02-03 00:00:00+00:00,2026_Q1,0.3548834168830705
TREE_RANKING,2026-02-04 00:00:00+00:00,2026_Q1,-0.4505494505494505
TREE_RANKING,2026-02-05 00:00:00+00:00,2026_Q1,-0.2310868761099064
TREE_RANKING,2026-02-06 00:00:00+00:00,2026_Q1,0.616231669626417
TREE_RANKING,2026-02-07 00:00:00+00:00,2026_Q1,0.1542705578354944
TREE_RANKING,2026-02-08 00:00:00+00:00,2026_Q1,-0.13480067773077872
TREE_RANKING,2026-02-09 00:00:00+00:00,2026_Q1,0.7520689694480354
TREE_RANKING,2026-02-10 00:00:00+00:00,2026_Q1,-0.11570291837662082
TREE_RANKING,2026-02-11 00:00:00+00:00,2026_Q1,0.40165099895293255
TREE_RANKING,2026-02-12 00:00:00+00:00,2026_Q1,0.1074384242068622
TREE_RANKING,2026-02-13 00:00:00+00:00,2026_Q1,-0.2857142857142857
TREE_RANKING,2026-02-14 00:00:00+00:00,2026_Q1,0.21978021978021978
TREE_RANKING,2026-02-15 00:00:00+00:00,2026_Q1,0.19257239675825533
TREE_RANKING,2026-02-16 00:00:00+00:00,2026_Q1,-0.5604395604395606
TREE_RANKING,2026-02-17 00:00:00+00:00,2026_Q1,0.5895339174427823
TREE_RANKING,2026-02-18 00:00:00+00:00,2026_Q1,-0.32967032967032966
TREE_RANKING,2026-02-19 00:00:00+00:00,2026_Q1,-0.18181887173468986
TREE_RANKING,2026-02-20 00:00:00+00:00,2026_Q1,-0.12087912087912088
TREE_RANKING,2026-02-21 00:00:00+00:00,2026_Q1,-0.23691549953308072
TREE_RANKING,2026-02-22 00:00:00+00:00,2026_Q1,-0.2424251623129198
TREE_RANKING,2026-02-23 00:00:00+00:00,2026_Q1,0.15130688316720062
TREE_RANKING,2026-02-24 00:00:00+00:00,2026_Q1,0.26721864482219565
TREE_RANKING,2026-02-25 00:00:00+00:00,2026_Q1,-0.7142857142857143
TREE_RANKING,2026-02-26 00:00:00+00:00,2026_Q1,-0.6107296011476098
TREE_RANKING,2026-02-27 00:00:00+00:00,2026_Q1,-0.5061903000502711
TREE_RANKING,2026-02-28 00:00:00+00:00,2026_Q1,-0.2613482527433465
TREE_RANKING,2026-03-01 00:00:00+00:00,2026_Q1,0.06043956043956044
TREE_RANKING,2026-03-02 00:00:00+00:00,2026_Q1,-0.1568089516460079
TREE_RANKING,2026-03-03 00:00:00+00:00,2026_Q1,-0.2035765337158699
TREE_RANKING,2026-03-04 00:00:00+00:00,2026_Q1,0.2255848076310991
TREE_RANKING,2026-03-05 00:00:00+00:00,2026_Q1,-0.15955998588541154
TREE_RANKING,2026-03-06 00:00:00+00:00,2026_Q1,-0.12104550653376049
TREE_RANKING,2026-03-07 00:00:00+00:00,2026_Q1,0.2912087912087912
TREE_RANKING,2026-03-08 00:00:00+00:00,2026_Q1,-0.32417582417582413
TREE_RANKING,2026-03-09 00:00:00+00:00,2026_Q1,-0.25274725274725274
TREE_RANKING,2026-03-10 00:00:00+00:00,2026_Q1,0.2747252747252747
TREE_RANKING,2026-03-11 00:00:00+00:00,2026_Q1,-0.3131868131868132
TREE_RANKING,2026-03-12 00:00:00+00:00,2026_Q1,-0.35714285714285715
TREE_RANKING,2026-03-13 00:00:00+00:00,2026_Q1,0.22008273915229176
TREE_RANKING,2026-03-14 00:00:00+00:00,2026_Q1,-0.21763167980364392
TREE_RANKING,2026-03-15 00:00:00+00:00,2026_Q1,-0.09392408541867107
TREE_RANKING,2026-03-16 00:00:00+00:00,2026_Q1,-0.3658875538406851
TREE_RANKING,2026-03-17 00:00:00+00:00,2026_Q1,-0.022038651119356344
TREE_RANKING,2026-03-18 00:00:00+00:00,2026_Q1,0.5439560439560439
TREE_RANKING,2026-03-19 00:00:00+00:00,2026_Q1,-0.30769230769230765
TREE_RANKING,2026-03-20 00:00:00+00:00,2026_Q1,0.335626177207245
TREE_RANKING,2026-03-21 00:00:00+00:00,2026_Q1,0.40990410167114344
TREE_RANKING,2026-03-22 00:00:00+00:00,2026_Q1,0.07162561613790812
TREE_RANKING,2026-03-23 00:00:00+00:00,2026_Q1,0.4456675467833909
TREE_RANKING,2026-03-24 00:00:00+00:00,2026_Q1,0.7417582417582418
TREE_RANKING,2026-03-25 00:00:00+00:00,2026_Q1,0.35213238264366686
TREE_RANKING,2026-03-26 00:00:00+00:00,2026_Q1,0.532967032967033
TREE_RANKING,2026-03-27 00:00:00+00:00,2026_Q1,0.4628116735064833
TREE_RANKING,2026-03-28 00:00:00+00:00,2026_Q1,-0.2613482527433465
TREE_RANKING,2026-03-29 00:00:00+00:00,2026_Q1,0.49311481879559826
TREE_RANKING,2026-03-30 00:00:00+00:00,2026_Q1,-0.5234179640847132
TREE_RANKING,2026-03-31 00:00:00+00:00,2026_Q1,-0.33516483516483514
TREE_RANKING,2026-04-01 00:00:00+00:00,2026_Q2,-0.34578973506993105
TREE_RANKING,2026-04-02 00:00:00+00:00,2026_Q2,0.23172612180168722
TREE_RANKING,2026-04-03 00:00:00+00:00,2026_Q2,-0.3736263736263736
TREE_RANKING,2026-04-04 00:00:00+00:00,2026_Q2,0.2692307692307692
TREE_RANKING,2026-04-05 00:00:00+00:00,2026_Q2,-0.11538461538461539
TREE_RANKING,2026-04-06 00:00:00+00:00,2026_Q2,0.5812694232730237
TREE_RANKING,2026-04-07 00:00:00+00:00,2026_Q2,0.30706128474209876
TREE_RANKING,2026-04-08 00:00:00+00:00,2026_Q2,-0.17630920895485075
TREE_RANKING,2026-04-09 00:00:00+00:00,2026_Q2,0.3246220402496304
TREE_RANKING,2026-04-10 00:00:00+00:00,2026_Q2,-0.07427792446389848
TREE_RANKING,2026-04-11 00:00:00+00:00,2026_Q2,0.30261376633440124
TREE_RANKING,2026-04-12 00:00:00+00:00,2026_Q2,0.25859721850394285
TREE_RANKING,2026-04-13 00:00:00+00:00,2026_Q2,-0.6189827038658207
TREE_RANKING,2026-04-14 00:00:00+00:00,2026_Q2,-0.4505494505494505
TREE_RANKING,2026-04-15 00:00:00+00:00,2026_Q2,0.3053648005738049
TREE_RANKING,2026-04-16 00:00:00+00:00,2026_Q2,-0.024759308154632828
TREE_RANKING,2026-04-17 00:00:00+00:00,2026_Q2,0.1758241758241758
TREE_RANKING,2026-04-18 00:00:00+00:00,2026_Q2,0.11829447229435683
TREE_RANKING,2026-04-19 00:00:00+00:00,2026_Q2,0.14835164835164835
TREE_RANKING,2026-04-20 00:00:00+00:00,2026_Q2,-0.01100413695761459
TREE_RANKING,2026-04-21 00:00:00+00:00,2026_Q2,-0.2090786021946772
TREE_RANKING,2026-04-22 00:00:00+00:00,2026_Q2,0.10206983936502889
TREE_RANKING,2026-04-23 00:00:00+00:00,2026_Q2,-0.1043956043956044
TREE_RANKING,2026-04-24 00:00:00+00:00,2026_Q2,-0.23933997882811733
TREE_RANKING,2026-04-25 00:00:00+00:00,2026_Q2,-0.10989010989010989
TREE_RANKING,2026-04-26 00:00:00+00:00,2026_Q2,0.4566716837410055
TREE_RANKING,2026-04-27 00:00:00+00:00,2026_Q2,0.5474558136413259
TREE_RANKING,2026-04-28 00:00:00+00:00,2026_Q2,-0.21428571428571427
TREE_RANKING,2026-04-29 00:00:00+00:00,2026_Q2,0.09890109890109891
TREE_RANKING,2026-04-30 00:00:00+00:00,2026_Q2,0.3204468796637013
TREE_RANKING,2026-05-01 00:00:00+00:00,2026_Q2,-0.4704268549380237
TREE_RANKING,2026-05-02 00:00:00+00:00,2026_Q2,0.13204964349137507
TREE_RANKING,2026-05-03 00:00:00+00:00,2026_Q2,-0.12087912087912088
TREE_RANKING,2026-05-04 00:00:00+00:00,2026_Q2,-0.1568089516460079
TREE_RANKING,2026-05-05 00:00:00+00:00,2026_Q2,-0.07152689022449482
TREE_RANKING,2026-05-06 00:00:00+00:00,2026_Q2,0.16827730273693953
TREE_RANKING,2026-05-07 00:00:00+00:00,2026_Q2,0.049655597528932977
TREE_RANKING,2026-05-08 00:00:00+00:00,2026_Q2,-0.1678130886036225
TREE_RANKING,2026-05-09 00:00:00+00:00,2026_Q2,-0.21428571428571427
TREE_RANKING,2026-05-10 00:00:00+00:00,2026_Q2,0.024759308154632828
TREE_RANKING,2026-05-11 00:00:00+00:00,2026_Q2,0.21978021978021978
TREE_RANKING,2026-05-12 00:00:00+00:00,2026_Q2,0.8406593406593407
TREE_RANKING,2026-05-13 00:00:00+00:00,2026_Q2,-0.14855584892779697
TREE_RANKING,2026-05-14 00:00:00+00:00,2026_Q2,0.21212201702380482
TREE_RANKING,2026-05-15 00:00:00+00:00,2026_Q2,0.3002766215012302
TREE_RANKING,2026-05-16 00:00:00+00:00,2026_Q2,-0.23933997882811733
TREE_RANKING,2026-05-17 00:00:00+00:00,2026_Q2,0.6997271730395639
TREE_RANKING,2026-05-18 00:00:00+00:00,2026_Q2,-0.12965628243665833
TREE_RANKING,2026-05-19 00:00:00+00:00,2026_Q2,0.5557089163595367
TREE_RANKING,2026-05-20 00:00:00+00:00,2026_Q2,0.3021978021978022
TREE_RANKING,2026-05-21 00:00:00+00:00,2026_Q2,0.005494505494505494
TREE_RANKING,2026-05-22 00:00:00+00:00,2026_Q2,-0.041265513591054716
TREE_RANKING,2026-05-23 00:00:00+00:00,2026_Q2,0.10206983936502889
TREE_RANKING,2026-05-24 00:00:00+00:00,2026_Q2,0.24725274725274726
TREE_RANKING,2026-05-25 00:00:00+00:00,2026_Q2,0.43191237558637263
TREE_RANKING,2026-05-26 00:00:00+00:00,2026_Q2,0.11911768662644334
TREE_RANKING,2026-05-27 00:00:00+00:00,2026_Q2,-0.002758644307162943
TREE_RANKING,2026-05-28 00:00:00+00:00,2026_Q2,-0.01100413695761459
TREE_RANKING,2026-05-29 00:00:00+00:00,2026_Q2,0.49931461959649265
TREE_RANKING,2026-05-30 00:00:00+00:00,2026_Q2,-0.11538461538461539
TREE_RANKING,2026-05-31 00:00:00+00:00,2026_Q2,-0.013755171197018235
TREE_RANKING,2026-06-01 00:00:00+00:00,2026_Q2,-0.14305378044898964
TREE_RANKING,2026-06-02 00:00:00+00:00,2026_Q2,0.24725274725274726
TREE_RANKING,2026-06-03 00:00:00+00:00,2026_Q2,-0.3994505515383337
TREE_RANKING,2026-06-04 00:00:00+00:00,2026_Q2,-0.2341606681431612
TREE_RANKING,2026-06-05 00:00:00+00:00,2026_Q2,-0.26721864482219565
TREE_RANKING,2026-06-06 00:00:00+00:00,2026_Q2,0.5950435802226214
TREE_RANKING,2026-06-07 00:00:00+00:00,2026_Q2,-0.25274725274725274
TREE_RANKING,2026-06-08 00:00:00+00:00,2026_Q2,-0.12929860925197142
TREE_RANKING,2026-06-09 00:00:00+00:00,2026_Q2,0.47107616767624194
TREE_RANKING,2026-06-10 00:00:00+00:00,2026_Q2,0.28060549241917204
TREE_RANKING,2026-06-11 00:00:00+00:00,2026_Q2,-0.2802197802197803
TREE_RANKING,2026-06-12 00:00:00+00:00,2026_Q2,0.21978021978021978
TREE_RANKING,2026-06-13 00:00:00+00:00,2026_Q2,-0.10468359281694264
TREE_RANKING,2026-06-14 00:00:00+00:00,2026_Q2,-0.06887078474798858
TREE_RANKING,2026-06-15 00:00:00+00:00,2026_Q2,0.03305797667903452
TREE_RANKING,2026-06-16 00:00:00+00:00,2026_Q2,-0.42641030710756533
TREE_RANKING,2026-06-17 00:00:00+00:00,2026_Q2,-0.05785145918831041
TREE_RANKING,2026-06-18 00:00:00+00:00,2026_Q2,0.3548834168830705
TREE_RANKING,2026-06-19 00:00:00+00:00,2026_Q2,-0.21978021978021978
TREE_RANKING,2026-06-20 00:00:00+00:00,2026_Q2,0.03846153846153846
TREE_RANKING,2026-06-21 00:00:00+00:00,2026_Q2,0.5439560439560439
TREE_RANKING,2026-06-22 00:00:00+00:00,2026_Q2,0.4340659340659341
TREE_RANKING,2026-06-23 00:00:00+00:00,2026_Q2,-0.03586237599311826
TREE_RANKING,2026-06-24 00:00:00+00:00,2026_Q2,0.25274725274725274
TREE_RANKING,2026-06-25 00:00:00+00:00,2026_Q2,0.10989010989010989
TREE_RANKING,2026-06-26 00:00:00+00:00,2026_Q2,0.07427792446389848
TREE_RANKING,2026-06-27 00:00:00+00:00,2026_Q2,-0.530949608204904
TREE_RANKING,2026-06-28 00:00:00+00:00,2026_Q2,0.15405791740660424
TREE_RANKING,2026-06-29 00:00:00+00:00,2026_Q2,-0.15384615384615383
TREE_RANKING,2026-06-30 00:00:00+00:00,2026_Q2,0.34615384615384615
TREE_RANKING,2026-07-01 00:00:00+00:00,2026_JulAug,0.2448420473069246
TREE_RANKING,2026-07-02 00:00:00+00:00,2026_JulAug,0.09890109890109891
TREE_RANKING,2026-07-03 00:00:00+00:00,2026_JulAug,0.013774156949597716
TREE_RANKING,2026-07-04 00:00:00+00:00,2026_JulAug,-0.03851447935165106
TREE_RANKING,2026-07-05 00:00:00+00:00,2026_JulAug,-0.19230769230769232
TREE_RANKING,2026-07-06 00:00:00+00:00,2026_JulAug,0.3911860573685751
TREE_RANKING,2026-07-07 00:00:00+00:00,2026_JulAug,0.5824175824175823
TREE_RANKING,2026-07-08 00:00:00+00:00,2026_JulAug,0.10178826685793495
TREE_RANKING,2026-07-09 00:00:00+00:00,2026_JulAug,0.1155434380549532
TREE_RANKING,2026-07-10 00:00:00+00:00,2026_JulAug,0.09903723261853131
TREE_RANKING,2026-07-11 00:00:00+00:00,2026_JulAug,0.4704268549380237
TREE_RANKING,2026-07-12 00:00:00+00:00,2026_JulAug,-0.48895773879719945
TREE_RANKING,2026-07-13 00:00:00+00:00,2026_JulAug,-0.32231527262058657
TREE_RANKING,2026-07-14 00:00:00+00:00,2026_JulAug,-0.14285714285714285
TREE_RANKING,2026-07-15 00:00:00+00:00,2026_JulAug,0.5392027109231149
TREE_RANKING,2026-07-16 00:00:00+00:00,2026_JulAug,0.19532343099765895
TREE_RANKING,2026-07-17 00:00:00+00:00,2026_JulAug,0.09903723261853131
TREE_RANKING,2026-07-18 00:00:00+00:00,2026_JulAug,-0.2087912087912088
TREE_RANKING,2026-07-19 00:00:00+00:00,2026_JulAug,0.26373626373626374
TREE_RANKING,2026-07-20 00:00:00+00:00,2026_JulAug,-0.15384615384615383
TREE_RANKING,2026-07-21 00:00:00+00:00,2026_JulAug,0.10178826685793495
TREE_RANKING,2026-07-22 00:00:00+00:00,2026_JulAug,0.30303145289114974
TREE_RANKING,2026-07-23 00:00:00+00:00,2026_JulAug,0.2087912087912088
TREE_RANKING,2026-07-24 00:00:00+00:00,2026_JulAug,-0.02754831389919543
TREE_RANKING,2026-07-25 00:00:00+00:00,2026_JulAug,0.4010989010989011
TREE_RANKING,2026-07-26 00:00:00+00:00,2026_JulAug,-0.14305378044898964
TREE_RANKING,2026-07-27 00:00:00+00:00,2026_JulAug,0.3136179032920158
TREE_RANKING,2026-07-28 00:00:00+00:00,2026_JulAug,-0.09078412990032037
TREE_RANKING,2026-07-29 00:00:00+00:00,2026_JulAug,0.37964272503770335
TREE_RANKING,2026-07-30 00:00:00+00:00,2026_JulAug,0.22283377339169544
TREE_RANKING,2026-07-31 00:00:00+00:00,2026_JulAug,0.5439560439560439
TREE_RANKING,2026-08-01 00:00:00+00:00,2026_JulAug,-0.016483516483516484
TREE_RANKING,2026-08-02 00:00:00+00:00,2026_JulAug,0.11829447229435683
TREE_RANKING,2026-08-03 00:00:00+00:00,2026_JulAug,0.049450549450549455
TREE_RANKING,2026-08-04 00:00:00+00:00,2026_JulAug,0.04395604395604395
TREE_RANKING,2026-08-05 00:00:00+00:00,2026_JulAug,-0.37912087912087916
TREE_RANKING,2026-08-06 00:00:00+00:00,2026_JulAug,-0.20082549947646627
TREE_RANKING,2026-08-07 00:00:00+00:00,2026_JulAug,0.662999251696279
TREE_RANKING,2026-08-08 00:00:00+00:00,2026_JulAug,0.03851447935165106
TREE_RANKING,2026-08-09 00:00:00+00:00,2026_JulAug,0.049450549450549455
TREE_RANKING,2026-08-10 00:00:00+00:00,2026_JulAug,0.18982136251885168
TREE_RANKING,2026-08-11 00:00:00+00:00,2026_JulAug,-0.34615384615384615
TREE_RANKING,2026-08-12 00:00:00+00:00,2026_JulAug,0.0879120879120879
TREE_RANKING,2026-08-13 00:00:00+00:00,2026_JulAug,0.1568089516460079
TREE_RANKING,2026-08-14 00:00:00+00:00,2026_JulAug,0.3878958277559143
TREE_RANKING,2026-08-15 00:00:00+00:00,2026_JulAug,0.17704434435580466
TREE_RANKING,2026-08-16 00:00:00+00:00,2026_JulAug,-0.4340659340659341
TREE_RANKING,2026-08-17 00:00:00+00:00,2026_JulAug,0.06043956043956044
TREE_RANKING,2026-08-18 00:00:00+00:00,2026_JulAug,0.5714285714285714
TREE_RANKING,2026-08-19 00:00:00+00:00,2026_JulAug,0.35862375993118256
TREE_RANKING,2026-08-20 00:00:00+00:00,2026_JulAug,0.10729033533674226
TREE_RANKING,2026-08-21 00:00:00+00:00,2026_JulAug,-0.12379654077316414
TREE_RANKING,2026-08-22 00:00:00+00:00,2026_JulAug,0.20222304938907823
TREE_RANKING,2026-08-23 00:00:00+00:00,2026_JulAug,0.17127333223404725
TREE_RANKING,2026-08-24 00:00:00+00:00,2026_JulAug,-0.4594227179804091
TREE_RANKING,2026-08-25 00:00:00+00:00,2026_JulAug,0.7685979577875526
TREE_RANKING,2026-08-26 00:00:00+00:00,2026_JulAug,-0.0879120879120879
TREE_RANKING,2026-08-27 00:00:00+00:00,2026_JulAug,0.3681318681318681
TREE_RANKING,2026-08-28 00:00:00+00:00,2026_JulAug,0.20110269146412663
TREE_RANKING,2026-08-29 00:00:00+00:00,2026_JulAug,0.04132247084879315
TREE_RANKING,2026-08-30 00:00:00+00:00,2026_JulAug,0.09379390644354005
