window_start,window_end,return,max_drawdown,fees,turnover,mode,return_baseline,strategy,incremental_return
2026-01-01 00:00:00+00:00,2026-01-14 00:00:00+00:00,0.03444941211124153,-0.011160559330396613,0.004803785841971048,4.803785841971049,daily,0.049312362341033866,ML_FILTERED_TREND824,-0.014862950229792338
2026-01-02 00:00:00+00:00,2026-01-15 00:00:00+00:00,0.032065977010910185,-0.012435416821861223,0.00496145465003986,4.96145465003986,daily,0.04419594107237046,ML_FILTERED_TREND824,-0.012129964061460274
2026-01-03 00:00:00+00:00,2026-01-16 00:00:00+00:00,0.016156150622449017,-0.012435416821861223,0.0047297805466462025,4.729780546646202,daily,0.0015633418140050814,ML_FILTERED_TREND824,0.014592808808443936
2026-01-04 00:00:00+00:00,2026-01-17 00:00:00+00:00,0.01531290820508957,-0.012435416821861445,0.004833788484199991,4.833788484199991,daily,-0.00021033464094322163,ML_FILTERED_TREND824,0.015523242846032792
2026-01-05 00:00:00+00:00,2026-01-18 00:00:00+00:00,0.011677520887424908,-0.012435416821861223,0.004992429526916301,4.992429526916301,daily,-0.00980067025577902,ML_FILTERED_TREND824,0.02147819114320393
2026-01-06 00:00:00+00:00,2026-01-19 00:00:00+00:00,-0.006924495506679396,-0.012873382237492792,0.005185250062594671,5.185250062594672,daily,-0.05359491124843496,ML_FILTERED_TREND824,0.046670415741755567
2026-01-07 00:00:00+00:00,2026-01-20 00:00:00+00:00,0.007463025785112709,-0.012251065336768674,0.005144523892803915,5.144523892803915,daily,-0.006952465155361298,ML_FILTERED_TREND824,0.014415490940474007
2026-01-08 00:00:00+00:00,2026-01-21 00:00:00+00:00,0.005205917178705777,-0.012251065336768563,0.004917000352866843,4.917000352866842,daily,-0.004660098676699587,ML_FILTERED_TREND824,0.009866015855405363
2026-01-09 00:00:00+00:00,2026-01-22 00:00:00+00:00,-0.0038376488059389535,-0.012363534059691483,0.005186081581280794,5.186081581280793,daily,-0.022828994230591038,ML_FILTERED_TREND824,0.018991345424652084
2026-01-10 00:00:00+00:00,2026-01-23 00:00:00+00:00,-0.00442555371423603,-0.01313487973201799,0.0051676482443243415,5.167648244324341,daily,-0.01859472047941524,ML_FILTERED_TREND824,0.014169166765179209
2026-01-11 00:00:00+00:00,2026-01-24 00:00:00+00:00,-0.00509443208716942,-0.013134879732017879,0.005130019413699056,5.130019413699056,daily,-0.021201461559032242,ML_FILTERED_TREND824,0.01610702947186282
2026-01-12 00:00:00+00:00,2026-01-25 00:00:00+00:00,0.011994658517851864,-0.013134879732018212,0.005192394383934142,5.192394383934142,daily,0.01999782505546044,ML_FILTERED_TREND824,-0.008003166537608575
2026-01-13 00:00:00+00:00,2026-01-26 00:00:00+00:00,0.007882286899051127,-0.01313487973201799,0.004608559674054876,4.608559674054876,daily,-0.0013563926294815065,ML_FILTERED_TREND824,0.009238679528532634
2026-01-14 00:00:00+00:00,2026-01-27 00:00:00+00:00,0.020895971077262487,-0.01313487973201799,0.004775784148296297,4.775784148296298,daily,0.034909304267986885,ML_FILTERED_TREND824,-0.014013333190724397
2026-01-15 00:00:00+00:00,2026-01-28 00:00:00+00:00,0.01867976171305674,-0.013134879732018212,0.004756384739621968,4.756384739621969,daily,0.026917944536907656,ML_FILTERED_TREND824,-0.008238182823850915
2026-01-16 00:00:00+00:00,2026-01-29 00:00:00+00:00,0.024547936326310138,-0.01313487973201799,0.004821699555557118,4.821699555557119,daily,0.02697786508436928,ML_FILTERED_TREND824,-0.002429928758059141
2026-01-17 00:00:00+00:00,2026-01-30 00:00:00+00:00,0.024455098011691767,-0.013134879732018212,0.004646235079275397,4.646235079275398,daily,0.04214644344561935,ML_FILTERED_TREND824,-0.017691345433927586
2026-01-18 00:00:00+00:00,2026-01-31 00:00:00+00:00,0.023750168069283983,-0.01313487973201799,0.004256266559500576,4.256266559500576,daily,0.08697447678906745,ML_FILTERED_TREND824,-0.06322430871978346
2026-01-19 00:00:00+00:00,2026-02-01 00:00:00+00:00,0.023331809075159304,-0.013134879732018101,0.003793082855958871,3.7930828559588714,daily,0.11223414750073069,ML_FILTERED_TREND824,-0.08890233842557138
2026-01-20 00:00:00+00:00,2026-02-02 00:00:00+00:00,0.016868443041147207,-0.013134879732018101,0.0038547518310159384,3.854751831015938,daily,0.09036344137954733,ML_FILTERED_TREND824,-0.07349499833840012
2026-01-21 00:00:00+00:00,2026-02-03 00:00:00+00:00,-0.010398904876989135,-0.014679261346337236,0.004208031982544389,4.208031982544389,daily,0.011639825411990934,ML_FILTERED_TREND824,-0.02203873028898007
2026-01-22 00:00:00+00:00,2026-02-04 00:00:00+00:00,0.014094007689522181,-0.014679261346337347,0.004477418717121707,4.477418717121706,daily,0.054545165903517434,ML_FILTERED_TREND824,-0.04045115821399525
2026-01-23 00:00:00+00:00,2026-02-05 00:00:00+00:00,0.07100341436650237,-0.014679261346337347,0.004126557755374113,4.1265577553741135,daily,0.18439638635026157,ML_FILTERED_TREND824,-0.1133929719837592
2026-01-24 00:00:00+00:00,2026-02-06 00:00:00+00:00,0.05885142378018382,-0.014679261346337347,0.004099885238651714,4.099885238651714,daily,0.0776755897668937,ML_FILTERED_TREND824,-0.018824165986709884
2026-01-25 00:00:00+00:00,2026-02-07 00:00:00+00:00,0.058822250040339696,-0.014679261346337458,0.004266142243931681,4.266142243931681,daily,0.0837288003379355,ML_FILTERED_TREND824,-0.02490655029759581
2026-01-26 00:00:00+00:00,2026-02-08 00:00:00+00:00,0.044519392880896236,-0.014679261346337236,0.004070876196799696,4.070876196799696,daily,0.04863921577015451,ML_FILTERED_TREND824,-0.004119822889258273
2026-01-27 00:00:00+00:00,2026-02-09 00:00:00+00:00,0.051875744869005036,-0.014679261346337347,0.004098538280943183,4.098538280943184,daily,0.08010669155122008,ML_FILTERED_TREND824,-0.02823094668221504
2026-01-28 00:00:00+00:00,2026-02-10 00:00:00+00:00,0.038228294466972956,-0.016480348112039467,0.0036629939815594754,3.6629939815594756,daily,0.05070888902756132,ML_FILTERED_TREND824,-0.012480594560588365
2026-01-29 00:00:00+00:00,2026-02-11 00:00:00+00:00,0.04560416320970795,-0.016480348112039467,0.003744319868079632,3.7443198680796317,daily,0.07909962212579269,ML_FILTERED_TREND824,-0.03349545891608474
2026-01-30 00:00:00+00:00,2026-02-12 00:00:00+00:00,0.0464864010067596,-0.016480348112039245,0.0038260420507660107,3.8260420507660107,daily,0.099177484193961,ML_FILTERED_TREND824,-0.05269108318720139
2026-01-31 00:00:00+00:00,2026-02-13 00:00:00+00:00,0.031803749309766705,-0.02030323724494043,0.003934957602719143,3.934957602719142,daily,0.054788681021773256,ML_FILTERED_TREND824,-0.02298493171200655
2026-02-01 00:00:00+00:00,2026-02-14 00:00:00+00:00,0.03700459115758514,-0.020303237244940098,0.004470574934689612,4.47057493468961,daily,0.03234377272619837,ML_FILTERED_TREND824,0.004660818431386771
2026-02-02 00:00:00+00:00,2026-02-15 00:00:00+00:00,0.0261943569430112,-0.0261139854086333,0.004574251901870729,4.574251901870728,daily,-0.024277702977168136,ML_FILTERED_TREND824,0.050472059920179335
2026-02-03 00:00:00+00:00,2026-02-16 00:00:00+00:00,0.03227927684828513,-0.027660893341807102,0.004729982162693351,4.729982162693351,daily,-0.00847405309429572,ML_FILTERED_TREND824,0.04075332994258085
2026-02-04 00:00:00+00:00,2026-02-17 00:00:00+00:00,0.0369874874914351,-0.029834757831908476,0.004574258794757155,4.574258794757156,daily,0.005758069712535896,ML_FILTERED_TREND824,0.031229417778899204
2026-02-05 00:00:00+00:00,2026-02-18 00:00:00+00:00,0.01802343426405817,-0.030490636003822957,0.004320924597262558,4.320924597262557,daily,-0.015375531848536017,ML_FILTERED_TREND824,0.033398966112594186
2026-02-06 00:00:00+00:00,2026-02-19 00:00:00+00:00,-0.030437354079470125,-0.02425189155365637,0.00419303793679609,4.19303793679609,daily,-0.11864649195996668,ML_FILTERED_TREND824,0.08820913788049656
2026-02-07 00:00:00+00:00,2026-02-20 00:00:00+00:00,-0.01871823591123456,-0.024371922319480155,0.003992604567653803,3.9926045676538022,daily,-0.03375054239571884,ML_FILTERED_TREND824,0.015032306484484281
2026-02-08 00:00:00+00:00,2026-02-21 00:00:00+00:00,-0.01878309546532264,-0.02441557936876948,0.0038048838372343142,3.8048838372343146,daily,-0.03550387896594731,ML_FILTERED_TREND824,0.01672078350062467
2026-02-09 00:00:00+00:00,2026-02-22 00:00:00+00:00,-0.02062268903594011,-0.026816461366580446,0.0037135885741962547,3.7135885741962547,daily,-0.04142691932850939,ML_FILTERED_TREND824,0.02080423029256928
2026-02-10 00:00:00+00:00,2026-02-23 00:00:00+00:00,-0.015568058469392576,-0.026816461366580557,0.0038576752069589245,3.857675206958924,daily,-0.022225519099579483,ML_FILTERED_TREND824,0.006657460630186907
2026-02-11 00:00:00+00:00,2026-02-24 00:00:00+00:00,-0.013353261400860128,-0.026816461366580446,0.0038212125911857263,3.821212591185726,daily,-0.012567764582586238,ML_FILTERED_TREND824,-0.0007854968182738897
2026-02-12 00:00:00+00:00,2026-02-25 00:00:00+00:00,-0.021106724801952526,-0.026816461366580446,0.003813331415488793,3.8133314154887925,daily,-0.03854744146230682,ML_FILTERED_TREND824,0.017440716660354294
2026-02-13 00:00:00+00:00,2026-02-26 00:00:00+00:00,-0.03183600682237653,-0.022520818377498086,0.00391781228567226,3.917812285672259,daily,-0.056625298152484405,ML_FILTERED_TREND824,0.024789291330107877
2026-02-14 00:00:00+00:00,2026-02-27 00:00:00+00:00,-0.01696089727224903,-0.022520818377497753,0.004256552082983668,4.256552082983668,daily,-0.023546791887117613,ML_FILTERED_TREND824,0.0065858946148685815
2026-02-15 00:00:00+00:00,2026-02-28 00:00:00+00:00,-0.02739301692708551,-0.017155176952991735,0.003970169717179027,3.9701697171790276,daily,-0.06079974785810127,ML_FILTERED_TREND824,0.03340673093101576
2026-02-16 00:00:00+00:00,2026-03-01 00:00:00+00:00,-0.021034507802914715,-0.019477057859974778,0.0045417133074238366,4.541713307423837,daily,-0.04118559144513745,ML_FILTERED_TREND824,0.020151083642222734
2026-02-17 00:00:00+00:00,2026-03-02 00:00:00+00:00,-0.024410245476774395,-0.024012270833520755,0.004543649482847782,4.543649482847782,daily,-0.03636041646252497,ML_FILTERED_TREND824,0.011950170985750574
2026-02-18 00:00:00+00:00,2026-03-03 00:00:00+00:00,-0.028666052092337524,-0.030442316653883528,0.004774204010929185,4.774204010929186,daily,-0.04274162118560276,ML_FILTERED_TREND824,0.014075569093265239
2026-02-19 00:00:00+00:00,2026-03-04 00:00:00+00:00,-0.02940909596189556,-0.03183896774811079,0.0049768991398227,4.976899139822699,daily,-0.04255966985602977,ML_FILTERED_TREND824,0.01315057389413421
2026-02-20 00:00:00+00:00,2026-03-05 00:00:00+00:00,-0.03729222231513496,-0.03964958304514776,0.0052345210206286305,5.23452102062863,daily,-0.052023716579361445,ML_FILTERED_TREND824,0.014731494264226486
2026-02-21 00:00:00+00:00,2026-03-06 00:00:00+00:00,-0.03363362343023635,-0.039649583045147985,0.005551497634346288,5.551497634346287,daily,-0.026725182817914916,ML_FILTERED_TREND824,-0.0069084406123214315
2026-02-22 00:00:00+00:00,2026-03-07 00:00:00+00:00,-0.029918543003098486,-0.039649583045147874,0.005615882110227761,5.615882110227761,daily,-0.019425159954935656,ML_FILTERED_TREND824,-0.01049338304816283
2026-02-23 00:00:00+00:00,2026-03-08 00:00:00+00:00,-0.0223805426979361,-0.039649583045148096,0.005559214122593012,5.559214122593013,daily,0.002510521211500194,ML_FILTERED_TREND824,-0.024891063909436295
2026-02-24 00:00:00+00:00,2026-03-09 00:00:00+00:00,-0.038077530718189645,-0.038109514452394966,0.005376403802649322,5.376403802649322,daily,-0.049328308926784636,ML_FILTERED_TREND824,0.011250778208594991
2026-02-25 00:00:00+00:00,2026-03-10 00:00:00+00:00,-0.036305757739919176,-0.036845907274257406,0.005878878653740347,5.8788786537403475,daily,-0.05270962359362852,ML_FILTERED_TREND824,0.016403865853709343
2026-02-26 00:00:00+00:00,2026-03-11 00:00:00+00:00,-0.03482532610668221,-0.030812309923798797,0.006009526186099724,6.009526186099723,daily,-0.04881806259392418,ML_FILTERED_TREND824,0.013992736487241975
2026-02-27 00:00:00+00:00,2026-03-12 00:00:00+00:00,-0.02750074967351568,-0.030812309923798797,0.00578505566487275,5.78505566487275,daily,-0.030408555221116407,ML_FILTERED_TREND824,0.002907805547600728
2026-02-28 00:00:00+00:00,2026-03-13 00:00:00+00:00,-0.028166400809422787,-0.024836871450910514,0.005516902401945759,5.516902401945759,daily,-0.03315064613342966,ML_FILTERED_TREND824,0.004984245324006875
2026-03-01 00:00:00+00:00,2026-03-14 00:00:00+00:00,-0.02398683999039808,-0.02097260816641222,0.00561281546604472,5.6128154660447205,daily,-0.024976130226512683,ML_FILTERED_TREND824,0.0009892902361146039
2026-03-02 00:00:00+00:00,2026-03-15 00:00:00+00:00,-0.017368712248321483,-0.016022037720681004,0.005139434180188839,5.139434180188839,daily,-0.01113551628598275,ML_FILTERED_TREND824,-0.006233195962338733
2026-03-03 00:00:00+00:00,2026-03-16 00:00:00+00:00,-0.00016921622336052433,-0.011743052225385742,0.004751846692724676,4.751846692724676,daily,0.03855290800267541,ML_FILTERED_TREND824,-0.03872212422603594
2026-03-04 00:00:00+00:00,2026-03-17 00:00:00+00:00,0.004240099859776025,-0.011743052225385853,0.004369716931792338,4.369716931792337,daily,0.03396852744691903,ML_FILTERED_TREND824,-0.029728427587143003
2026-03-05 00:00:00+00:00,2026-03-18 00:00:00+00:00,0.001107364781089526,-0.011743052225385853,0.004177197285332487,4.177197285332487,daily,0.018023386335073166,ML_FILTERED_TREND824,-0.01691602155398364
2026-03-06 00:00:00+00:00,2026-03-19 00:00:00+00:00,0.012469673893684252,-0.01174305222538563,0.004219857601905381,4.219857601905381,daily,0.0479225637478331,ML_FILTERED_TREND824,-0.03545288985414885
2026-03-07 00:00:00+00:00,2026-03-20 00:00:00+00:00,0.007008534755617912,-0.011743052225385853,0.004010288798540506,4.010288798540506,daily,0.018436561824828113,ML_FILTERED_TREND824,-0.0114280270692102
2026-03-08 00:00:00+00:00,2026-03-21 00:00:00+00:00,-0.0002068472857125192,-0.011743052225385964,0.00426664318397299,4.266643183972991,daily,-0.0008983011942687025,ML_FILTERED_TREND824,0.0006914539085561833
2026-03-09 00:00:00+00:00,2026-03-22 00:00:00+00:00,-0.005095942917721086,-0.008743565053817903,0.004452185768532746,4.452185768532746,daily,-0.004805992324052322,ML_FILTERED_TREND824,-0.0002899505936687641
2026-03-10 00:00:00+00:00,2026-03-23 00:00:00+00:00,-0.012139611323203847,-0.02621119089763191,0.004549956749229217,4.549956749229217,daily,-0.013966981093474828,ML_FILTERED_TREND824,0.0018273697702709812
2026-03-11 00:00:00+00:00,2026-03-24 00:00:00+00:00,-0.011222709660172248,-0.02621119089763213,0.004400885518369937,4.400885518369937,daily,-0.008485763181359407,ML_FILTERED_TREND824,-0.0027369464788128406
2026-03-12 00:00:00+00:00,2026-03-25 00:00:00+00:00,-0.010799082278951322,-0.02621119089763224,0.00417876446372819,4.178764463728189,daily,-0.006104134585644738,ML_FILTERED_TREND824,-0.004694947693306584
2026-03-13 00:00:00+00:00,2026-03-26 00:00:00+00:00,-0.01660273667405132,-0.03000387464596621,0.004126158284595209,4.126158284595209,daily,-0.03094910591984501,ML_FILTERED_TREND824,0.014346369245793689
2026-03-14 00:00:00+00:00,2026-03-27 00:00:00+00:00,-0.013058162217959524,-0.030003874645966322,0.004211703811444763,4.211703811444763,daily,-0.001830306446087615,ML_FILTERED_TREND824,-0.011227855771871909
2026-03-15 00:00:00+00:00,2026-03-28 00:00:00+00:00,-0.010357619739024604,-0.03000387464596621,0.0039594068638405975,3.9594068638405977,daily,0.007293505406380962,ML_FILTERED_TREND824,-0.017651125145405566
2026-03-16 00:00:00+00:00,2026-03-29 00:00:00+00:00,-0.01087099820751447,-0.03000387464596621,0.003962383747652885,3.9623837476528854,daily,0.003929411002747019,ML_FILTERED_TREND824,-0.01480040921026149
2026-03-17 00:00:00+00:00,2026-03-30 00:00:00+00:00,-0.026564527327725962,-0.027858127364625895,0.004050785487229666,4.050785487229667,daily,-0.04840649323339519,ML_FILTERED_TREND824,0.021841965905669225
2026-03-18 00:00:00+00:00,2026-03-31 00:00:00+00:00,-0.029635757264753426,-0.02829543523856104,0.0040440628758818915,4.044062875881892,daily,-0.04746858157841194,ML_FILTERED_TREND824,0.017832824313658513
2026-03-19 00:00:00+00:00,2026-04-01 00:00:00+00:00,-0.02579233305460371,-0.028890852631974884,0.004403135338350321,4.403135338350321,daily,-0.04154988359384615,ML_FILTERED_TREND824,0.015757550539242438
2026-03-20 00:00:00+00:00,2026-04-02 00:00:00+00:00,-0.024339640228582704,-0.027147763051094675,0.0042665302279016855,4.2665302279016855,daily,-0.0520137334206755,ML_FILTERED_TREND824,0.027674093192092797
2026-03-21 00:00:00+00:00,2026-04-03 00:00:00+00:00,-0.023880397872536263,-0.024201060623317283,0.004223039487662069,4.22303948766207,daily,-0.05501541204412175,ML_FILTERED_TREND824,0.031135014171585484
2026-03-22 00:00:00+00:00,2026-04-04 00:00:00+00:00,-0.01979607428656327,-0.02420106062331706,0.004093827603656551,4.093827603656552,daily,-0.04536406625001199,ML_FILTERED_TREND824,0.025567991963448722
2026-03-23 00:00:00+00:00,2026-04-05 00:00:00+00:00,-0.014801043531750047,-0.009621080594161446,0.0040690799515755525,4.069079951575552,daily,-0.039277492030213024,ML_FILTERED_TREND824,0.024476448498462977
2026-03-24 00:00:00+00:00,2026-04-06 00:00:00+00:00,0.0002580366011903923,-0.009621080594161668,0.0038932049098079767,3.8932049098079773,daily,-0.004303230098480215,ML_FILTERED_TREND824,0.0045612666996706075
2026-03-25 00:00:00+00:00,2026-04-07 00:00:00+00:00,-0.004603345930913938,-0.009621080594161557,0.003772403042677205,3.7724030426772064,daily,-0.022481034866210114,ML_FILTERED_TREND824,0.017877688935296177
2026-03-26 00:00:00+00:00,2026-04-08 00:00:00+00:00,-0.01140118252230704,-0.012888846258028441,0.003870126180254818,3.8701261802548186,daily,-0.04431406130663529,ML_FILTERED_TREND824,0.03291287878432825
2026-03-27 00:00:00+00:00,2026-04-09 00:00:00+00:00,-0.006811977201281905,-0.013961382295443747,0.00394060157740667,3.940601577406672,daily,-0.027070264068855154,ML_FILTERED_TREND824,0.02025828686757325
2026-03-28 00:00:00+00:00,2026-04-10 00:00:00+00:00,-0.00950700777582314,-0.01396138229544408,0.0037098980830292025,3.709898083029203,daily,-0.04959692389516501,ML_FILTERED_TREND824,0.04008991611934187
2026-03-29 00:00:00+00:00,2026-04-11 00:00:00+00:00,-0.008577251154129995,-0.013961382295443858,0.0038051337962349877,3.8051337962349883,daily,-0.04653223789463079,ML_FILTERED_TREND824,0.037954986740500796
2026-03-30 00:00:00+00:00,2026-04-12 00:00:00+00:00,-0.026574726168489993,-0.02649624971923603,0.0038786490076429063,3.8786490076429065,daily,-0.07924598747860823,ML_FILTERED_TREND824,0.052671261310118234
2026-03-31 00:00:00+00:00,2026-04-13 00:00:00+00:00,-0.030170322769172087,-0.033659681761473936,0.0043447430164344734,4.344743016434474,daily,-0.10908588660380192,ML_FILTERED_TREND824,0.07891556383462983
2026-04-01 00:00:00+00:00,2026-04-14 00:00:00+00:00,-0.026066634097575814,-0.034767712045851606,0.0047306443525881575,4.730644352588157,daily,-0.09847218853677131,ML_FILTERED_TREND824,0.0724055544391955
2026-04-02 00:00:00+00:00,2026-04-15 00:00:00+00:00,-0.02476944382042734,-0.034767712045851495,0.004541331849271258,4.541331849271258,daily,-0.09029144937500633,ML_FILTERED_TREND824,0.06552200555457899
2026-04-03 00:00:00+00:00,2026-04-16 00:00:00+00:00,-0.027314272499833647,-0.03476771204585183,0.004397270584241037,4.397270584241036,daily,-0.07665869363552746,ML_FILTERED_TREND824,0.04934442113569382
2026-04-04 00:00:00+00:00,2026-04-17 00:00:00+00:00,-0.025197664618096027,-0.034767712045851606,0.004362169342857728,4.362169342857728,daily,-0.05641637357557572,ML_FILTERED_TREND824,0.03121870895747969
2026-04-05 00:00:00+00:00,2026-04-18 00:00:00+00:00,-0.033793360336432876,-0.039051890332330697,0.00430066402490209,4.300664024902089,daily,-0.07943000760053409,ML_FILTERED_TREND824,0.045636647264101216
2026-04-06 00:00:00+00:00,2026-04-19 00:00:00+00:00,-0.03417102281222684,-0.03618063900072699,0.0046242016783127945,4.624201678312795,daily,-0.07331313963827091,ML_FILTERED_TREND824,0.03914211682604407
2026-04-07 00:00:00+00:00,2026-04-20 00:00:00+00:00,-0.03738248964357227,-0.03380803105796326,0.004665594265608032,4.665594265608031,daily,-0.0882798536941215,ML_FILTERED_TREND824,0.05089736405054923
2026-04-08 00:00:00+00:00,2026-04-21 00:00:00+00:00,-0.03476525338829062,-0.030772616194158164,0.004817608374559904,4.817608374559906,daily,-0.07727013987174847,ML_FILTERED_TREND824,0.04250488648345785
2026-04-09 00:00:00+00:00,2026-04-22 00:00:00+00:00,-0.028708986080151155,-0.030772616194158386,0.0048393076582328096,4.83930765823281,daily,-0.05424849752707306,ML_FILTERED_TREND824,0.025539511446921903
2026-04-10 00:00:00+00:00,2026-04-23 00:00:00+00:00,-0.029903936132855802,-0.0329659163246665,0.004839972706321508,4.83997270632151,daily,-0.05252518609146817,ML_FILTERED_TREND824,0.022621249958612366
2026-04-11 00:00:00+00:00,2026-04-24 00:00:00+00:00,-0.03152370270332039,-0.033280637881979325,0.00526897772666198,5.268977726661982,daily,-0.061958128567233484,ML_FILTERED_TREND824,0.030434425863913095
2026-04-12 00:00:00+00:00,2026-04-25 00:00:00+00:00,-0.033790880819669855,-0.01817203124732969,0.005426551112960187,5.426551112960188,daily,-0.06789809397768298,ML_FILTERED_TREND824,0.03410721315801313
2026-04-13 00:00:00+00:00,2026-04-26 00:00:00+00:00,-0.02239241347286569,-0.01758930864921271,0.005511315734932164,5.511315734932164,daily,-0.04853999258422026,ML_FILTERED_TREND824,0.02614757911135457
2026-04-14 00:00:00+00:00,2026-04-27 00:00:00+00:00,-0.028893755646897556,-0.031303491072055656,0.005556789424588995,5.556789424588997,daily,-0.04268133915827288,ML_FILTERED_TREND824,0.013787583511375323
2026-04-15 00:00:00+00:00,2026-04-28 00:00:00+00:00,-0.02818380716584379,-0.031706848258054254,0.0053384141296251636,5.338414129625164,daily,-0.03333749763077043,ML_FILTERED_TREND824,0.005153690464926641
2026-04-16 00:00:00+00:00,2026-04-29 00:00:00+00:00,-0.025086227141732254,-0.031706848258054476,0.005373860137569248,5.373860137569248,daily,-0.026710606556705763,ML_FILTERED_TREND824,0.0016243794149735091
2026-04-17 00:00:00+00:00,2026-04-30 00:00:00+00:00,-0.028608610960383474,-0.031706848258054365,0.005564280351443653,5.564280351443653,daily,-0.046513597273822094,ML_FILTERED_TREND824,0.01790498631343862
2026-04-18 00:00:00+00:00,2026-05-01 00:00:00+00:00,-0.030939769713052012,-0.02878419530186216,0.005608845342817762,5.608845342817761,daily,-0.06238739129325932,ML_FILTERED_TREND824,0.03144762158020731
2026-04-19 00:00:00+00:00,2026-05-02 00:00:00+00:00,-0.022712160713727836,-0.02878419530186216,0.005699576984703799,5.6995769847038,daily,-0.039417029712112805,ML_FILTERED_TREND824,0.01670486899838497
2026-04-20 00:00:00+00:00,2026-05-03 00:00:00+00:00,-0.027634967293651114,-0.02263243108583901,0.005226444369843707,5.226444369843707,daily,-0.06469320601824657,ML_FILTERED_TREND824,0.03705823872459546
2026-04-21 00:00:00+00:00,2026-05-04 00:00:00+00:00,-0.01753229500090414,-0.021714691902608885,0.005220776314435886,5.220776314435885,daily,-0.0335390145648925,ML_FILTERED_TREND824,0.01600671956398836
2026-04-22 00:00:00+00:00,2026-05-05 00:00:00+00:00,-0.015567678430274401,-0.021714691902608996,0.004907500711136799,4.907500711136799,daily,-0.028635927754162793,ML_FILTERED_TREND824,0.013068249323888392
2026-04-23 00:00:00+00:00,2026-05-06 00:00:00+00:00,-0.015203076876667554,-0.019444241122607564,0.0046320303451622725,4.632030345162272,daily,-0.016388633506349004,ML_FILTERED_TREND824,0.0011855566296814501
2026-04-24 00:00:00+00:00,2026-05-07 00:00:00+00:00,-0.011618659577154578,-0.019125015039466065,0.004535680221045356,4.535680221045355,daily,-0.013346518175662236,ML_FILTERED_TREND824,0.0017278585985076589
2026-04-25 00:00:00+00:00,2026-05-08 00:00:00+00:00,-0.0125487239723433,-0.018607027241691942,0.004096913690809371,4.096913690809371,daily,-0.02555424688611274,ML_FILTERED_TREND824,0.01300552291376944
2026-04-26 00:00:00+00:00,2026-05-09 00:00:00+00:00,-0.012052422260745543,-0.014370303309128696,0.004240696768866376,4.240696768866376,daily,-0.02636115883851231,ML_FILTERED_TREND824,0.014308736577766767
2026-04-27 00:00:00+00:00,2026-05-10 00:00:00+00:00,0.005001725773112753,-0.003103714005438185,0.004253410720573447,4.253410720573448,daily,0.009682239778355362,ML_FILTERED_TREND824,-0.004680514005242609
2026-04-28 00:00:00+00:00,2026-05-11 00:00:00+00:00,0.014319980116849429,-0.0048172782488371535,0.003984711759415158,3.9847117594151578,daily,0.04529216411717307,ML_FILTERED_TREND824,-0.030972184000323644
2026-04-29 00:00:00+00:00,2026-05-12 00:00:00+00:00,0.010949607395891903,-0.008537070778803058,0.003933333117639535,3.9333331176395347,daily,0.017036081822568105,ML_FILTERED_TREND824,-0.006086474426676203
2026-04-30 00:00:00+00:00,2026-05-13 00:00:00+00:00,0.013055366427173087,-0.008537070778802835,0.0041705355402645115,4.1705355402645115,daily,0.02343086004565542,ML_FILTERED_TREND824,-0.010375493618482334
2026-05-01 00:00:00+00:00,2026-05-14 00:00:00+00:00,0.0071812825906303335,-0.009915062906166505,0.004147407487912343,4.147407487912343,daily,0.007996650742155609,ML_FILTERED_TREND824,-0.0008153681515252753
2026-05-02 00:00:00+00:00,2026-05-15 00:00:00+00:00,0.005306915248132205,-0.013289946942957265,0.0042842136636524015,4.284213663652402,daily,-0.018383847996616853,ML_FILTERED_TREND824,0.023690763244749058
2026-05-03 00:00:00+00:00,2026-05-16 00:00:00+00:00,0.00488180104082403,-0.013337975758906273,0.003939966379838893,3.939966379838892,daily,-0.0013606729233940351,ML_FILTERED_TREND824,0.006242473964218065
2026-05-04 00:00:00+00:00,2026-05-17 00:00:00+00:00,0.008677172948653888,-0.013337975758906828,0.00431742504887186,4.31742504887186,daily,0.01300095973670845,ML_FILTERED_TREND824,-0.004323786788054562
2026-05-05 00:00:00+00:00,2026-05-18 00:00:00+00:00,0.00566238465463087,-0.013337975758906495,0.004429769063232861,4.42976906323286,daily,0.007069165284944834,ML_FILTERED_TREND824,-0.001406780630313964
2026-05-06 00:00:00+00:00,2026-05-19 00:00:00+00:00,0.007057721570761233,-0.013337975758906384,0.004461756634360063,4.4617566343600625,daily,0.005683524662288608,ML_FILTERED_TREND824,0.0013741969084726247
2026-05-07 00:00:00+00:00,2026-05-20 00:00:00+00:00,2.0875900215377996e-05,-0.013337975758906384,0.004789389303318561,4.789389303318561,daily,-0.026485075258159463,ML_FILTERED_TREND824,0.02650595115837484
2026-05-08 00:00:00+00:00,2026-05-21 00:00:00+00:00,-0.004379389673477507,-0.01577794183651937,0.005598234945933659,5.59823494593366,daily,-0.03144265367161636,ML_FILTERED_TREND824,0.027063263998138853
2026-05-09 00:00:00+00:00,2026-05-22 00:00:00+00:00,-0.01179695308228057,-0.024347464189010126,0.005759694285190837,5.759694285190838,daily,-0.03413759117741999,ML_FILTERED_TREND824,0.02234063809513942
2026-05-10 00:00:00+00:00,2026-05-23 00:00:00+00:00,-0.012946860129064097,-0.025507583325277472,0.005665886722562076,5.665886722562076,daily,-0.050193325517110754,ML_FILTERED_TREND824,0.03724646538804666
2026-05-11 00:00:00+00:00,2026-05-24 00:00:00+00:00,-0.02765996594469311,-0.02513589268315619,0.005804161417042599,5.804161417042599,daily,-0.07953354547770408,ML_FILTERED_TREND824,0.05187357953301097
2026-05-12 00:00:00+00:00,2026-05-25 00:00:00+00:00,-0.022449834660440926,-0.02513589268315619,0.005776977945781453,5.776977945781453,daily,-0.07735149056585366,ML_FILTERED_TREND824,0.05490165590541274
2026-05-13 00:00:00+00:00,2026-05-26 00:00:00+00:00,-0.015997439484521703,-0.02513589268315619,0.005703499855995422,5.703499855995423,daily,-0.05223403676644611,ML_FILTERED_TREND824,0.03623659728192441
2026-05-14 00:00:00+00:00,2026-05-27 00:00:00+00:00,-0.015590637780290573,-0.021593415648572423,0.0052568180141550095,5.25681801415501,daily,-0.050818044769311066,ML_FILTERED_TREND824,0.03522740698902049
2026-05-15 00:00:00+00:00,2026-05-28 00:00:00+00:00,-0.009374743112158579,-0.021593415648572534,0.005316394555242235,5.316394555242235,daily,-0.027957019149771667,ML_FILTERED_TREND824,0.018582276037613088
2026-05-16 00:00:00+00:00,2026-05-29 00:00:00+00:00,-0.0060055079443441794,-0.021593415648572423,0.005385065895806979,5.385065895806979,daily,0.0005219511498615326,ML_FILTERED_TREND824,-0.006527459094205712
2026-05-17 00:00:00+00:00,2026-05-30 00:00:00+00:00,0.014392121893517684,-0.021593415648572423,0.005938037763976148,5.938037763976148,daily,0.016486470681237098,ML_FILTERED_TREND824,-0.0020943487877194134
2026-05-18 00:00:00+00:00,2026-05-31 00:00:00+00:00,0.008264184597588375,-0.021593415648572534,0.005966109021668488,5.966109021668487,daily,-0.0038472029361366067,ML_FILTERED_TREND824,0.012111387533724982
2026-05-19 00:00:00+00:00,2026-06-01 00:00:00+00:00,0.014572676472282664,-0.021593415648572423,0.006462006966191862,6.462006966191861,daily,0.006179226519187564,ML_FILTERED_TREND824,0.0083934499530951
2026-05-20 00:00:00+00:00,2026-06-02 00:00:00+00:00,0.013686761933811242,-0.015125310080552512,0.006544055684443822,6.54405568444382,daily,0.05555770429479412,ML_FILTERED_TREND824,-0.04187094236098288
2026-05-21 00:00:00+00:00,2026-06-03 00:00:00+00:00,0.03114402773525482,-0.012072503364073617,0.006443793926331362,6.443793926331361,daily,0.10291775523278024,ML_FILTERED_TREND824,-0.07177372749752542
2026-05-22 00:00:00+00:00,2026-06-04 00:00:00+00:00,0.035892990929347945,-0.003395165424265989,0.005650569601398049,5.650569601398048,daily,0.13213142667797007,ML_FILTERED_TREND824,-0.09623843574862212
2026-05-23 00:00:00+00:00,2026-06-05 00:00:00+00:00,0.06893703526179484,-0.0022704918758335024,0.005754853475340445,5.754853475340445,daily,0.21626192489295026,ML_FILTERED_TREND824,-0.14732488963115542
2026-05-24 00:00:00+00:00,2026-06-06 00:00:00+00:00,0.07083687350519252,-0.0022704918758335024,0.005470971680707113,5.4709716807071125,daily,0.2413302604021592,ML_FILTERED_TREND824,-0.1704933868969667
2026-05-25 00:00:00+00:00,2026-06-07 00:00:00+00:00,0.05035038596799368,-0.021297753065300906,0.005098615973755115,5.098615973755114,daily,0.2083282900915544,ML_FILTERED_TREND824,-0.15797790412356072
2026-05-26 00:00:00+00:00,2026-06-08 00:00:00+00:00,0.045129369941375064,-0.025660853358618452,0.00553059954803971,5.530599548039711,daily,0.19682008160032516,ML_FILTERED_TREND824,-0.1516907116589501
2026-05-27 00:00:00+00:00,2026-06-09 00:00:00+00:00,0.0340097003380464,-0.03329149192086023,0.005755100232134392,5.755100232134393,daily,0.16619896550718294,ML_FILTERED_TREND824,-0.13218926516913654
2026-05-28 00:00:00+00:00,2026-06-10 00:00:00+00:00,0.03552821006896689,-0.03329149192086023,0.006066315389000204,6.066315389000203,daily,0.16467233380215407,ML_FILTERED_TREND824,-0.12914412373318718
2026-05-29 00:00:00+00:00,2026-06-11 00:00:00+00:00,0.026734076908701443,-0.03497615424189782,0.005925063326173357,5.925063326173356,daily,0.11167240185606819,ML_FILTERED_TREND824,-0.08493832494736675
2026-05-30 00:00:00+00:00,2026-06-12 00:00:00+00:00,0.025602674316704377,-0.03605802020185511,0.006076210307011096,6.076210307011095,daily,0.10876642497470779,ML_FILTERED_TREND824,-0.08316375065800341
2026-05-31 00:00:00+00:00,2026-06-13 00:00:00+00:00,0.006396756165041539,-0.03605802020185522,0.005745057028250331,5.745057028250331,daily,0.07483133507905015,ML_FILTERED_TREND824,-0.06843457891400861
2026-06-01 00:00:00+00:00,2026-06-14 00:00:00+00:00,0.019082343000201396,-0.036058020201855334,0.005621973569644873,5.621973569644872,daily,0.1081385290906367,ML_FILTERED_TREND824,-0.08905618609043531
2026-06-02 00:00:00+00:00,2026-06-15 00:00:00+00:00,0.024060951203118464,-0.036058020201855445,0.004968069830353849,4.9680698303538495,daily,0.12081126051213142,ML_FILTERED_TREND824,-0.09675030930901296
2026-06-03 00:00:00+00:00,2026-06-16 00:00:00+00:00,0.018358764883581236,-0.03605802020185522,0.004737814347986042,4.737814347986041,daily,0.05915842277853911,ML_FILTERED_TREND824,-0.040799657894957875
2026-06-04 00:00:00+00:00,2026-06-17 00:00:00+00:00,0.010354592040380028,-0.03605802020185522,0.005175542116121845,5.175542116121845,daily,0.03286471690530668,ML_FILTERED_TREND824,-0.02251012486492665
2026-06-05 00:00:00+00:00,2026-06-18 00:00:00+00:00,0.01122022335513817,-0.036058020201855334,0.005330081552766599,5.330081552766598,daily,0.04343786167234498,ML_FILTERED_TREND824,-0.03221763831720681
2026-06-06 00:00:00+00:00,2026-06-19 00:00:00+00:00,-0.011539150930928166,-0.03605802020185522,0.005189751523134073,5.189751523134073,daily,-0.012476292853255133,ML_FILTERED_TREND824,0.0009371419223269672
2026-06-07 00:00:00+00:00,2026-06-20 00:00:00+00:00,-0.010152434902544694,-0.015081468529150377,0.005515114380235945,5.5151143802359455,daily,-0.011208927017777204,ML_FILTERED_TREND824,0.0010564921152325102
2026-06-08 00:00:00+00:00,2026-06-21 00:00:00+00:00,0.0042832509761217,-0.010670993646387572,0.00580451885849543,5.80451885849543,daily,0.007600276005727213,ML_FILTERED_TREND824,-0.0033170250296055137
2026-06-09 00:00:00+00:00,2026-06-22 00:00:00+00:00,0.01311343979847246,-0.010670591264172247,0.005784449339479417,5.784449339479416,daily,0.02378677961738873,ML_FILTERED_TREND824,-0.010673339818916272
2026-06-10 00:00:00+00:00,2026-06-23 00:00:00+00:00,0.024108668819996515,-0.010670591264172136,0.0057683687868980696,5.768368786898069,daily,0.06177286071461885,ML_FILTERED_TREND824,-0.037664191894622334
2026-06-11 00:00:00+00:00,2026-06-24 00:00:00+00:00,0.023934605536234832,-0.007024607680432227,0.005571218125760564,5.571218125760565,daily,0.0642634039775134,ML_FILTERED_TREND824,-0.04032879844127857
2026-06-12 00:00:00+00:00,2026-06-25 00:00:00+00:00,0.0341529123872204,-0.007024607680432227,0.005635111606850574,5.635111606850574,daily,0.1219340287573365,ML_FILTERED_TREND824,-0.0877811163701161
2026-06-13 00:00:00+00:00,2026-06-26 00:00:00+00:00,0.03484803402414349,-0.007024607680432116,0.005082150566623067,5.082150566623066,daily,0.12202529431640219,ML_FILTERED_TREND824,-0.0871772602922587
2026-06-14 00:00:00+00:00,2026-06-27 00:00:00+00:00,0.03209295022181169,-0.007024607680432227,0.004927078644127412,4.92707864412741,daily,0.11386323846603541,ML_FILTERED_TREND824,-0.08177028824422372
2026-06-15 00:00:00+00:00,2026-06-28 00:00:00+00:00,0.023508444541366913,-0.007024607680432116,0.0050292640267086955,5.029264026708694,daily,0.09199618969445345,ML_FILTERED_TREND824,-0.06848774515308653
2026-06-16 00:00:00+00:00,2026-06-29 00:00:00+00:00,0.0017194415456021073,-0.009335033963982942,0.005232789761774173,5.232789761774172,daily,0.045838717609487656,ML_FILTERED_TREND824,-0.04411927606388555
2026-06-17 00:00:00+00:00,2026-06-30 00:00:00+00:00,0.007292889550996717,-0.009335033963983053,0.005747089632165727,5.747089632165725,daily,0.045854717026517555,ML_FILTERED_TREND824,-0.03856182747552084
2026-06-18 00:00:00+00:00,2026-07-01 00:00:00+00:00,-0.0012482265424169636,-0.013720287399285214,0.005532587893387042,5.532587893387041,daily,0.022568627343110492,ML_FILTERED_TREND824,-0.023816853885527456
2026-06-19 00:00:00+00:00,2026-07-02 00:00:00+00:00,0.015191700170989586,-0.013720287399285214,0.005956263279028233,5.956263279028232,daily,0.031054701218087066,ML_FILTERED_TREND824,-0.01586300104709748
2026-06-20 00:00:00+00:00,2026-07-03 00:00:00+00:00,0.016636212144722773,-0.013720287399285214,0.006108078861435905,6.108078861435906,daily,0.056606286762475255,ML_FILTERED_TREND824,-0.03997007461775248
2026-06-21 00:00:00+00:00,2026-07-04 00:00:00+00:00,0.01580935920045423,-0.013720287399285103,0.005952973564354656,5.952973564354656,daily,0.06256531502927709,ML_FILTERED_TREND824,-0.04675595582882286
2026-06-22 00:00:00+00:00,2026-07-05 00:00:00+00:00,0.026357294205072268,-0.013720287399285103,0.005867215572268024,5.867215572268024,daily,0.0872314404565897,ML_FILTERED_TREND824,-0.060874146251517436
2026-06-23 00:00:00+00:00,2026-07-06 00:00:00+00:00,0.021691364719836237,-0.013720287399285325,0.0050829102132196515,5.082910213219652,daily,0.07707328223638488,ML_FILTERED_TREND824,-0.05538191751654864
2026-06-24 00:00:00+00:00,2026-07-07 00:00:00+00:00,0.01556102468343612,-0.013720287399285325,0.004792045589702986,4.792045589702986,daily,0.042015103669123643,ML_FILTERED_TREND824,-0.026454078985687524
2026-06-25 00:00:00+00:00,2026-07-08 00:00:00+00:00,0.014215701852764662,-0.013720287399285214,0.004983627289272199,4.9836272892721984,daily,0.040481743747489585,ML_FILTERED_TREND824,-0.026266041894724923
2026-06-26 00:00:00+00:00,2026-07-09 00:00:00+00:00,0.011618577212126002,-0.013720287399285214,0.004973001961236553,4.973001961236554,daily,0.021719804806447307,ML_FILTERED_TREND824,-0.010101227594321305
2026-06-27 00:00:00+00:00,2026-07-10 00:00:00+00:00,0.015021424775295333,-0.013720287399285214,0.005507172446302248,5.507172446302249,daily,0.02945557816719635,ML_FILTERED_TREND824,-0.014434153391901017
2026-06-28 00:00:00+00:00,2026-07-11 00:00:00+00:00,0.015467970302053491,-0.013720287399285214,0.005725503034933067,5.725503034933067,daily,0.03134964047197264,ML_FILTERED_TREND824,-0.01588167016991915
2026-06-29 00:00:00+00:00,2026-07-12 00:00:00+00:00,0.011874993149500135,-0.00590301886154021,0.005687559957472278,5.687559957472278,daily,0.024366112720110022,ML_FILTERED_TREND824,-0.012491119570609888
2026-06-30 00:00:00+00:00,2026-07-13 00:00:00+00:00,0.024344066802373554,-0.00590301886154021,0.005742636904622713,5.742636904622714,daily,0.04969493865604635,ML_FILTERED_TREND824,-0.025350871853672796
2026-07-01 00:00:00+00:00,2026-07-14 00:00:00+00:00,0.012948212228626188,-0.009656338780596685,0.005225923024901804,5.225923024901804,daily,0.018755337507224246,ML_FILTERED_TREND824,-0.005807125278598058
2026-07-02 00:00:00+00:00,2026-07-15 00:00:00+00:00,0.01986396309388838,-0.009656338780596685,0.005302522485143779,5.30252248514378,daily,0.03927950511505651,ML_FILTERED_TREND824,-0.01941554202116813
2026-07-03 00:00:00+00:00,2026-07-16 00:00:00+00:00,-0.00127247498348515,-0.011018091119412543,0.004796037769350434,4.796037769350434,daily,-0.01340877533960727,ML_FILTERED_TREND824,0.01213630035612212
2026-07-04 00:00:00+00:00,2026-07-17 00:00:00+00:00,-0.0005197205389949611,-0.011018091119412543,0.004859395715396592,4.859395715396591,daily,-0.03014503299129656,ML_FILTERED_TREND824,0.0296253124523016
2026-07-05 00:00:00+00:00,2026-07-18 00:00:00+00:00,-0.0028769826290232503,-0.011018091119412543,0.004975682564578948,4.975682564578947,daily,-0.03950904324630988,ML_FILTERED_TREND824,0.03663206061728663
2026-07-06 00:00:00+00:00,2026-07-19 00:00:00+00:00,-0.005501424037724911,-0.011018091119412543,0.005294354284533359,5.294354284533358,daily,-0.0457848054222908,ML_FILTERED_TREND824,0.040283381384565886
2026-07-07 00:00:00+00:00,2026-07-20 00:00:00+00:00,-0.0013220290316749983,-0.011018091119412432,0.005304291288750738,5.304291288750736,daily,-0.03370858663923104,ML_FILTERED_TREND824,0.032386557607556044
2026-07-08 00:00:00+00:00,2026-07-21 00:00:00+00:00,0.0033207829134374034,-0.011018091119412654,0.005390351682783352,5.390351682783352,daily,-0.004983746556177948,ML_FILTERED_TREND824,0.008304529469615352
2026-07-09 00:00:00+00:00,2026-07-22 00:00:00+00:00,-0.003948590018404197,-0.011018091119412654,0.005113396499044919,5.113396499044919,daily,-0.023571241619524508,ML_FILTERED_TREND824,0.01962265160112031
2026-07-10 00:00:00+00:00,2026-07-23 00:00:00+00:00,-0.004223877844554913,-0.011018091119412654,0.0051511740183685225,5.151174018368521,daily,-0.027209665196905597,ML_FILTERED_TREND824,0.022985787352350684
2026-07-11 00:00:00+00:00,2026-07-24 00:00:00+00:00,-0.0045942245476997545,-0.011018091119412543,0.004967168474585006,4.967168474585006,daily,-0.02055526579450251,ML_FILTERED_TREND824,0.015961041246802754
2026-07-12 00:00:00+00:00,2026-07-25 00:00:00+00:00,-0.00528356013336051,-0.011018091119412543,0.004790113788167743,4.790113788167744,daily,-0.024434731942302945,ML_FILTERED_TREND824,0.019151171808942435
2026-07-13 00:00:00+00:00,2026-07-26 00:00:00+00:00,0.003571280622912232,-0.011018091119412654,0.005040148859345374,5.040148859345375,daily,-0.005668360349562973,ML_FILTERED_TREND824,0.009239640972475205
2026-07-14 00:00:00+00:00,2026-07-27 00:00:00+00:00,-0.00647187752661027,-0.007163492886350098,0.0048533009987625185,4.853300998762519,daily,-0.041482268153268276,ML_FILTERED_TREND824,0.035010390626658006
2026-07-15 00:00:00+00:00,2026-07-28 00:00:00+00:00,0.0018581470262373223,-0.00850681424625721,0.004892725488095246,4.892725488095245,daily,-0.021024824129348585,ML_FILTERED_TREND824,0.022882971155585907
2026-07-16 00:00:00+00:00,2026-07-29 00:00:00+00:00,0.0008579051552783934,-0.008621075162040692,0.004348137136331884,4.348137136331884,daily,-0.026923314460453596,ML_FILTERED_TREND824,0.02778121961573199
2026-07-17 00:00:00+00:00,2026-07-30 00:00:00+00:00,0.0029048228799364306,-0.008835724316800908,0.004131010381500752,4.131010381500752,daily,-0.01389441133218483,ML_FILTERED_TREND824,0.01679923421212126
2026-07-18 00:00:00+00:00,2026-07-31 00:00:00+00:00,-0.0027214304571526737,-0.012356582868480737,0.00395700575131606,3.9570057513160606,daily,-0.03888910290165193,ML_FILTERED_TREND824,0.036167672444499255
2026-07-19 00:00:00+00:00,2026-08-01 00:00:00+00:00,-1.5349365450445518e-05,-0.012356582868480404,0.003969958453378111,3.969958453378111,daily,-0.0292831190388807,ML_FILTERED_TREND824,0.029267769673430255
2026-07-20 00:00:00+00:00,2026-08-02 00:00:00+00:00,-0.010675138867625389,-0.020764034883656413,0.0036422770316810044,3.6422770316810045,daily,-0.05122917772460722,ML_FILTERED_TREND824,0.04055403885698183
2026-07-21 00:00:00+00:00,2026-08-03 00:00:00+00:00,-0.012334914333816616,-0.020764034883656524,0.004210237920632888,4.2102379206328875,daily,-0.05823483757722281,ML_FILTERED_TREND824,0.04589992324340619
2026-07-22 00:00:00+00:00,2026-08-04 00:00:00+00:00,-0.013631642074334871,-0.020764034883656635,0.00405791278290063,4.0579127829006305,daily,-0.07011617537952508,ML_FILTERED_TREND824,0.05648453330519021
2026-07-23 00:00:00+00:00,2026-08-05 00:00:00+00:00,-0.00926173229788707,-0.020764034883656635,0.004219201710936552,4.2192017109365505,daily,-0.0610905184670113,ML_FILTERED_TREND824,0.05182878616912423
2026-07-24 00:00:00+00:00,2026-08-06 00:00:00+00:00,-0.006969288179381472,-0.020764034883656524,0.003952602077733155,3.9526020777331548,daily,-0.048619814235250414,ML_FILTERED_TREND824,0.04165052605586894
2026-07-25 00:00:00+00:00,2026-08-07 00:00:00+00:00,-0.011065296024854954,-0.020764034883656524,0.004194224381845014,4.194224381845013,daily,-0.06180693202782117,ML_FILTERED_TREND824,0.05074163600296622
2026-07-26 00:00:00+00:00,2026-08-08 00:00:00+00:00,-0.00909613451650948,-0.020764034883656746,0.004627139494066812,4.627139494066811,daily,-0.05514256261647721,ML_FILTERED_TREND824,0.04604642809996773
2026-07-27 00:00:00+00:00,2026-08-09 00:00:00+00:00,-0.016835987995280632,-0.013698672339160334,0.004135789828665094,4.135789828665094,daily,-0.07134460902262418,ML_FILTERED_TREND824,0.05450862102734355
2026-07-28 00:00:00+00:00,2026-08-10 00:00:00+00:00,-0.007444205591761177,-0.012362385151524324,0.004287188650826209,4.287188650826209,daily,-0.035694189978502044,ML_FILTERED_TREND824,0.028249984386740867
2026-07-29 00:00:00+00:00,2026-08-11 00:00:00+00:00,-0.009356481046702614,-0.01224855543867942,0.004404480867262776,4.404480867262777,daily,-0.029005533904225778,ML_FILTERED_TREND824,0.019649052857523164
2026-07-30 00:00:00+00:00,2026-08-12 00:00:00+00:00,-0.010292535725573537,-0.012034645375645137,0.004680884480897756,4.680884480897757,daily,-0.03424524599050982,ML_FILTERED_TREND824,0.023952710264936283
2026-07-31 00:00:00+00:00,2026-08-13 00:00:00+00:00,-0.011391868603325306,-0.010021273267179165,0.004907796804368241,4.9077968043682425,daily,-0.03861677733044855,ML_FILTERED_TREND824,0.027224908727123243
2026-08-01 00:00:00+00:00,2026-08-14 00:00:00+00:00,-0.008512862420295919,-0.01002149620152859,0.004921848749151253,4.921848749151253,daily,-0.020145183146595413,ML_FILTERED_TREND824,0.011632320726299494
2026-08-02 00:00:00+00:00,2026-08-15 00:00:00+00:00,-0.010552156293715198,-0.0068342533297778285,0.004830875071819495,4.830875071819496,daily,-0.02941397106268906,ML_FILTERED_TREND824,0.01886181476897386
2026-08-03 00:00:00+00:00,2026-08-16 00:00:00+00:00,-0.0017903091359828815,-0.008080403207886944,0.004999646771152134,4.9996467711521335,daily,-0.011215847291696224,ML_FILTERED_TREND824,0.009425538155713342
2026-08-04 00:00:00+00:00,2026-08-17 00:00:00+00:00,-0.009408085013529077,-0.013438589178698113,0.004829836002912198,4.829836002912198,daily,-0.03130986884899678,ML_FILTERED_TREND824,0.021901783835467703
2026-08-05 00:00:00+00:00,2026-08-18 00:00:00+00:00,-0.0071718637667382845,-0.013438589178698113,0.0053018157709154795,5.30181577091548,daily,-0.027384411906764994,ML_FILTERED_TREND824,0.02021254814002671
2026-08-06 00:00:00+00:00,2026-08-19 00:00:00+00:00,-0.011877225646292677,-0.013438589178698002,0.005314025946598355,5.314025946598355,daily,0.07119251827922546,ML_FILTERED_TREND824,-0.08306974392551814
2026-08-07 00:00:00+00:00,2026-08-20 00:00:00+00:00,-0.0019314358697594125,-0.013438589178698113,0.005386909453578204,5.386909453578204,daily,0.1270507386718709,ML_FILTERED_TREND824,-0.1289821745416303
2026-08-08 00:00:00+00:00,2026-08-21 00:00:00+00:00,0.02456445099632898,-0.013438589178698113,0.0050600746842792785,5.060074684279279,daily,0.21207897090314964,ML_FILTERED_TREND824,-0.18751451990682066
2026-08-09 00:00:00+00:00,2026-08-22 00:00:00+00:00,0.020923462607428833,-0.013438589178698113,0.004550113791845536,4.550113791845535,daily,0.2019039922662933,ML_FILTERED_TREND824,-0.18098052965886446
2026-08-10 00:00:00+00:00,2026-08-23 00:00:00+00:00,0.024638778258534222,-0.013438589178698113,0.004668083131289081,4.66808313128908,daily,0.21796800894472934,ML_FILTERED_TREND824,-0.19332923068619512
2026-08-11 00:00:00+00:00,2026-08-24 00:00:00+00:00,0.029045062449035042,-0.010194973841788357,0.004840685162460209,4.840685162460209,daily,0.21756960299772854,ML_FILTERED_TREND824,-0.1885245405486935
2026-08-12 00:00:00+00:00,2026-08-25 00:00:00+00:00,0.02471916098382665,-0.009144639477931205,0.004789518436831601,4.789518436831602,daily,0.2094943374435292,ML_FILTERED_TREND824,-0.18477517645970254
2026-08-13 00:00:00+00:00,2026-08-26 00:00:00+00:00,0.02062187118630643,-0.01248355096323972,0.005228051336162481,5.2280513361624825,daily,0.20310235989297865,ML_FILTERED_TREND824,-0.18248048870667222
2026-08-14 00:00:00+00:00,2026-08-27 00:00:00+00:00,0.03357793608108994,-0.012483550963239831,0.005678574360917238,5.6785743609172386,daily,0.2346734819112124,ML_FILTERED_TREND824,-0.20109554583012246
2026-08-15 00:00:00+00:00,2026-08-28 00:00:00+00:00,0.020066752129771714,-0.014971513654499113,0.005817138459110104,5.8171384591101045,daily,0.19407424589370748,ML_FILTERED_TREND824,-0.17400749376393576
2026-08-16 00:00:00+00:00,2026-08-29 00:00:00+00:00,0.019538203560619305,-0.016009640250084778,0.005945602321883384,5.945602321883384,daily,0.18403600338091608,ML_FILTERED_TREND824,-0.16449779982029678
2026-08-17 00:00:00+00:00,2026-08-30 00:00:00+00:00,0.013308439411995332,-0.02324928681403393,0.005849489164172163,5.849489164172164,daily,0.1723280769121749,ML_FILTERED_TREND824,-0.15901963750017956
2026-08-18 00:00:00+00:00,2026-08-31 00:00:00+00:00,0.017892107806052104,-0.024131099224099506,0.005857743314861607,5.857743314861608,daily,0.18206264717430254,ML_FILTERED_TREND824,-0.16417053936825043
