timestamp,funding_rate
2025-01-01 00:00:00.015000+00:00,0.0001
2025-01-01 08:00:00+00:00,-2.437e-05
2025-01-01 16:00:00.001000+00:00,0.0001
2025-01-02 00:00:00+00:00,0.0001
2025-01-02 08:00:00.006000+00:00,0.0001
2025-01-02 16:00:00+00:00,0.0001
2025-01-03 00:00:00+00:00,0.0001
2025-01-03 08:00:00+00:00,0.0001
2025-01-03 16:00:00+00:00,0.0001
2025-01-04 00:00:00+00:00,0.0001
2025-01-04 08:00:00+00:00,0.0001
2025-01-04 16:00:00+00:00,0.0001
2025-01-05 00:00:00+00:00,0.0001
2025-01-05 08:00:00+00:00,0.0001
2025-01-05 16:00:00+00:00,0.0001
2025-01-06 00:00:00+00:00,0.0001
2025-01-06 08:00:00.001000+00:00,0.0001
2025-01-06 16:00:00+00:00,0.0001
2025-01-07 00:00:00+00:00,0.0001
2025-01-07 08:00:00+00:00,0.0001
2025-01-07 16:00:00.008000+00:00,0.0001
2025-01-08 00:00:00.001000+00:00,-3.099e-05
2025-01-08 08:00:00+00:00,0.0001
2025-01-08 16:00:00+00:00,-5.626e-05
2025-01-09 00:00:00+00:00,-0.00034833
2025-01-09 08:00:00+00:00,0.0001
2025-01-09 16:00:00+00:00,1.263e-05
2025-01-10 00:00:00+00:00,-2.85e-06
2025-01-10 08:00:00+00:00,-1.019e-05
2025-01-10 16:00:00+00:00,0.0001
2025-01-11 00:00:00+00:00,0.0001
2025-01-11 08:00:00+00:00,0.0001
2025-01-11 16:00:00+00:00,8.218e-05
2025-01-12 00:00:00+00:00,0.0001
2025-01-12 08:00:00+00:00,-7.6e-07
2025-01-12 16:00:00+00:00,5.008e-05
2025-01-13 00:00:00+00:00,9e-05
2025-01-13 08:00:00+00:00,-0.00021231
2025-01-13 16:00:00+00:00,-0.00032853
2025-01-14 00:00:00+00:00,-0.00022548
2025-01-14 08:00:00+00:00,-9.51e-06
2025-01-14 16:00:00+00:00,-5.465e-05
2025-01-15 00:00:00+00:00,-9.553e-05
2025-01-15 08:00:00+00:00,-3e-06
2025-01-15 16:00:00+00:00,-6.258e-05
2025-01-16 00:00:00+00:00,-7.85e-06
2025-01-16 08:00:00+00:00,-3.589e-05
2025-01-16 16:00:00+00:00,1.6e-05
2025-01-17 00:00:00.004000+00:00,0.0001
2025-01-17 08:00:00+00:00,0.0001
2025-01-17 16:00:00.008000+00:00,2.998e-05
2025-01-18 00:00:00+00:00,8.48e-05
2025-01-18 08:00:00.007000+00:00,0.0001
2025-01-18 16:00:00+00:00,3.003e-05
2025-01-19 00:00:00+00:00,7.223e-05
2025-01-19 08:00:00+00:00,-8.08e-06
2025-01-19 16:00:00+00:00,5.288e-05
2025-01-20 00:00:00+00:00,0.0001
2025-01-20 08:00:00.009000+00:00,-4.061e-05
2025-01-20 16:00:00+00:00,0.0001
2025-01-21 00:00:00+00:00,0.0001
2025-01-21 08:00:00+00:00,-0.00014487
2025-01-21 16:00:00+00:00,0.0001
2025-01-22 00:00:00+00:00,0.0001
2025-01-22 08:00:00+00:00,0.0001
2025-01-22 16:00:00+00:00,0.0001
2025-01-23 00:00:00.001000+00:00,0.0001
2025-01-23 08:00:00+00:00,0.0001
2025-01-23 16:00:00+00:00,0.0001
2025-01-24 00:00:00+00:00,0.0001
2025-01-24 08:00:00+00:00,0.0001
2025-01-24 16:00:00+00:00,0.0001
2025-01-25 00:00:00+00:00,6.167e-05
2025-01-25 08:00:00+00:00,2.841e-05
2025-01-25 16:00:00.001000+00:00,-4.557e-05
2025-01-26 00:00:00+00:00,8.109e-05
2025-01-26 08:00:00+00:00,0.0001
2025-01-26 16:00:00+00:00,0.0001
2025-01-27 00:00:00+00:00,-7.467e-05
2025-01-27 08:00:00+00:00,-0.00011004
2025-01-27 16:00:00+00:00,-0.00015436
2025-01-28 00:00:00+00:00,0.0001
2025-01-28 08:00:00+00:00,1.853e-05
2025-01-28 16:00:00+00:00,-4.961e-05
2025-01-29 00:00:00+00:00,-2.436e-05
2025-01-29 08:00:00+00:00,-3.232e-05
2025-01-29 16:00:00+00:00,-7.3e-07
2025-01-30 00:00:00+00:00,5.48e-05
2025-01-30 08:00:00+00:00,0.0001
2025-01-30 16:00:00+00:00,0.0001
2025-01-31 00:00:00+00:00,0.0001
2025-01-31 08:00:00+00:00,0.0001
2025-01-31 16:00:00+00:00,0.0001
2025-02-01 00:00:00+00:00,0.0001
2025-02-01 08:00:00+00:00,0.0001
2025-02-01 16:00:00+00:00,7.48e-05
2025-02-02 00:00:00.001000+00:00,-4.007e-05
2025-02-02 08:00:00+00:00,-6.224e-05
2025-02-02 16:00:00+00:00,-1.211e-05
2025-02-03 00:00:00+00:00,-0.0002485
2025-02-03 08:00:00+00:00,-0.00034477
2025-02-03 16:00:00+00:00,-0.00016098
2025-02-04 00:00:00+00:00,-0.00017183
2025-02-04 08:00:00.001000+00:00,-0.00018252
2025-02-04 16:00:00+00:00,-0.00028177
2025-02-05 00:00:00.001000+00:00,-1.286e-05
2025-02-05 08:00:00.001000+00:00,3.6e-06
2025-02-05 16:00:00+00:00,-2.4e-05
2025-02-06 00:00:00.001000+00:00,-4.06e-06
2025-02-06 08:00:00.001000+00:00,-9.42e-05
2025-02-06 16:00:00+00:00,-0.00016399
2025-02-07 00:00:00+00:00,5.111e-05
2025-02-07 08:00:00+00:00,-9.461e-05
2025-02-07 16:00:00+00:00,-0.00015987
2025-02-08 00:00:00+00:00,-2.112e-05
2025-02-08 08:00:00+00:00,-1.266e-05
2025-02-08 16:00:00+00:00,-2.963e-05
2025-02-09 00:00:00+00:00,-0.00022992
2025-02-09 08:00:00+00:00,-4.497e-05
2025-02-09 16:00:00+00:00,0.0001
2025-02-10 00:00:00+00:00,6.1e-06
2025-02-10 08:00:00+00:00,2.366e-05
2025-02-10 16:00:00+00:00,0.0001
2025-02-11 00:00:00+00:00,0.0001
2025-02-11 08:00:00+00:00,5.233e-05
2025-02-11 16:00:00+00:00,7.03e-05
2025-02-12 00:00:00+00:00,-9.361e-05
2025-02-12 08:00:00+00:00,-0.00012288
2025-02-12 16:00:00.001000+00:00,1.11e-05
2025-02-13 00:00:00.001000+00:00,2.68e-05
2025-02-13 08:00:00+00:00,0.0001
2025-02-13 16:00:00.001000+00:00,1.27e-06
2025-02-14 00:00:00+00:00,-0.00012154
2025-02-14 08:00:00.001000+00:00,-0.00015317
2025-02-14 16:00:00+00:00,4.329e-05
2025-02-15 00:00:00+00:00,-0.00014748
2025-02-15 08:00:00+00:00,3.244e-05
2025-02-15 16:00:00+00:00,-4.506e-05
2025-02-16 00:00:00+00:00,2.942e-05
2025-02-16 08:00:00+00:00,-0.00028672
2025-02-16 16:00:00+00:00,-0.00015554
2025-02-17 00:00:00+00:00,-0.00023857
2025-02-17 08:00:00+00:00,-0.00012123
2025-02-17 16:00:00+00:00,0.0001
2025-02-18 00:00:00+00:00,0.0001
2025-02-18 08:00:00+00:00,4.206e-05
2025-02-18 16:00:00+00:00,3.329e-05
2025-02-19 00:00:00+00:00,4.6e-05
2025-02-19 08:00:00+00:00,-7.562e-05
2025-02-19 16:00:00+00:00,-8.581e-05
2025-02-20 00:00:00+00:00,-0.00015884
2025-02-20 08:00:00+00:00,-0.00015853
2025-02-20 16:00:00+00:00,-6.791e-05
2025-02-21 00:00:00.001000+00:00,0.0001
2025-02-21 08:00:00+00:00,0.0001
2025-02-21 16:00:00+00:00,0.0001
2025-02-22 00:00:00+00:00,0.0001
2025-02-22 08:00:00+00:00,7.946e-05
2025-02-22 16:00:00+00:00,0.0001
2025-02-23 00:00:00+00:00,7.942e-05
2025-02-23 08:00:00+00:00,0.0001
2025-02-23 16:00:00+00:00,1.492e-05
2025-02-24 00:00:00+00:00,-0.00010362
2025-02-24 08:00:00+00:00,-4.905e-05
2025-02-24 16:00:00+00:00,1.414e-05
2025-02-25 00:00:00+00:00,1.719e-05
2025-02-25 08:00:00+00:00,-0.00017496
2025-02-25 16:00:00+00:00,-0.00020314
2025-02-26 00:00:00+00:00,-0.00036277
2025-02-26 08:00:00+00:00,-0.00016722
2025-02-26 16:00:00+00:00,2.467e-05
2025-02-27 00:00:00.001000+00:00,0.0001
2025-02-27 08:00:00+00:00,6.698e-05
2025-02-27 16:00:00+00:00,8.731e-05
2025-02-28 00:00:00.001000+00:00,8.743e-05
2025-02-28 08:00:00+00:00,1.041e-05
2025-02-28 16:00:00+00:00,1.895e-05
2025-03-01 00:00:00+00:00,0.0001
2025-03-01 08:00:00+00:00,9.019e-05
2025-03-01 16:00:00.001000+00:00,8.484e-05
2025-03-02 00:00:00+00:00,0.0001
2025-03-02 08:00:00+00:00,6.14e-06
2025-03-02 16:00:00+00:00,8.645e-05
2025-03-03 00:00:00.001000+00:00,0.0001
2025-03-03 08:00:00+00:00,0.0001
2025-03-03 16:00:00+00:00,6.482e-05
2025-03-04 00:00:00.001000+00:00,-0.00023048
2025-03-04 08:00:00.005000+00:00,-0.00011621
2025-03-04 16:00:00+00:00,-7.359e-05
2025-03-05 00:00:00+00:00,-0.00024603
2025-03-05 08:00:00+00:00,-0.00020559
2025-03-05 16:00:00+00:00,-5.991e-05
2025-03-06 00:00:00+00:00,-0.00023834
2025-03-06 08:00:00.001000+00:00,3.546e-05
2025-03-06 16:00:00+00:00,-7.559e-05
2025-03-07 00:00:00+00:00,6.441e-05
2025-03-07 08:00:00.001000+00:00,-4.988e-05
2025-03-07 16:00:00+00:00,6.035e-05
2025-03-08 00:00:00+00:00,7.68e-05
2025-03-08 08:00:00.001000+00:00,5.298e-05
2025-03-08 16:00:00.001000+00:00,3.472e-05
2025-03-09 00:00:00.001000+00:00,7.54e-06
2025-03-09 08:00:00+00:00,-4.312e-05
2025-03-09 16:00:00+00:00,8.864e-05
2025-03-10 00:00:00+00:00,-0.0001361
2025-03-10 08:00:00+00:00,-0.00012412
2025-03-10 16:00:00+00:00,-6.152e-05
2025-03-11 00:00:00+00:00,-0.00017466
2025-03-11 08:00:00+00:00,-0.00041601
2025-03-11 16:00:00.001000+00:00,2.726e-05
2025-03-12 00:00:00+00:00,5.43e-05
2025-03-12 08:00:00+00:00,4.674e-05
2025-03-12 16:00:00.001000+00:00,-5.172e-05
2025-03-13 00:00:00+00:00,4.221e-05
2025-03-13 08:00:00+00:00,6.976e-05
2025-03-13 16:00:00+00:00,0.0001
2025-03-14 00:00:00+00:00,-2.45e-06
2025-03-14 08:00:00+00:00,5.831e-05
2025-03-14 16:00:00+00:00,6.694e-05
2025-03-15 00:00:00+00:00,2.527e-05
2025-03-15 08:00:00+00:00,0.0001
2025-03-15 16:00:00+00:00,0.0001
2025-03-16 00:00:00+00:00,0.0001
2025-03-16 08:00:00+00:00,0.0001
2025-03-16 16:00:00+00:00,6.133e-05
2025-03-17 00:00:00+00:00,-2.19e-06
2025-03-17 08:00:00+00:00,7.336e-05
2025-03-17 16:00:00+00:00,1.844e-05
2025-03-18 00:00:00+00:00,0.0001
2025-03-18 08:00:00+00:00,2.98e-06
2025-03-18 16:00:00+00:00,-2.001e-05
2025-03-19 00:00:00+00:00,2.472e-05
2025-03-19 08:00:00+00:00,3.522e-05
2025-03-19 16:00:00+00:00,0.0001
2025-03-20 00:00:00+00:00,0.0001
2025-03-20 08:00:00+00:00,8.795e-05
2025-03-20 16:00:00+00:00,0.0001
2025-03-21 00:00:00+00:00,0.0001
2025-03-21 08:00:00+00:00,3.027e-05
2025-03-21 16:00:00+00:00,0.0001
2025-03-22 00:00:00+00:00,8.622e-05
2025-03-22 08:00:00.004000+00:00,-3.447e-05
2025-03-22 16:00:00+00:00,-1.345e-05
2025-03-23 00:00:00+00:00,2.121e-05
2025-03-23 08:00:00+00:00,7.952e-05
2025-03-23 16:00:00+00:00,-3.7e-07
2025-03-24 00:00:00+00:00,3.409e-05
2025-03-24 08:00:00+00:00,8.705e-05
2025-03-24 16:00:00+00:00,-2.048e-05
2025-03-25 00:00:00.001000+00:00,0.0001
2025-03-25 08:00:00+00:00,7.298e-05
2025-03-25 16:00:00+00:00,-9.78e-06
2025-03-26 00:00:00+00:00,0.0001
2025-03-26 08:00:00+00:00,0.0001
2025-03-26 16:00:00.001000+00:00,0.0001
2025-03-27 00:00:00.001000+00:00,-4.127e-05
2025-03-27 08:00:00.001000+00:00,2.814e-05
2025-03-27 16:00:00.002000+00:00,-0.00012956
2025-03-28 00:00:00.001000+00:00,-4.94e-06
2025-03-28 08:00:00.001000+00:00,9.355e-05
2025-03-28 16:00:00+00:00,-7.782e-05
2025-03-29 00:00:00+00:00,-8.022e-05
2025-03-29 08:00:00+00:00,-3.902e-05
2025-03-29 16:00:00+00:00,-7.802e-05
2025-03-30 00:00:00+00:00,-0.00015774
2025-03-30 08:00:00+00:00,-8.66e-05
2025-03-30 16:00:00+00:00,-1.491e-05
2025-03-31 00:00:00+00:00,-9.9e-06
2025-03-31 08:00:00+00:00,4.156e-05
2025-03-31 16:00:00+00:00,-1.383e-05
2025-04-01 00:00:00+00:00,0.0001
2025-04-01 08:00:00.001000+00:00,6.735e-05
2025-04-01 16:00:00+00:00,0.0001
2025-04-02 00:00:00.001000+00:00,7.94e-06
2025-04-02 08:00:00+00:00,8.226e-05
2025-04-02 16:00:00+00:00,-6.475e-05
2025-04-03 00:00:00+00:00,2.852e-05
2025-04-03 08:00:00+00:00,8.507e-05
2025-04-03 16:00:00+00:00,-6.699e-05
2025-04-04 00:00:00+00:00,-0.00012396
2025-04-04 08:00:00+00:00,1.381e-05
2025-04-04 16:00:00+00:00,3.208e-05
2025-04-05 00:00:00+00:00,0.0001
2025-04-05 08:00:00+00:00,0.0001
2025-04-05 16:00:00+00:00,-4.231e-05
2025-04-06 00:00:00+00:00,1.006e-05
2025-04-06 08:00:00+00:00,1.314e-05
2025-04-06 16:00:00.002000+00:00,-3.267e-05
2025-04-07 00:00:00+00:00,7.36e-05
2025-04-07 08:00:00+00:00,4.42e-05
2025-04-07 16:00:00+00:00,-0.00020291
2025-04-08 00:00:00+00:00,-0.00030351
2025-04-08 08:00:00+00:00,-0.00025704
2025-04-08 16:00:00+00:00,-0.00053012
2025-04-09 00:00:00+00:00,-0.00018966
2025-04-09 08:00:00.001000+00:00,-3.523e-05
2025-04-09 16:00:00+00:00,-0.00010295
2025-04-10 00:00:00+00:00,6.49e-06
2025-04-10 08:00:00+00:00,1.338e-05
2025-04-10 16:00:00+00:00,4.168e-05
2025-04-11 00:00:00.001000+00:00,7.148e-05
2025-04-11 08:00:00+00:00,3.569e-05
2025-04-11 16:00:00+00:00,-0.00010727
2025-04-12 00:00:00+00:00,7.634e-05
2025-04-12 08:00:00.001000+00:00,4.43e-06
2025-04-12 16:00:00+00:00,-5.982e-05
2025-04-13 00:00:00+00:00,-1.664e-05
2025-04-13 08:00:00+00:00,7.421e-05
2025-04-13 16:00:00+00:00,0.0001
2025-04-14 00:00:00+00:00,0.0001
2025-04-14 08:00:00+00:00,-0.00018511
2025-04-14 16:00:00+00:00,4.32e-06
2025-04-15 00:00:00+00:00,8.077e-05
2025-04-15 08:00:00+00:00,-9.649e-05
2025-04-15 16:00:00.001000+00:00,-0.00021216
2025-04-16 00:00:00+00:00,-0.00020471
2025-04-16 08:00:00+00:00,-0.00020614
2025-04-16 16:00:00+00:00,-0.00016805
2025-04-17 00:00:00.001000+00:00,9.453e-05
2025-04-17 08:00:00+00:00,-5.949e-05
2025-04-17 16:00:00.001000+00:00,-0.00011051
2025-04-18 00:00:00+00:00,9.011e-05
2025-04-18 08:00:00+00:00,5.629e-05
2025-04-18 16:00:00+00:00,3.937e-05
2025-04-19 00:00:00+00:00,2.396e-05
2025-04-19 08:00:00+00:00,0.0001
2025-04-19 16:00:00+00:00,-8.972e-05
2025-04-20 00:00:00+00:00,0.0001
2025-04-20 08:00:00+00:00,0.0001
2025-04-20 16:00:00+00:00,0.0001
2025-04-21 00:00:00+00:00,0.0001
2025-04-21 08:00:00.005000+00:00,6.544e-05
2025-04-21 16:00:00.003000+00:00,0.0001
2025-04-22 00:00:00.008000+00:00,0.0001
2025-04-22 08:00:00+00:00,-0.00017443
2025-04-22 16:00:00+00:00,-0.0001148
2025-04-23 00:00:00+00:00,8.907e-05
2025-04-23 08:00:00.002000+00:00,-4.797e-05
2025-04-23 16:00:00+00:00,0.0001
2025-04-24 00:00:00+00:00,0.0001
2025-04-24 08:00:00.001000+00:00,0.0001
2025-04-24 16:00:00.001000+00:00,0.0001
2025-04-25 00:00:00.007000+00:00,0.0001
2025-04-25 08:00:00.002000+00:00,8.672e-05
2025-04-25 16:00:00.003000+00:00,5.112e-05
2025-04-26 00:00:00.002000+00:00,0.0001
2025-04-26 08:00:00+00:00,4.691e-05
2025-04-26 16:00:00.002000+00:00,0.0001
2025-04-27 00:00:00.001000+00:00,-0.00011986
2025-04-27 08:00:00+00:00,6.85e-06
2025-04-27 16:00:00+00:00,0.0001
2025-04-28 00:00:00.001000+00:00,5.249e-05
2025-04-28 08:00:00.003000+00:00,-0.00010942
2025-04-28 16:00:00.005000+00:00,6.39e-06
2025-04-29 00:00:00+00:00,-2.085e-05
2025-04-29 08:00:00+00:00,-6.23e-06
2025-04-29 16:00:00.010000+00:00,-4.915e-05
2025-04-30 00:00:00.001000+00:00,-5.126e-05
2025-04-30 08:00:00+00:00,-7.33e-05
2025-04-30 16:00:00.003000+00:00,-4.626e-05
2025-05-01 00:00:00+00:00,8.406e-05
2025-05-01 08:00:00+00:00,6.028e-05
2025-05-01 16:00:00.001000+00:00,0.0001
2025-05-02 00:00:00+00:00,0.0001
2025-05-02 08:00:00+00:00,7.188e-05
2025-05-02 16:00:00.003000+00:00,9.842e-05
2025-05-03 00:00:00+00:00,9.476e-05
2025-05-03 08:00:00+00:00,-1.467e-05
2025-05-03 16:00:00+00:00,-0.00013604
2025-05-04 00:00:00.001000+00:00,-0.0001372
2025-05-04 08:00:00.001000+00:00,-0.00014282
2025-05-04 16:00:00.002000+00:00,1.36e-05
2025-05-05 00:00:00+00:00,-4.327e-05
2025-05-05 08:00:00+00:00,-7.391e-05
2025-05-05 16:00:00.006000+00:00,-2.33e-05
2025-05-06 00:00:00.002000+00:00,-3.437e-05
2025-05-06 08:00:00.005000+00:00,-4.165e-05
2025-05-06 16:00:00+00:00,-2.814e-05
2025-05-07 00:00:00.002000+00:00,4.305e-05
2025-05-07 08:00:00+00:00,-2.308e-05
2025-05-07 16:00:00.006000+00:00,-0.000102
2025-05-08 00:00:00+00:00,5.958e-05
2025-05-08 08:00:00.001000+00:00,0.0001
2025-05-08 16:00:00.002000+00:00,0.0001
2025-05-09 00:00:00.001000+00:00,0.0001
2025-05-09 08:00:00.006000+00:00,0.0001
2025-05-09 16:00:00+00:00,0.0001
2025-05-10 00:00:00.001000+00:00,0.0001
2025-05-10 08:00:00+00:00,0.0001
2025-05-10 16:00:00.001000+00:00,0.0001
2025-05-11 00:00:00+00:00,8.474e-05
2025-05-11 08:00:00.001000+00:00,0.0001
2025-05-11 16:00:00.001000+00:00,2.577e-05
2025-05-12 00:00:00.004000+00:00,0.0001
2025-05-12 08:00:00+00:00,0.0001
2025-05-12 16:00:00+00:00,-5.724e-05
2025-05-13 00:00:00+00:00,0.0001
2025-05-13 08:00:00.008000+00:00,0.0001
2025-05-13 16:00:00.001000+00:00,-5.41e-06
2025-05-14 00:00:00.007000+00:00,0.0001
2025-05-14 08:00:00+00:00,7.481e-05
2025-05-14 16:00:00.002000+00:00,9.369e-05
2025-05-15 00:00:00+00:00,-4.102e-05
2025-05-15 08:00:00.003000+00:00,0.0001
2025-05-15 16:00:00+00:00,2.483e-05
2025-05-16 00:00:00.001000+00:00,-2.325e-05
2025-05-16 08:00:00+00:00,1.96e-06
2025-05-16 16:00:00+00:00,0.0001
2025-05-17 00:00:00+00:00,4.798e-05
2025-05-17 08:00:00.001000+00:00,-7.657e-05
2025-05-17 16:00:00.004000+00:00,8.46e-05
2025-05-18 00:00:00+00:00,6.415e-05
2025-05-18 08:00:00+00:00,-4.513e-05
2025-05-18 16:00:00+00:00,-8.433e-05
2025-05-19 00:00:00+00:00,-4.364e-05
2025-05-19 08:00:00.006000+00:00,-0.00016623
2025-05-19 16:00:00.010000+00:00,-9.222e-05
2025-05-20 00:00:00+00:00,2.365e-05
2025-05-20 08:00:00.002000+00:00,5.942e-05
2025-05-20 16:00:00+00:00,-7.277e-05
2025-05-21 00:00:00+00:00,1.009e-05
2025-05-21 08:00:00.001000+00:00,0.0001
2025-05-21 16:00:00.004000+00:00,-1.157e-05
2025-05-22 00:00:00.001000+00:00,6.483e-05
2025-05-22 08:00:00+00:00,0.0001
2025-05-22 16:00:00.002000+00:00,0.0001
2025-05-23 00:00:00.006000+00:00,0.0001
2025-05-23 08:00:00+00:00,0.0001
2025-05-23 16:00:00.007000+00:00,0.0001
2025-05-24 00:00:00.010000+00:00,0.0001
2025-05-24 08:00:00+00:00,-0.00010941
2025-05-24 16:00:00.003000+00:00,-0.00013709
2025-05-25 00:00:00.004000+00:00,-0.0001339
2025-05-25 08:00:00+00:00,-9.838e-05
2025-05-25 16:00:00+00:00,-0.00024359
2025-05-26 00:00:00+00:00,-0.00016208
2025-05-26 08:00:00+00:00,-1.885e-05
2025-05-26 16:00:00.002000+00:00,7.537e-05
2025-05-27 00:00:00.003000+00:00,4.048e-05
2025-05-27 08:00:00.001000+00:00,9.656e-05
2025-05-27 16:00:00.005000+00:00,0.0001
2025-05-28 00:00:00.002000+00:00,0.0001
2025-05-28 08:00:00.003000+00:00,3.475e-05
2025-05-28 16:00:00.002000+00:00,9.869e-05
2025-05-29 00:00:00+00:00,4.971e-05
2025-05-29 08:00:00.006000+00:00,8.466e-05
2025-05-29 16:00:00+00:00,5.914e-05
2025-05-30 00:00:00.003000+00:00,-0.00010473
2025-05-30 08:00:00.003000+00:00,-0.00031717
2025-05-30 16:00:00+00:00,-3.052e-05
2025-05-31 00:00:00+00:00,-0.0002582
2025-05-31 08:00:00+00:00,-0.00028474
2025-05-31 16:00:00+00:00,-0.00012507
2025-06-01 00:00:00.001000+00:00,-3.158e-05
2025-06-01 08:00:00.002000+00:00,-9.185e-05
2025-06-01 16:00:00+00:00,-1.843e-05
2025-06-02 00:00:00.001000+00:00,-2.92e-05
2025-06-02 08:00:00+00:00,2.024e-05
2025-06-02 16:00:00+00:00,7.878e-05
2025-06-03 00:00:00+00:00,0.0001
2025-06-03 08:00:00+00:00,0.0001
2025-06-03 16:00:00.001000+00:00,7.815e-05
2025-06-04 00:00:00+00:00,0.0001
2025-06-04 08:00:00+00:00,0.0001
2025-06-04 16:00:00+00:00,2.8e-07
2025-06-05 00:00:00.016000+00:00,5.684e-05
2025-06-05 08:00:00+00:00,4.197e-05
2025-06-05 16:00:00+00:00,-3.836e-05
2025-06-06 00:00:00.002000+00:00,-0.00019732
2025-06-06 08:00:00+00:00,7.06e-06
2025-06-06 16:00:00.006000+00:00,-4.272e-05
2025-06-07 00:00:00+00:00,7.78e-05
2025-06-07 08:00:00+00:00,0.0001
2025-06-07 16:00:00.002000+00:00,0.0001
2025-06-08 00:00:00+00:00,0.0001
2025-06-08 08:00:00+00:00,0.0001
2025-06-08 16:00:00+00:00,0.0001
2025-06-09 00:00:00+00:00,0.0001
2025-06-09 08:00:00.001000+00:00,0.0001
2025-06-09 16:00:00.001000+00:00,0.0001
2025-06-10 00:00:00+00:00,0.0001
2025-06-10 08:00:00.001000+00:00,0.0001
2025-06-10 16:00:00.003000+00:00,0.0001
2025-06-11 00:00:00+00:00,0.0001
2025-06-11 08:00:00+00:00,0.0001
2025-06-11 16:00:00.010000+00:00,0.0001
2025-06-12 00:00:00.002000+00:00,0.0001
2025-06-12 08:00:00.003000+00:00,-1.06e-05
2025-06-12 16:00:00.001000+00:00,-8.34e-06
2025-06-13 00:00:00+00:00,-9.987e-05
2025-06-13 08:00:00.001000+00:00,-0.0004474
2025-06-13 16:00:00.004000+00:00,-3.593e-05
2025-06-14 00:00:00+00:00,1.195e-05
2025-06-14 08:00:00+00:00,-8.313e-05
2025-06-14 16:00:00+00:00,-7.409e-05
2025-06-15 00:00:00.005000+00:00,9.153e-05
2025-06-15 08:00:00.009000+00:00,8.688e-05
2025-06-15 16:00:00+00:00,0.0001
2025-06-16 00:00:00+00:00,5.949e-05
2025-06-16 08:00:00+00:00,0.0001
2025-06-16 16:00:00.003000+00:00,0.0001
2025-06-17 00:00:00+00:00,0.0001
2025-06-17 08:00:00.006000+00:00,0.0001
2025-06-17 16:00:00.001000+00:00,0.0001
2025-06-18 00:00:00.001000+00:00,5.669e-05
2025-06-18 08:00:00.001000+00:00,4.863e-05
2025-06-18 16:00:00.001000+00:00,-9.251e-05
2025-06-19 00:00:00.005000+00:00,3.202e-05
2025-06-19 08:00:00.003000+00:00,1.184e-05
2025-06-19 16:00:00+00:00,4.836e-05
2025-06-20 00:00:00+00:00,-0.00016804
2025-06-20 08:00:00.002000+00:00,0.0001
2025-06-20 16:00:00.001000+00:00,5.268e-05
2025-06-21 00:00:00.002000+00:00,-0.00012254
2025-06-21 08:00:00.005000+00:00,4.242e-05
2025-06-21 16:00:00+00:00,-6.008e-05
2025-06-22 00:00:00.005000+00:00,2.203e-05
2025-06-22 08:00:00+00:00,5.7e-05
2025-06-22 16:00:00.003000+00:00,3.03e-06
2025-06-23 00:00:00+00:00,-0.00011661
2025-06-23 08:00:00.004000+00:00,-8.116e-05
2025-06-23 16:00:00.013000+00:00,-0.00021477
2025-06-24 00:00:00.003000+00:00,-3.952e-05
2025-06-24 08:00:00+00:00,0.0001
2025-06-24 16:00:00+00:00,8.253e-05
2025-06-25 00:00:00.005000+00:00,0.0001
2025-06-25 08:00:00+00:00,5.49e-05
2025-06-25 16:00:00.005000+00:00,8.877e-05
2025-06-26 00:00:00+00:00,9.405e-05
2025-06-26 08:00:00.006000+00:00,-9.052e-05
2025-06-26 16:00:00.007000+00:00,0.0001
2025-06-27 00:00:00+00:00,1.62e-06
2025-06-27 08:00:00+00:00,-3.395e-05
2025-06-27 16:00:00.009000+00:00,7.756e-05
2025-06-28 00:00:00.001000+00:00,-1.008e-05
2025-06-28 08:00:00.002000+00:00,4.229e-05
2025-06-28 16:00:00+00:00,0.0001
2025-06-29 00:00:00.004000+00:00,7.512e-05
2025-06-29 08:00:00.001000+00:00,0.0001
2025-06-29 16:00:00.001000+00:00,0.0001
2025-06-30 00:00:00+00:00,0.0001
2025-06-30 08:00:00.005000+00:00,0.0001
2025-06-30 16:00:00.002000+00:00,-6.381e-05
2025-07-01 00:00:00.007000+00:00,1.73e-05
2025-07-01 08:00:00.002000+00:00,-0.00012289
2025-07-01 16:00:00+00:00,-2.429e-05
2025-07-02 00:00:00.001000+00:00,8.845e-05
2025-07-02 08:00:00+00:00,-0.0001969
2025-07-02 16:00:00.003000+00:00,0.0001
2025-07-03 00:00:00.006000+00:00,0.0001
2025-07-03 08:00:00.003000+00:00,0.0001
2025-07-03 16:00:00.003000+00:00,0.0001
2025-07-04 00:00:00.005000+00:00,0.0001
2025-07-04 08:00:00.003000+00:00,0.0001
2025-07-04 16:00:00.001000+00:00,-4.557e-05
2025-07-05 00:00:00.004000+00:00,-0.00033432
2025-07-05 08:00:00.009000+00:00,-0.00026989
2025-07-05 16:00:00.006000+00:00,-0.00018744
2025-07-06 00:00:00.001000+00:00,-0.00014404
2025-07-06 08:00:00.002000+00:00,3.544e-05
2025-07-06 16:00:00.004000+00:00,0.0001
2025-07-07 00:00:00+00:00,9.683e-05
2025-07-07 08:00:00.007000+00:00,0.0001
2025-07-07 16:00:00+00:00,0.0001
2025-07-08 00:00:00.010000+00:00,0.0001
2025-07-08 08:00:00.003000+00:00,-0.00012272
2025-07-08 16:00:00+00:00,6.735e-05
2025-07-09 00:00:00.002000+00:00,0.0001
2025-07-09 08:00:00.006000+00:00,0.0001
2025-07-09 16:00:00.001000+00:00,0.0001
2025-07-10 00:00:00.003000+00:00,0.0001
2025-07-10 08:00:00+00:00,0.0001
2025-07-10 16:00:00.004000+00:00,0.0001
2025-07-11 00:00:00.004000+00:00,0.0001
2025-07-11 08:00:00.007000+00:00,0.0001
2025-07-11 16:00:00.001000+00:00,0.0001
2025-07-12 00:00:00+00:00,0.0001
2025-07-12 08:00:00.001000+00:00,0.0001
2025-07-12 16:00:00.002000+00:00,0.0001
2025-07-13 00:00:00.006000+00:00,0.0001
2025-07-13 08:00:00.001000+00:00,0.0001
2025-07-13 16:00:00.003000+00:00,0.0001
2025-07-14 00:00:00+00:00,0.0001
2025-07-14 08:00:00+00:00,0.0001
2025-07-14 16:00:00+00:00,0.0001
2025-07-15 00:00:00.002000+00:00,7.864e-05
2025-07-15 08:00:00+00:00,0.0001
2025-07-15 16:00:00+00:00,3.684e-05
2025-07-16 00:00:00+00:00,0.0001
2025-07-16 08:00:00+00:00,0.0001
2025-07-16 16:00:00.008000+00:00,0.0001
2025-07-17 00:00:00.003000+00:00,0.0001
2025-07-17 08:00:00+00:00,0.0001
2025-07-17 16:00:00+00:00,0.0001
2025-07-18 00:00:00.004000+00:00,0.0001
2025-07-18 08:00:00+00:00,0.0001
2025-07-18 16:00:00+00:00,0.0001
2025-07-19 00:00:00.009000+00:00,0.0001
2025-07-19 08:00:00+00:00,4.526e-05
2025-07-19 16:00:00.002000+00:00,0.0001
2025-07-20 00:00:00+00:00,6.832e-05
2025-07-20 08:00:00+00:00,0.0001
2025-07-20 16:00:00+00:00,0.0001
2025-07-21 00:00:00.001000+00:00,0.0001
2025-07-21 08:00:00+00:00,0.0001
2025-07-21 16:00:00.001000+00:00,0.0001
2025-07-22 00:00:00+00:00,0.0001
2025-07-22 08:00:00.010000+00:00,7.391e-05
2025-07-22 16:00:00.007000+00:00,0.0001
2025-07-23 00:00:00+00:00,0.0001
2025-07-23 08:00:00.004000+00:00,0.0001
2025-07-23 16:00:00.002000+00:00,3.963e-05
2025-07-24 00:00:00+00:00,-1.392e-05
2025-07-24 08:00:00.001000+00:00,-5.903e-05
2025-07-24 16:00:00+00:00,2.832e-05
2025-07-25 00:00:00+00:00,-0.00014096
2025-07-25 08:00:00+00:00,1.844e-05
2025-07-25 16:00:00+00:00,8.828e-05
2025-07-26 00:00:00.001000+00:00,0.0001
2025-07-26 08:00:00.005000+00:00,0.0001
2025-07-26 16:00:00.001000+00:00,0.0001
2025-07-27 00:00:00.001000+00:00,0.0001
2025-07-27 08:00:00+00:00,0.0001
2025-07-27 16:00:00.008000+00:00,0.0001
2025-07-28 00:00:00.005000+00:00,0.0001
2025-07-28 08:00:00+00:00,0.0001
2025-07-28 16:00:00+00:00,0.0001
2025-07-29 00:00:00.001000+00:00,-9.342e-05
2025-07-29 08:00:00+00:00,-0.00011873
2025-07-29 16:00:00+00:00,-0.00010371
2025-07-30 00:00:00.011000+00:00,-0.00017711
2025-07-30 08:00:00+00:00,-0.00014973
2025-07-30 16:00:00.008000+00:00,5.202e-05
2025-07-31 00:00:00+00:00,-5.528e-05
2025-07-31 08:00:00.009000+00:00,6.326e-05
2025-07-31 16:00:00+00:00,5.175e-05
2025-08-01 00:00:00.001000+00:00,5.823e-05
2025-08-01 08:00:00.003000+00:00,-7.939e-05
2025-08-01 16:00:00+00:00,8.78e-06
2025-08-02 00:00:00.004000+00:00,5.985e-05
2025-08-02 08:00:00+00:00,-2.77e-05
2025-08-02 16:00:00+00:00,5.176e-05
2025-08-03 00:00:00+00:00,0.0001
2025-08-03 08:00:00+00:00,-6.095e-05
2025-08-03 16:00:00.003000+00:00,2.054e-05
2025-08-04 00:00:00.004000+00:00,5.59e-06
2025-08-04 08:00:00+00:00,0.0001
2025-08-04 16:00:00.002000+00:00,-2.92e-06
2025-08-05 00:00:00+00:00,0.0001
2025-08-05 08:00:00+00:00,0.0001
2025-08-05 16:00:00+00:00,-0.0003637
2025-08-06 00:00:00.005000+00:00,9.594e-05
2025-08-06 08:00:00+00:00,-4.746e-05
2025-08-06 16:00:00+00:00,-0.00015697
2025-08-07 00:00:00.003000+00:00,9.244e-05
2025-08-07 08:00:00.002000+00:00,0.0001
2025-08-07 16:00:00.002000+00:00,0.0001
2025-08-08 00:00:00.002000+00:00,0.0001
2025-08-08 08:00:00.004000+00:00,7.976e-05
2025-08-08 16:00:00+00:00,0.0001
2025-08-09 00:00:00.005000+00:00,9.134e-05
2025-08-09 08:00:00+00:00,0.0001
2025-08-09 16:00:00.007000+00:00,0.0001
2025-08-10 00:00:00.003000+00:00,6.922e-05
2025-08-10 08:00:00.005000+00:00,0.0001
2025-08-10 16:00:00.002000+00:00,0.0001
2025-08-11 00:00:00+00:00,0.0001
2025-08-11 08:00:00+00:00,3.035e-05
2025-08-11 16:00:00+00:00,0.0001
2025-08-12 00:00:00+00:00,4.38e-05
2025-08-12 08:00:00.001000+00:00,5.733e-05
2025-08-12 16:00:00.005000+00:00,-1.058e-05
2025-08-13 00:00:00+00:00,0.0001
2025-08-13 08:00:00.002000+00:00,0.0001
2025-08-13 16:00:00.006000+00:00,0.0001
2025-08-14 00:00:00.002000+00:00,0.0001
2025-08-14 08:00:00.003000+00:00,0.0001
2025-08-14 16:00:00+00:00,0.0001
2025-08-15 00:00:00+00:00,-3.57e-06
2025-08-15 08:00:00+00:00,-0.00012609
2025-08-15 16:00:00+00:00,-7.885e-05
2025-08-16 00:00:00.004000+00:00,-0.00018435
2025-08-16 08:00:00+00:00,-6.444e-05
2025-08-16 16:00:00.002000+00:00,4.67e-06
2025-08-17 00:00:00+00:00,0.0001
2025-08-17 08:00:00.001000+00:00,0.0001
2025-08-17 16:00:00.007000+00:00,0.0001
2025-08-18 00:00:00+00:00,0.0001
2025-08-18 08:00:00.001000+00:00,-0.00024829
2025-08-18 16:00:00.002000+00:00,-0.00035446
2025-08-19 00:00:00+00:00,-5.825e-05
2025-08-19 08:00:00.001000+00:00,-7.947e-05
2025-08-19 16:00:00+00:00,0.0001
2025-08-20 00:00:00+00:00,0.0001
2025-08-20 08:00:00+00:00,-0.00019118
2025-08-20 16:00:00+00:00,1.705e-05
2025-08-21 00:00:00.006000+00:00,0.0001
2025-08-21 08:00:00+00:00,0.0001
2025-08-21 16:00:00.003000+00:00,0.0001
2025-08-22 00:00:00.010000+00:00,0.0001
2025-08-22 08:00:00.007000+00:00,0.0001
2025-08-22 16:00:00.001000+00:00,8.935e-05
2025-08-23 00:00:00.004000+00:00,0.0001
2025-08-23 08:00:00.006000+00:00,0.0001
2025-08-23 16:00:00+00:00,0.0001
2025-08-24 00:00:00.001000+00:00,0.0001
2025-08-24 08:00:00.002000+00:00,0.0001
2025-08-24 16:00:00.001000+00:00,4.761e-05
2025-08-25 00:00:00+00:00,0.0001
2025-08-25 08:00:00.002000+00:00,-3.64e-06
2025-08-25 16:00:00.002000+00:00,4.161e-05
2025-08-26 00:00:00+00:00,-0.00029246
2025-08-26 08:00:00+00:00,-0.0003203
2025-08-26 16:00:00+00:00,-7.77e-05
2025-08-27 00:00:00.003000+00:00,0.0001
2025-08-27 08:00:00+00:00,0.0001
2025-08-27 16:00:00.009000+00:00,4.42e-06
2025-08-28 00:00:00+00:00,0.0001
2025-08-28 08:00:00.005000+00:00,0.0001
2025-08-28 16:00:00.004000+00:00,6.1e-05
2025-08-29 00:00:00+00:00,0.0001
2025-08-29 08:00:00+00:00,0.0001
2025-08-29 16:00:00.005000+00:00,4.699e-05
2025-08-30 00:00:00+00:00,3.881e-05
2025-08-30 08:00:00.002000+00:00,7.036e-05
2025-08-30 16:00:00.003000+00:00,2.544e-05
2025-08-31 00:00:00.016000+00:00,1.847e-05
2025-08-31 08:00:00+00:00,0.0001
2025-08-31 16:00:00.001000+00:00,0.0001
2025-09-01 00:00:00+00:00,-0.00015969
2025-09-01 08:00:00+00:00,-8.817e-05
2025-09-01 16:00:00.001000+00:00,0.0001
2025-09-02 00:00:00+00:00,0.0001
2025-09-02 08:00:00.005000+00:00,0.0001
2025-09-02 16:00:00.007000+00:00,7.608e-05
2025-09-03 00:00:00.006000+00:00,0.0001
2025-09-03 08:00:00.002000+00:00,0.0001
2025-09-03 16:00:00.002000+00:00,0.0001
2025-09-04 00:00:00.002000+00:00,0.0001
2025-09-04 08:00:00+00:00,0.0001
2025-09-04 16:00:00+00:00,2.825e-05
2025-09-05 00:00:00.001000+00:00,3.128e-05
2025-09-05 08:00:00.006000+00:00,8.81e-06
2025-09-05 16:00:00+00:00,0.0001
2025-09-06 00:00:00+00:00,0.0001
2025-09-06 08:00:00.005000+00:00,0.0001
2025-09-06 16:00:00+00:00,0.0001
2025-09-07 00:00:00+00:00,0.0001
2025-09-07 08:00:00+00:00,0.0001
2025-09-07 16:00:00+00:00,0.0001
2025-09-08 00:00:00.007000+00:00,0.0001
2025-09-08 08:00:00+00:00,0.0001
2025-09-08 16:00:00+00:00,0.0001
2025-09-09 00:00:00+00:00,0.0001
2025-09-09 08:00:00+00:00,0.0001
2025-09-09 16:00:00+00:00,0.0001
2025-09-10 00:00:00+00:00,0.0001
2025-09-10 08:00:00.002000+00:00,7.857e-05
2025-09-10 16:00:00+00:00,0.0001
2025-09-11 00:00:00+00:00,0.0001
2025-09-11 08:00:00+00:00,0.0001
2025-09-11 16:00:00.001000+00:00,0.0001
2025-09-12 00:00:00.002000+00:00,0.0001
2025-09-12 08:00:00.001000+00:00,0.0001
2025-09-12 16:00:00.005000+00:00,0.0001
2025-09-13 00:00:00.005000+00:00,0.0001
2025-09-13 08:00:00.002000+00:00,0.0001
2025-09-13 16:00:00+00:00,0.0001
2025-09-14 00:00:00.006000+00:00,0.0001
2025-09-14 08:00:00+00:00,0.0001
2025-09-14 16:00:00.001000+00:00,0.0001
2025-09-15 00:00:00.006000+00:00,6.69e-06
2025-09-15 08:00:00.002000+00:00,-7.56e-06
2025-09-15 16:00:00.001000+00:00,1.456e-05
2025-09-16 00:00:00.001000+00:00,1.32e-05
2025-09-16 08:00:00+00:00,-1.323e-05
2025-09-16 16:00:00+00:00,9.82e-05
2025-09-17 00:00:00.001000+00:00,4.906e-05
2025-09-17 08:00:00+00:00,-1.86e-05
2025-09-17 16:00:00.003000+00:00,9.386e-05
2025-09-18 00:00:00.006000+00:00,0.0001
2025-09-18 08:00:00.002000+00:00,0.0001
2025-09-18 16:00:00+00:00,0.0001
2025-09-19 00:00:00+00:00,0.0001
2025-09-19 08:00:00.005000+00:00,9.545e-05
2025-09-19 16:00:00+00:00,0.0001
2025-09-20 00:00:00+00:00,4.6e-07
2025-09-20 08:00:00+00:00,8.361e-05
2025-09-20 16:00:00.002000+00:00,-7e-06
2025-09-21 00:00:00+00:00,1.361e-05
2025-09-21 08:00:00+00:00,0.0001
2025-09-21 16:00:00+00:00,3.018e-05
2025-09-22 00:00:00.005000+00:00,1.565e-05
2025-09-22 08:00:00.003000+00:00,7.28e-06
2025-09-22 16:00:00+00:00,1.226e-05
2025-09-23 00:00:00+00:00,4.473e-05
2025-09-23 08:00:00.001000+00:00,6.576e-05
2025-09-23 16:00:00+00:00,5.091e-05
2025-09-24 00:00:00.003000+00:00,8.709e-05
2025-09-24 08:00:00.001000+00:00,-2.029e-05
2025-09-24 16:00:00.002000+00:00,0.0001
2025-09-25 00:00:00+00:00,0.0001
2025-09-25 08:00:00.001000+00:00,-6.965e-05
2025-09-25 16:00:00+00:00,0.0001
2025-09-26 00:00:00+00:00,0.0001
2025-09-26 08:00:00+00:00,4.203e-05
2025-09-26 16:00:00.008000+00:00,-1.851e-05
2025-09-27 00:00:00+00:00,3.941e-05
2025-09-27 08:00:00.010000+00:00,0.0001
2025-09-27 16:00:00.003000+00:00,1.789e-05
2025-09-28 00:00:00+00:00,0.0001
2025-09-28 08:00:00+00:00,0.0001
2025-09-28 16:00:00+00:00,0.0001
2025-09-29 00:00:00+00:00,0.0001
2025-09-29 08:00:00.002000+00:00,8.713e-05
2025-09-29 16:00:00.001000+00:00,1.443e-05
2025-09-30 00:00:00.002000+00:00,3.346e-05
2025-09-30 08:00:00.005000+00:00,-1.96e-06
2025-09-30 16:00:00+00:00,-2.907e-05
2025-10-01 00:00:00+00:00,-8.385e-05
2025-10-01 08:00:00+00:00,0.0001
2025-10-01 16:00:00+00:00,0.0001
2025-10-02 00:00:00+00:00,0.0001
2025-10-02 08:00:00.013000+00:00,-4.145e-05
2025-10-02 16:00:00+00:00,0.0001
2025-10-03 00:00:00.006000+00:00,4.119e-05
2025-10-03 08:00:00.006000+00:00,0.0001
2025-10-03 16:00:00+00:00,5.068e-05
2025-10-04 00:00:00.001000+00:00,0.0001
2025-10-04 08:00:00+00:00,0.0001
2025-10-04 16:00:00+00:00,8.802e-05
2025-10-05 00:00:00+00:00,1.828e-05
2025-10-05 08:00:00.003000+00:00,4.096e-05
2025-10-05 16:00:00.009000+00:00,8.427e-05
2025-10-06 00:00:00.004000+00:00,-4.699e-05
2025-10-06 08:00:00.002000+00:00,-5.772e-05
2025-10-06 16:00:00.004000+00:00,6.716e-05
2025-10-07 00:00:00+00:00,0.0001
2025-10-07 08:00:00.003000+00:00,0.0001
2025-10-07 16:00:00+00:00,6.413e-05
2025-10-08 00:00:00+00:00,8.598e-05
2025-10-08 08:00:00.006000+00:00,6.086e-05
2025-10-08 16:00:00.002000+00:00,0.0001
2025-10-09 00:00:00.001000+00:00,0.0001
2025-10-09 08:00:00+00:00,-6.759e-05
2025-10-09 16:00:00+00:00,-6.74e-06
2025-10-10 00:00:00.005000+00:00,0.0001
2025-10-10 08:00:00.002000+00:00,0.0001
2025-10-10 16:00:00.014000+00:00,0.0001
2025-10-11 00:00:00+00:00,0.0001
2025-10-11 08:00:00.003000+00:00,2.37e-06
2025-10-11 16:00:00+00:00,-9.87e-06
2025-10-12 00:00:00.004000+00:00,-2.445e-05
2025-10-12 08:00:00.002000+00:00,-0.00015439
2025-10-12 16:00:00+00:00,-0.00011035
2025-10-13 00:00:00.003000+00:00,-3.91e-06
2025-10-13 08:00:00.002000+00:00,-0.00011546
2025-10-13 16:00:00.003000+00:00,-0.00015843
2025-10-14 00:00:00+00:00,-5.048e-05
2025-10-14 08:00:00+00:00,0.0001
2025-10-14 16:00:00+00:00,-1.539e-05
2025-10-15 00:00:00.006000+00:00,0.0001
2025-10-15 08:00:00.002000+00:00,1.239e-05
2025-10-15 16:00:00+00:00,-0.00023342
2025-10-16 00:00:00+00:00,-0.00045353
2025-10-16 08:00:00.003000+00:00,-0.0002934
2025-10-16 16:00:00.002000+00:00,-0.0001467
2025-10-17 00:00:00.001000+00:00,7.885e-05
2025-10-17 08:00:00.005000+00:00,-0.00021112
2025-10-17 16:00:00.003000+00:00,-4.024e-05
2025-10-18 00:00:00+00:00,1.103e-05
2025-10-18 08:00:00.002000+00:00,0.0001
2025-10-18 16:00:00.001000+00:00,7.78e-06
2025-10-19 00:00:00.001000+00:00,1.128e-05
2025-10-19 08:00:00.001000+00:00,-7.218e-05
2025-10-19 16:00:00.001000+00:00,-0.0004006
2025-10-20 00:00:00.004000+00:00,-0.00052248
2025-10-20 08:00:00.001000+00:00,-9.607e-05
2025-10-20 16:00:00+00:00,-0.00012914
2025-10-21 00:00:00.009000+00:00,0.0001
2025-10-21 08:00:00+00:00,0.0001
2025-10-21 16:00:00+00:00,0.0001
2025-10-22 00:00:00.004000+00:00,0.0001
2025-10-22 08:00:00+00:00,-0.00010637
2025-10-22 16:00:00+00:00,-0.00011303
2025-10-23 00:00:00+00:00,0.0001
2025-10-23 08:00:00.001000+00:00,1.82e-06
2025-10-23 16:00:00.004000+00:00,0.0001
2025-10-24 00:00:00+00:00,0.0001
2025-10-24 08:00:00+00:00,0.0001
2025-10-24 16:00:00.009000+00:00,0.0001
2025-10-25 00:00:00+00:00,0.0001
2025-10-25 08:00:00.001000+00:00,5.439e-05
2025-10-25 16:00:00.001000+00:00,4.06e-05
2025-10-26 00:00:00.001000+00:00,5.369e-05
2025-10-26 08:00:00.001000+00:00,-1.52e-05
2025-10-26 16:00:00+00:00,0.0001
2025-10-27 00:00:00+00:00,0.0001
2025-10-27 08:00:00.005000+00:00,3.447e-05
2025-10-27 16:00:00+00:00,0.0001
2025-10-28 00:00:00+00:00,6.74e-05
2025-10-28 08:00:00+00:00,5.76e-06
2025-10-28 16:00:00.004000+00:00,3.008e-05
2025-10-29 00:00:00.004000+00:00,-6.406e-05
2025-10-29 08:00:00.005000+00:00,-0.00012684
2025-10-29 16:00:00+00:00,0.0001
2025-10-30 00:00:00.004000+00:00,0.0001
2025-10-30 08:00:00.008000+00:00,-3.101e-05
2025-10-30 16:00:00.001000+00:00,-7.833e-05
2025-10-31 00:00:00+00:00,-2.77e-05
2025-10-31 08:00:00.008000+00:00,-3.969e-05
2025-10-31 16:00:00.007000+00:00,1.272e-05
2025-11-01 00:00:00.001000+00:00,2.808e-05
2025-11-01 08:00:00+00:00,2.545e-05
2025-11-01 16:00:00+00:00,0.0001
2025-11-02 00:00:00.007000+00:00,-1.119e-05
2025-11-02 08:00:00+00:00,3.132e-05
2025-11-02 16:00:00.001000+00:00,4.337e-05
2025-11-03 00:00:00+00:00,0.0001
2025-11-03 08:00:00.010000+00:00,-0.00012705
2025-11-03 16:00:00+00:00,-6.634e-05
2025-11-04 00:00:00.002000+00:00,0.0001
2025-11-04 08:00:00.004000+00:00,5.935e-05
2025-11-04 16:00:00+00:00,8.308e-05
2025-11-05 00:00:00+00:00,0.0001
2025-11-05 08:00:00+00:00,0.0001
2025-11-05 16:00:00.004000+00:00,1.643e-05
2025-11-06 00:00:00.001000+00:00,4.413e-05
2025-11-06 08:00:00+00:00,0.0001
2025-11-06 16:00:00.001000+00:00,-6.588e-05
2025-11-07 00:00:00.005000+00:00,-0.00030488
2025-11-07 08:00:00.003000+00:00,-0.00076454
2025-11-07 16:00:00.005000+00:00,-0.00051413
2025-11-08 00:00:00.011000+00:00,-4.306e-05
2025-11-08 08:00:00.015000+00:00,8.4e-06
2025-11-08 16:00:00.001000+00:00,-5.52e-05
2025-11-09 00:00:00.004000+00:00,-0.00030104
2025-11-09 08:00:00+00:00,4.44e-05
2025-11-09 16:00:00.005000+00:00,-2.205e-05
2025-11-10 00:00:00+00:00,6.8e-07
2025-11-10 08:00:00+00:00,-2.818e-05
2025-11-10 16:00:00.003000+00:00,5.07e-06
2025-11-11 00:00:00.007000+00:00,0.0001
2025-11-11 08:00:00+00:00,8.047e-05
2025-11-11 16:00:00.009000+00:00,4.653e-05
2025-11-12 00:00:00+00:00,0.0001
2025-11-12 08:00:00.002000+00:00,-3.332e-05
2025-11-12 16:00:00+00:00,6.05e-05
2025-11-13 00:00:00.002000+00:00,6.183e-05
2025-11-13 08:00:00+00:00,-8.413e-05
2025-11-13 16:00:00.001000+00:00,9e-06
2025-11-14 00:00:00+00:00,3.57e-06
2025-11-14 08:00:00+00:00,0.0001
2025-11-14 16:00:00.001000+00:00,0.0001
2025-11-15 00:00:00.005000+00:00,0.0001
2025-11-15 08:00:00+00:00,-0.00013798
2025-11-15 16:00:00.001000+00:00,-0.00021076
2025-11-16 00:00:00.001000+00:00,5.405e-05
2025-11-16 08:00:00+00:00,-3.882e-05
2025-11-16 16:00:00+00:00,0.0001
2025-11-17 00:00:00.003000+00:00,2.359e-05
2025-11-17 08:00:00.003000+00:00,0.0001
2025-11-17 16:00:00+00:00,9.29e-05
2025-11-18 00:00:00.002000+00:00,0.0001
2025-11-18 08:00:00.004000+00:00,0.0001
2025-11-18 16:00:00+00:00,0.0001
2025-11-19 00:00:00+00:00,0.0001
2025-11-19 08:00:00+00:00,0.0001
2025-11-19 16:00:00.008000+00:00,0.0001
2025-11-20 00:00:00+00:00,0.0001
2025-11-20 08:00:00+00:00,0.0001
2025-11-20 16:00:00+00:00,0.0001
2025-11-21 00:00:00.001000+00:00,-3.664e-05
2025-11-21 08:00:00+00:00,0.0001
2025-11-21 16:00:00.001000+00:00,0.0001
2025-11-22 00:00:00.004000+00:00,1.755e-05
2025-11-22 08:00:00+00:00,0.0001
2025-11-22 16:00:00+00:00,5.445e-05
2025-11-23 00:00:00+00:00,9.56e-06
2025-11-23 08:00:00.008000+00:00,1.539e-05
2025-11-23 16:00:00.003000+00:00,-5.212e-05
2025-11-24 00:00:00.004000+00:00,-0.0001115
2025-11-24 08:00:00+00:00,4.375e-05
2025-11-24 16:00:00.006000+00:00,-0.00010249
2025-11-25 00:00:00+00:00,-8.968e-05
2025-11-25 08:00:00.009000+00:00,2.066e-05
2025-11-25 16:00:00.007000+00:00,-0.00016822
2025-11-26 00:00:00.001000+00:00,0.0001
2025-11-26 08:00:00.001000+00:00,0.0001
2025-11-26 16:00:00+00:00,0.0001
2025-11-27 00:00:00.013000+00:00,-1.278e-05
2025-11-27 08:00:00+00:00,0.0001
2025-11-27 16:00:00.004000+00:00,0.0001
2025-11-28 00:00:00.008000+00:00,0.0001
2025-11-28 08:00:00+00:00,2.172e-05
2025-11-28 16:00:00.008000+00:00,1.311e-05
2025-11-29 00:00:00+00:00,0.0001
2025-11-29 08:00:00.005000+00:00,-0.0001835
2025-11-29 16:00:00.001000+00:00,3.743e-05
2025-11-30 00:00:00.003000+00:00,4.211e-05
2025-11-30 08:00:00+00:00,1.937e-05
2025-11-30 16:00:00.004000+00:00,3.909e-05
2025-12-01 00:00:00+00:00,-0.00021666
2025-12-01 08:00:00.004000+00:00,0.0001
2025-12-01 16:00:00+00:00,0.0001
2025-12-02 00:00:00.004000+00:00,-4.662e-05
2025-12-02 08:00:00+00:00,-6.202e-05
2025-12-02 16:00:00+00:00,5.41e-05
2025-12-03 00:00:00+00:00,0.0001
2025-12-03 08:00:00+00:00,-1.373e-05
2025-12-03 16:00:00.005000+00:00,0.0001
2025-12-04 00:00:00.012000+00:00,7.256e-05
2025-12-04 08:00:00+00:00,0.0001
2025-12-04 16:00:00.011000+00:00,0.0001
2025-12-05 00:00:00+00:00,0.0001
2025-12-05 08:00:00+00:00,0.0001
2025-12-05 16:00:00.010000+00:00,5.08e-05
2025-12-06 00:00:00.001000+00:00,-4.795e-05
2025-12-06 08:00:00.001000+00:00,-0.00012526
2025-12-06 16:00:00.008000+00:00,1.044e-05
2025-12-07 00:00:00+00:00,0.0001
2025-12-07 08:00:00.004000+00:00,-9.361e-05
2025-12-07 16:00:00+00:00,8.521e-05
2025-12-08 00:00:00+00:00,3.892e-05
2025-12-08 08:00:00+00:00,0.0001
2025-12-08 16:00:00.001000+00:00,0.0001
2025-12-09 00:00:00.001000+00:00,0.0001
2025-12-09 08:00:00.001000+00:00,-4.477e-05
2025-12-09 16:00:00.007000+00:00,8.41e-05
2025-12-10 00:00:00.007000+00:00,0.0001
2025-12-10 08:00:00.002000+00:00,-3.898e-05
2025-12-10 16:00:00.012000+00:00,0.0001
2025-12-11 00:00:00.001000+00:00,7.11e-06
2025-12-11 08:00:00+00:00,-9.766e-05
2025-12-11 16:00:00+00:00,-2.815e-05
2025-12-12 00:00:00.005000+00:00,4.22e-06
2025-12-12 08:00:00.007000+00:00,-4.35e-06
2025-12-12 16:00:00.002000+00:00,0.0001
2025-12-13 00:00:00.001000+00:00,-2.826e-05
2025-12-13 08:00:00.006000+00:00,0.0001
2025-12-13 16:00:00+00:00,0.0001
2025-12-14 00:00:00+00:00,0.0001
2025-12-14 08:00:00.003000+00:00,-8.183e-05
2025-12-14 16:00:00.005000+00:00,6.45e-06
2025-12-15 00:00:00+00:00,-0.00018813
2025-12-15 08:00:00+00:00,0.0001
2025-12-15 16:00:00+00:00,0.0001
2025-12-16 00:00:00.002000+00:00,-0.00034796
2025-12-16 08:00:00+00:00,-2.816e-05
2025-12-16 16:00:00.002000+00:00,0.0001
2025-12-17 00:00:00.004000+00:00,0.0001
2025-12-17 08:00:00+00:00,7.063e-05
2025-12-17 16:00:00+00:00,3.095e-05
2025-12-18 00:00:00.005000+00:00,-7.295e-05
2025-12-18 08:00:00.007000+00:00,2.984e-05
2025-12-18 16:00:00.001000+00:00,0.0001
2025-12-19 00:00:00+00:00,0.0001
2025-12-19 08:00:00.001000+00:00,7.074e-05
2025-12-19 16:00:00+00:00,0.0001
2025-12-20 00:00:00.005000+00:00,0.0001
2025-12-20 08:00:00+00:00,0.0001
2025-12-20 16:00:00.002000+00:00,0.0001
2025-12-21 00:00:00+00:00,6.642e-05
2025-12-21 08:00:00.009000+00:00,5.448e-05
2025-12-21 16:00:00+00:00,-6.656e-05
2025-12-22 00:00:00+00:00,0.0001
2025-12-22 08:00:00.005000+00:00,5.494e-05
2025-12-22 16:00:00.009000+00:00,6.654e-05
2025-12-23 00:00:00+00:00,1.296e-05
2025-12-23 08:00:00+00:00,-3.509e-05
2025-12-23 16:00:00.001000+00:00,-0.00012783
2025-12-24 00:00:00.001000+00:00,0.0001
2025-12-24 08:00:00.001000+00:00,-0.00031013
2025-12-24 16:00:00+00:00,-4.394e-05
2025-12-25 00:00:00+00:00,-6.464e-05
2025-12-25 08:00:00.001000+00:00,0.0001
2025-12-25 16:00:00.005000+00:00,0.0001
2025-12-26 00:00:00.004000+00:00,3.51e-06
2025-12-26 08:00:00.001000+00:00,0.0001
2025-12-26 16:00:00.007000+00:00,0.0001
2025-12-27 00:00:00+00:00,7.287e-05
2025-12-27 08:00:00+00:00,9.822e-05
2025-12-27 16:00:00.011000+00:00,2.679e-05
2025-12-28 00:00:00.008000+00:00,0.0001
2025-12-28 08:00:00+00:00,0.0001
2025-12-28 16:00:00+00:00,0.0001
2025-12-29 00:00:00.016000+00:00,7.78e-06
2025-12-29 08:00:00.001000+00:00,0.0001
2025-12-29 16:00:00+00:00,-0.00029313
2025-12-30 00:00:00.005000+00:00,4.184e-05
2025-12-30 08:00:00.001000+00:00,0.0001
2025-12-30 16:00:00.003000+00:00,0.0001
2025-12-31 00:00:00.004000+00:00,-2.49e-06
2025-12-31 08:00:00.001000+00:00,0.0001
2025-12-31 16:00:00.001000+00:00,0.0001
2026-01-01 00:00:00.008000+00:00,7.552e-05
2026-01-01 08:00:00.002000+00:00,0.0001
2026-01-01 16:00:00.001000+00:00,0.0001
2026-01-02 00:00:00.006000+00:00,0.0001
2026-01-02 08:00:00.007000+00:00,0.0001
2026-01-02 16:00:00+00:00,0.0001
2026-01-03 00:00:00.001000+00:00,5.752e-05
2026-01-03 08:00:00+00:00,8.277e-05
2026-01-03 16:00:00+00:00,0.0001
2026-01-04 00:00:00+00:00,0.0001
2026-01-04 08:00:00+00:00,0.0001
2026-01-04 16:00:00.001000+00:00,0.0001
2026-01-05 00:00:00+00:00,3.36e-05
2026-01-05 08:00:00+00:00,-5.215e-05
2026-01-05 16:00:00+00:00,3.431e-05
2026-01-06 00:00:00.010000+00:00,5.345e-05
2026-01-06 08:00:00+00:00,8.814e-05
2026-01-06 16:00:00+00:00,-0.00012
2026-01-07 00:00:00.001000+00:00,-3.812e-05
2026-01-07 08:00:00.001000+00:00,-5.356e-05
2026-01-07 16:00:00.001000+00:00,-1.812e-05
2026-01-08 00:00:00.001000+00:00,0.0001
2026-01-08 08:00:00+00:00,6.448e-05
2026-01-08 16:00:00+00:00,0.0001
2026-01-09 00:00:00.003000+00:00,0.0001
2026-01-09 08:00:00+00:00,0.0001
2026-01-09 16:00:00.001000+00:00,6.566e-05
2026-01-10 00:00:00+00:00,-3.92e-05
2026-01-10 08:00:00.002000+00:00,-9.268e-05
2026-01-10 16:00:00.001000+00:00,0.0001
2026-01-11 00:00:00.003000+00:00,-5.169e-05
2026-01-11 08:00:00.006000+00:00,0.0001
2026-01-11 16:00:00+00:00,9.88e-05
2026-01-12 00:00:00.005000+00:00,-6.936e-05
2026-01-12 08:00:00+00:00,2.886e-05
2026-01-12 16:00:00+00:00,2.146e-05
2026-01-13 00:00:00.007000+00:00,-0.00014375
2026-01-13 08:00:00.009000+00:00,0.0001
2026-01-13 16:00:00.002000+00:00,0.0001
2026-01-14 00:00:00+00:00,0.0001
2026-01-14 08:00:00.001000+00:00,0.0001
2026-01-14 16:00:00.004000+00:00,4.763e-05
2026-01-15 00:00:00+00:00,2.608e-05
2026-01-15 08:00:00.004000+00:00,5.415e-05
2026-01-15 16:00:00.002000+00:00,3.61e-06
2026-01-16 00:00:00+00:00,-6.318e-05
2026-01-16 08:00:00+00:00,-0.00013052
2026-01-16 16:00:00.001000+00:00,2.504e-05
2026-01-17 00:00:00+00:00,7.701e-05
2026-01-17 08:00:00+00:00,0.0001
2026-01-17 16:00:00.002000+00:00,0.0001
2026-01-18 00:00:00.001000+00:00,0.0001
2026-01-18 08:00:00+00:00,-0.00018221
2026-01-18 16:00:00+00:00,-4.386e-05
2026-01-19 00:00:00.007000+00:00,-0.00010435
2026-01-19 08:00:00.007000+00:00,-2.444e-05
2026-01-19 16:00:00.007000+00:00,0.0001
2026-01-20 00:00:00.005000+00:00,0.0001
2026-01-20 08:00:00.001000+00:00,0.0001
2026-01-20 16:00:00.009000+00:00,7.808e-05
2026-01-21 00:00:00.001000+00:00,-5.551e-05
2026-01-21 08:00:00.011000+00:00,3.743e-05
2026-01-21 16:00:00.011000+00:00,4.29e-05
2026-01-22 00:00:00.010000+00:00,6.391e-05
2026-01-22 08:00:00.003000+00:00,-4.78e-05
2026-01-22 16:00:00.005000+00:00,0.0001
2026-01-23 00:00:00.005000+00:00,0.0001
2026-01-23 08:00:00+00:00,6.584e-05
2026-01-23 16:00:00.011000+00:00,-8.48e-06
2026-01-24 00:00:00.011000+00:00,-3.212e-05
2026-01-24 08:00:00.002000+00:00,-3.733e-05
2026-01-24 16:00:00.001000+00:00,7.24e-06
2026-01-25 00:00:00.002000+00:00,-0.00018918
2026-01-25 08:00:00.011000+00:00,0.0001
2026-01-25 16:00:00.005000+00:00,-1.814e-05
2026-01-26 00:00:00+00:00,7.68e-05
2026-01-26 08:00:00.003000+00:00,-3.649e-05
2026-01-26 16:00:00+00:00,-0.00010228
2026-01-27 00:00:00.002000+00:00,0.0001
2026-01-27 08:00:00+00:00,2.949e-05
2026-01-27 16:00:00+00:00,-1.932e-05
2026-01-28 00:00:00+00:00,0.0001
2026-01-28 08:00:00+00:00,0.0001
2026-01-28 16:00:00+00:00,0.0001
2026-01-29 00:00:00+00:00,0.0001
2026-01-29 08:00:00.009000+00:00,-2.243e-05
2026-01-29 16:00:00+00:00,-7.951e-05
2026-01-30 00:00:00.008000+00:00,2.723e-05
2026-01-30 08:00:00+00:00,0.0001
2026-01-30 16:00:00.001000+00:00,9.256e-05
2026-01-31 00:00:00+00:00,0.0001
2026-01-31 08:00:00.001000+00:00,-3.79e-05
2026-01-31 16:00:00.009000+00:00,2.722e-05
2026-02-01 00:00:00.001000+00:00,-5.045e-05
2026-02-01 08:00:00.004000+00:00,-8.101e-05
2026-02-01 16:00:00+00:00,5.78e-05
2026-02-02 00:00:00+00:00,5.448e-05
2026-02-02 08:00:00.014000+00:00,-2.173e-05
2026-02-02 16:00:00+00:00,-5.036e-05
2026-02-03 00:00:00+00:00,0.0001
2026-02-03 08:00:00.007000+00:00,8.746e-05
2026-02-03 16:00:00+00:00,5.132e-05
2026-02-04 00:00:00.002000+00:00,0.0001
2026-02-04 08:00:00.007000+00:00,4.338e-05
2026-02-04 16:00:00+00:00,7.475e-05
2026-02-05 00:00:00.011000+00:00,8.727e-05
2026-02-05 08:00:00+00:00,3.548e-05
2026-02-05 16:00:00.007000+00:00,0.0001
2026-02-06 00:00:00+00:00,-5.13e-06
2026-02-06 08:00:00.001000+00:00,3.367e-05
2026-02-06 16:00:00+00:00,-2.205e-05
2026-02-07 00:00:00.003000+00:00,0.0001
2026-02-07 08:00:00+00:00,0.0001
2026-02-07 16:00:00.010000+00:00,9.789e-05
2026-02-08 00:00:00.003000+00:00,0.0001
2026-02-08 08:00:00+00:00,-1.645e-05
2026-02-08 16:00:00+00:00,-8.797e-05
2026-02-09 00:00:00.002000+00:00,7.963e-05
2026-02-09 08:00:00.001000+00:00,8.56e-06
2026-02-09 16:00:00.007000+00:00,0.0001
2026-02-10 00:00:00+00:00,3.943e-05
2026-02-10 08:00:00.007000+00:00,8.055e-05
2026-02-10 16:00:00+00:00,8.296e-05
2026-02-11 00:00:00+00:00,5.17e-05
2026-02-11 08:00:00.006000+00:00,-5.34e-06
2026-02-11 16:00:00+00:00,-6.354e-05
2026-02-12 00:00:00+00:00,4.713e-05
2026-02-12 08:00:00.001000+00:00,0.0001
2026-02-12 16:00:00.001000+00:00,-2.034e-05
2026-02-13 00:00:00.007000+00:00,0.0001
2026-02-13 08:00:00.003000+00:00,-0.00021003
2026-02-13 16:00:00.005000+00:00,0.0001
2026-02-14 00:00:00.002000+00:00,9.707e-05
2026-02-14 08:00:00.004000+00:00,2.98e-05
2026-02-14 16:00:00.002000+00:00,9.534e-05
2026-02-15 00:00:00+00:00,3.299e-05
2026-02-15 08:00:00.002000+00:00,0.0001
2026-02-15 16:00:00+00:00,0.0001
2026-02-16 00:00:00.001000+00:00,0.0001
2026-02-16 08:00:00.003000+00:00,1.263e-05
2026-02-16 16:00:00+00:00,-2.286e-05
2026-02-17 00:00:00.008000+00:00,6.085e-05
2026-02-17 08:00:00.001000+00:00,4.783e-05
2026-02-17 16:00:00.002000+00:00,-5.924e-05
2026-02-18 00:00:00+00:00,2.263e-05
2026-02-18 08:00:00+00:00,0.0001
2026-02-18 16:00:00.011000+00:00,-0.00010004
2026-02-19 00:00:00.013000+00:00,1.656e-05
2026-02-19 08:00:00+00:00,8.39e-05
2026-02-19 16:00:00.003000+00:00,-0.00011123
2026-02-20 00:00:00+00:00,2.603e-05
2026-02-20 08:00:00+00:00,-0.00010204
2026-02-20 16:00:00+00:00,0.0001
2026-02-21 00:00:00.004000+00:00,0.0001
2026-02-21 08:00:00+00:00,0.0001
2026-02-21 16:00:00.005000+00:00,-0.00014488
2026-02-22 00:00:00.001000+00:00,-3.429e-05
2026-02-22 08:00:00.004000+00:00,-0.00010115
2026-02-22 16:00:00+00:00,-7.4e-06
2026-02-23 00:00:00.001000+00:00,2.76e-05
2026-02-23 08:00:00+00:00,-1.916e-05
2026-02-23 16:00:00+00:00,-0.00016245
2026-02-24 00:00:00.007000+00:00,4.344e-05
2026-02-24 08:00:00+00:00,6.28e-06
2026-02-24 16:00:00.001000+00:00,-7.12e-05
2026-02-25 00:00:00.001000+00:00,0.0001
2026-02-25 08:00:00.007000+00:00,-3.268e-05
2026-02-25 16:00:00+00:00,0.0001
2026-02-26 00:00:00+00:00,2.212e-05
2026-02-26 08:00:00.006000+00:00,0.0001
2026-02-26 16:00:00.002000+00:00,1.076e-05
2026-02-27 00:00:00.007000+00:00,-0.00021323
2026-02-27 08:00:00+00:00,-9.115e-05
2026-02-27 16:00:00.001000+00:00,0.0001
2026-02-28 00:00:00+00:00,0.0001
2026-02-28 08:00:00+00:00,8.105e-05
2026-02-28 16:00:00.004000+00:00,-1.314e-05
2026-03-01 00:00:00.005000+00:00,-0.0002918
2026-03-01 08:00:00+00:00,0.0001
2026-03-01 16:00:00.002000+00:00,-7.039e-05
2026-03-02 00:00:00.001000+00:00,0.0001
2026-03-02 08:00:00.007000+00:00,-7.306e-05
2026-03-02 16:00:00+00:00,-0.00025037
2026-03-03 00:00:00+00:00,3.853e-05
2026-03-03 08:00:00+00:00,-8.05e-06
2026-03-03 16:00:00.007000+00:00,-9.253e-05
2026-03-04 00:00:00.001000+00:00,-0.00011318
2026-03-04 08:00:00.005000+00:00,4.586e-05
2026-03-04 16:00:00+00:00,-7.261e-05
2026-03-05 00:00:00+00:00,0.0001
2026-03-05 08:00:00+00:00,-0.00012796
2026-03-05 16:00:00.004000+00:00,8.235e-05
2026-03-06 00:00:00.001000+00:00,0.0001
2026-03-06 08:00:00.001000+00:00,-7.643e-05
2026-03-06 16:00:00.004000+00:00,0.0001
2026-03-07 00:00:00.001000+00:00,0.0001
2026-03-07 08:00:00.012000+00:00,9.08e-06
2026-03-07 16:00:00.001000+00:00,-9.201e-05
2026-03-08 00:00:00.001000+00:00,-0.00012007
2026-03-08 08:00:00+00:00,-2.081e-05
2026-03-08 16:00:00.002000+00:00,-0.00051825
2026-03-09 00:00:00+00:00,-0.00041414
2026-03-09 08:00:00.004000+00:00,-0.00047239
2026-03-09 16:00:00.003000+00:00,-0.00013006
2026-03-10 00:00:00.012000+00:00,-0.00013051
2026-03-10 08:00:00.002000+00:00,-6.402e-05
2026-03-10 16:00:00.001000+00:00,-9.156e-05
2026-03-11 00:00:00+00:00,0.0001
2026-03-11 08:00:00.007000+00:00,9.467e-05
2026-03-11 16:00:00.010000+00:00,8.155e-05
2026-03-12 00:00:00+00:00,0.0001
2026-03-12 08:00:00+00:00,-0.00013089
2026-03-12 16:00:00+00:00,-0.00013636
2026-03-13 00:00:00.006000+00:00,-7.413e-05
2026-03-13 08:00:00.001000+00:00,0.0001
2026-03-13 16:00:00+00:00,5.006e-05
2026-03-14 00:00:00.001000+00:00,0.0001
2026-03-14 08:00:00+00:00,0.0001
2026-03-14 16:00:00.007000+00:00,0.0001
2026-03-15 00:00:00+00:00,0.0001
2026-03-15 08:00:00+00:00,4.25e-06
2026-03-15 16:00:00+00:00,7.91e-05
2026-03-16 00:00:00+00:00,-8.96e-06
2026-03-16 08:00:00.010000+00:00,0.0001
2026-03-16 16:00:00+00:00,0.0001
2026-03-17 00:00:00+00:00,0.0001
2026-03-17 08:00:00.002000+00:00,0.0001
2026-03-17 16:00:00.011000+00:00,0.0001
2026-03-18 00:00:00.002000+00:00,0.0001
2026-03-18 08:00:00.002000+00:00,3.157e-05
2026-03-18 16:00:00.005000+00:00,-5.685e-05
2026-03-19 00:00:00+00:00,0.0001
2026-03-19 08:00:00.003000+00:00,0.0001
2026-03-19 16:00:00.003000+00:00,0.0001
2026-03-20 00:00:00.002000+00:00,6.926e-05
2026-03-20 08:00:00+00:00,1.33e-06
2026-03-20 16:00:00+00:00,3.283e-05
2026-03-21 00:00:00+00:00,8.549e-05
2026-03-21 08:00:00+00:00,8.884e-05
2026-03-21 16:00:00.014000+00:00,7.594e-05
2026-03-22 00:00:00.012000+00:00,3.626e-05
2026-03-22 08:00:00.007000+00:00,8.24e-05
2026-03-22 16:00:00.002000+00:00,0.0001
2026-03-23 00:00:00+00:00,-5.405e-05
2026-03-23 08:00:00.003000+00:00,4.049e-05
2026-03-23 16:00:00.002000+00:00,-0.00017435
2026-03-24 00:00:00+00:00,5.065e-05
2026-03-24 08:00:00+00:00,0.0001
2026-03-24 16:00:00.003000+00:00,4.266e-05
2026-03-25 00:00:00+00:00,2.961e-05
2026-03-25 08:00:00+00:00,-0.00019244
2026-03-25 16:00:00.013000+00:00,-0.00017882
2026-03-26 00:00:00.001000+00:00,0.0001
2026-03-26 08:00:00.001000+00:00,4.872e-05
2026-03-26 16:00:00+00:00,0.0001
2026-03-27 00:00:00.006000+00:00,0.0001
2026-03-27 08:00:00+00:00,8.857e-05
2026-03-27 16:00:00+00:00,0.0001
2026-03-28 00:00:00.005000+00:00,0.0001
2026-03-28 08:00:00.005000+00:00,3.513e-05
2026-03-28 16:00:00+00:00,-7.393e-05
2026-03-29 00:00:00.003000+00:00,4.691e-05
2026-03-29 08:00:00.001000+00:00,0.0001
2026-03-29 16:00:00+00:00,0.0001
2026-03-30 00:00:00+00:00,0.0001
2026-03-30 08:00:00.005000+00:00,0.0001
2026-03-30 16:00:00+00:00,-8.7e-07
2026-03-31 00:00:00+00:00,0.0001
2026-03-31 08:00:00+00:00,-0.00014302
2026-03-31 16:00:00+00:00,1.396e-05
2026-04-01 00:00:00+00:00,3.062e-05
2026-04-01 08:00:00+00:00,8.758e-05
2026-04-01 16:00:00+00:00,-6.061e-05
2026-04-02 00:00:00.003000+00:00,-1.414e-05
2026-04-02 08:00:00.001000+00:00,5.489e-05
2026-04-02 16:00:00.001000+00:00,0.0001
2026-04-03 00:00:00+00:00,3.75e-06
2026-04-03 08:00:00.008000+00:00,0.0001
2026-04-03 16:00:00.008000+00:00,5.54e-05
2026-04-04 00:00:00+00:00,4.875e-05
2026-04-04 08:00:00.003000+00:00,5.122e-05
2026-04-04 16:00:00+00:00,0.0001
2026-04-05 00:00:00.008000+00:00,6.476e-05
2026-04-05 08:00:00+00:00,4.772e-05
2026-04-05 16:00:00.001000+00:00,4.187e-05
2026-04-06 00:00:00.004000+00:00,-8.036e-05
2026-04-06 08:00:00.001000+00:00,2.401e-05
2026-04-06 16:00:00.003000+00:00,0.0001
2026-04-07 00:00:00+00:00,6.802e-05
2026-04-07 08:00:00+00:00,-2.093e-05
2026-04-07 16:00:00+00:00,0.0001
2026-04-08 00:00:00+00:00,7.652e-05
2026-04-08 08:00:00+00:00,4.64e-05
2026-04-08 16:00:00.006000+00:00,0.0001
2026-04-09 00:00:00+00:00,-7.873e-05
2026-04-09 08:00:00.010000+00:00,5.948e-05
2026-04-09 16:00:00.001000+00:00,0.0001
2026-04-10 00:00:00+00:00,-5.769e-05
2026-04-10 08:00:00.005000+00:00,8.148e-05
2026-04-10 16:00:00+00:00,9.197e-05
2026-04-11 00:00:00+00:00,-0.00019899
2026-04-11 08:00:00+00:00,-0.0002162
2026-04-11 16:00:00.003000+00:00,0.0001
2026-04-12 00:00:00+00:00,0.0001
2026-04-12 08:00:00+00:00,0.0001
2026-04-12 16:00:00+00:00,0.0001
2026-04-13 00:00:00.011000+00:00,0.0001
2026-04-13 08:00:00.006000+00:00,3.371e-05
2026-04-13 16:00:00+00:00,7.339e-05
2026-04-14 00:00:00.005000+00:00,-3.101e-05
2026-04-14 08:00:00.003000+00:00,-3.073e-05
2026-04-14 16:00:00.001000+00:00,-3.264e-05
2026-04-15 00:00:00+00:00,0.0001
2026-04-15 08:00:00+00:00,-3.763e-05
2026-04-15 16:00:00+00:00,1.694e-05
2026-04-16 00:00:00.013000+00:00,0.0001
2026-04-16 08:00:00+00:00,5.652e-05
2026-04-16 16:00:00+00:00,0.0001
2026-04-17 00:00:00.001000+00:00,6.644e-05
2026-04-17 08:00:00.011000+00:00,-2.376e-05
2026-04-17 16:00:00.001000+00:00,0.0001
2026-04-18 00:00:00.001000+00:00,0.0001
2026-04-18 08:00:00.006000+00:00,-3.949e-05
2026-04-18 16:00:00+00:00,3.13e-06
2026-04-19 00:00:00.002000+00:00,-1.321e-05
2026-04-19 08:00:00.010000+00:00,0.0001
2026-04-19 16:00:00.001000+00:00,-0.00012364
2026-04-20 00:00:00+00:00,0.0001
2026-04-20 08:00:00+00:00,0.0001
2026-04-20 16:00:00.001000+00:00,-9.963e-05
2026-04-21 00:00:00+00:00,-4.873e-05
2026-04-21 08:00:00.004000+00:00,7.969e-05
2026-04-21 16:00:00.004000+00:00,0.0001
2026-04-22 00:00:00.004000+00:00,2.91e-05
2026-04-22 08:00:00+00:00,-5.468e-05
2026-04-22 16:00:00+00:00,-8.48e-06
2026-04-23 00:00:00+00:00,3.624e-05
2026-04-23 08:00:00+00:00,6.775e-05
2026-04-23 16:00:00.004000+00:00,-1.45e-06
2026-04-24 00:00:00.006000+00:00,3.932e-05
2026-04-24 08:00:00+00:00,9.466e-05
2026-04-24 16:00:00+00:00,0.0001
2026-04-25 00:00:00+00:00,-6.84e-05
2026-04-25 08:00:00.002000+00:00,-3.702e-05
2026-04-25 16:00:00.002000+00:00,5.091e-05
2026-04-26 00:00:00.003000+00:00,0.0001
2026-04-26 08:00:00.007000+00:00,9.55e-05
2026-04-26 16:00:00.004000+00:00,0.0001
2026-04-27 00:00:00.004000+00:00,-2.769e-05
2026-04-27 08:00:00+00:00,0.0001
2026-04-27 16:00:00.002000+00:00,0.0001
2026-04-28 00:00:00.001000+00:00,0.0001
2026-04-28 08:00:00+00:00,0.0001
2026-04-28 16:00:00.004000+00:00,0.0001
2026-04-29 00:00:00.006000+00:00,-1.741e-05
2026-04-29 08:00:00.011000+00:00,2.564e-05
2026-04-29 16:00:00.003000+00:00,9.127e-05
2026-04-30 00:00:00.002000+00:00,0.0001
2026-04-30 08:00:00+00:00,2.574e-05
2026-04-30 16:00:00+00:00,3.478e-05
2026-05-01 00:00:00+00:00,5.755e-05
2026-05-01 08:00:00.005000+00:00,-0.00012613
2026-05-01 16:00:00+00:00,-9.87e-06
2026-05-02 00:00:00.006000+00:00,0.0001
2026-05-02 08:00:00+00:00,-1.875e-05
2026-05-02 16:00:00.010000+00:00,-7.492e-05
2026-05-03 00:00:00.005000+00:00,4.448e-05
2026-05-03 08:00:00.003000+00:00,4.387e-05
2026-05-03 16:00:00+00:00,-7.899e-05
2026-05-04 00:00:00+00:00,3.49e-06
2026-05-04 08:00:00+00:00,7.155e-05
2026-05-04 16:00:00.003000+00:00,-0.00017467
2026-05-05 00:00:00+00:00,8.018e-05
2026-05-05 08:00:00.011000+00:00,-0.00015264
2026-05-05 16:00:00+00:00,6.071e-05
2026-05-06 00:00:00.010000+00:00,7.898e-05
2026-05-06 08:00:00+00:00,0.0001
2026-05-06 16:00:00.002000+00:00,0.0001
2026-05-07 00:00:00+00:00,7.241e-05
2026-05-07 08:00:00+00:00,9.347e-05
2026-05-07 16:00:00.004000+00:00,0.0001
2026-05-08 00:00:00.003000+00:00,0.0001
2026-05-08 08:00:00.002000+00:00,2.77e-05
2026-05-08 16:00:00.003000+00:00,-5.071e-05
2026-05-09 00:00:00+00:00,-6.752e-05
2026-05-09 08:00:00.001000+00:00,1.906e-05
2026-05-09 16:00:00.002000+00:00,6.895e-05
2026-05-10 00:00:00.003000+00:00,-9.61e-06
2026-05-10 08:00:00+00:00,9.163e-05
2026-05-10 16:00:00+00:00,5.061e-05
2026-05-11 00:00:00+00:00,-2.1e-05
2026-05-11 08:00:00+00:00,-1.464e-05
2026-05-11 16:00:00+00:00,7.064e-05
2026-05-12 00:00:00.002000+00:00,-6.998e-05
2026-05-12 08:00:00.008000+00:00,-0.00010546
2026-05-12 16:00:00+00:00,-6.632e-05
2026-05-13 00:00:00.010000+00:00,-0.00019112
2026-05-13 08:00:00.003000+00:00,-2.712e-05
2026-05-13 16:00:00.001000+00:00,1.911e-05
2026-05-14 00:00:00.005000+00:00,0.0001
2026-05-14 08:00:00+00:00,-1.461e-05
2026-05-14 16:00:00+00:00,8.945e-05
2026-05-15 00:00:00+00:00,4.865e-05
2026-05-15 08:00:00.016000+00:00,7.108e-05
2026-05-15 16:00:00.012000+00:00,2.677e-05
2026-05-16 00:00:00.005000+00:00,7.512e-05
2026-05-16 08:00:00+00:00,6.15e-06
2026-05-16 16:00:00.005000+00:00,9.73e-06
2026-05-17 00:00:00+00:00,1.033e-05
2026-05-17 08:00:00.010000+00:00,6.842e-05
2026-05-17 16:00:00.009000+00:00,0.0001
2026-05-18 00:00:00.007000+00:00,1.706e-05
2026-05-18 08:00:00.002000+00:00,7.723e-05
2026-05-18 16:00:00.007000+00:00,-7.327e-05
2026-05-19 00:00:00.001000+00:00,-8.626e-05
2026-05-19 08:00:00.001000+00:00,5.151e-05
2026-05-19 16:00:00.009000+00:00,-2.605e-05
2026-05-20 00:00:00.001000+00:00,0.0001
2026-05-20 08:00:00.006000+00:00,0.0001
2026-05-20 16:00:00+00:00,5.106e-05
2026-05-21 00:00:00.001000+00:00,-9.96e-06
2026-05-21 08:00:00+00:00,-5.657e-05
2026-05-21 16:00:00+00:00,7.628e-05
2026-05-22 00:00:00+00:00,9.556e-05
2026-05-22 08:00:00.004000+00:00,7.216e-05
2026-05-22 16:00:00.001000+00:00,0.0001
2026-05-23 00:00:00.009000+00:00,0.0001
2026-05-23 08:00:00.001000+00:00,0.0001
2026-05-23 16:00:00.003000+00:00,-7.21e-05
2026-05-24 00:00:00.011000+00:00,8.222e-05
2026-05-24 08:00:00.008000+00:00,0.0001
2026-05-24 16:00:00+00:00,5.13e-06
2026-05-25 00:00:00.001000+00:00,7.598e-05
2026-05-25 08:00:00.001000+00:00,2.388e-05
2026-05-25 16:00:00.001000+00:00,7.939e-05
2026-05-26 00:00:00+00:00,-4.244e-05
2026-05-26 08:00:00.003000+00:00,-0.00010463
2026-05-26 16:00:00+00:00,-0.0001436
2026-05-27 00:00:00+00:00,0.0001
2026-05-27 08:00:00.004000+00:00,0.0001
2026-05-27 16:00:00.009000+00:00,0.0001
2026-05-28 00:00:00.001000+00:00,0.0001
2026-05-28 08:00:00+00:00,0.0001
2026-05-28 16:00:00.001000+00:00,0.0001
2026-05-29 00:00:00+00:00,1.232e-05
2026-05-29 08:00:00.001000+00:00,3.929e-05
2026-05-29 16:00:00.008000+00:00,0.0001
2026-05-30 00:00:00+00:00,0.0001
2026-05-30 08:00:00.001000+00:00,0.0001
2026-05-30 16:00:00+00:00,0.0001
2026-05-31 00:00:00+00:00,0.0001
2026-05-31 08:00:00+00:00,-3.207e-05
2026-05-31 16:00:00.004000+00:00,5.942e-05
2026-06-01 00:00:00.001000+00:00,7.756e-05
2026-06-01 08:00:00.001000+00:00,-7.079e-05
2026-06-01 16:00:00+00:00,-1.5e-07
2026-06-02 00:00:00+00:00,-3.849e-05
2026-06-02 08:00:00+00:00,0.0001
2026-06-02 16:00:00+00:00,1.766e-05
2026-06-03 00:00:00.013000+00:00,-4.93e-06
2026-06-03 08:00:00+00:00,2.088e-05
2026-06-03 16:00:00.001000+00:00,-5.487e-05
2026-06-04 00:00:00.009000+00:00,2.641e-05
2026-06-04 08:00:00+00:00,5.967e-05
2026-06-04 16:00:00.003000+00:00,-1.968e-05
2026-06-05 00:00:00+00:00,0.0001
2026-06-05 08:00:00.004000+00:00,0.0001
2026-06-05 16:00:00.009000+00:00,4.878e-05
2026-06-06 00:00:00+00:00,-6.46e-05
2026-06-06 08:00:00+00:00,3.146e-05
2026-06-06 16:00:00+00:00,0.0001
2026-06-07 00:00:00.001000+00:00,0.0001
2026-06-07 08:00:00+00:00,1.896e-05
2026-06-07 16:00:00+00:00,-6.212e-05
2026-06-08 00:00:00+00:00,-6.148e-05
2026-06-08 08:00:00.005000+00:00,-8.138e-05
2026-06-08 16:00:00.004000+00:00,-9.048e-05
2026-06-09 00:00:00+00:00,4.137e-05
2026-06-09 08:00:00+00:00,2.12e-05
2026-06-09 16:00:00.001000+00:00,3.044e-05
2026-06-10 00:00:00.001000+00:00,3.509e-05
2026-06-10 08:00:00.011000+00:00,2.322e-05
2026-06-10 16:00:00.009000+00:00,-1.528e-05
2026-06-11 00:00:00+00:00,8.909e-05
2026-06-11 08:00:00.004000+00:00,5.871e-05
2026-06-11 16:00:00+00:00,0.0001
2026-06-12 00:00:00+00:00,2.388e-05
2026-06-12 08:00:00+00:00,0.0001
2026-06-12 16:00:00+00:00,-9.71e-06
2026-06-13 00:00:00+00:00,6.653e-05
2026-06-13 08:00:00.007000+00:00,7.44e-06
2026-06-13 16:00:00.002000+00:00,6.147e-05
2026-06-14 00:00:00.005000+00:00,0.0001
2026-06-14 08:00:00.009000+00:00,4.602e-05
2026-06-14 16:00:00+00:00,7.517e-05
2026-06-15 00:00:00.013000+00:00,2.632e-05
2026-06-15 08:00:00.013000+00:00,-2.173e-05
2026-06-15 16:00:00.004000+00:00,-4.57e-06
2026-06-16 00:00:00+00:00,0.0001
2026-06-16 08:00:00+00:00,-5.828e-05
2026-06-16 16:00:00.001000+00:00,6.556e-05
2026-06-17 00:00:00.012000+00:00,-8.428e-05
2026-06-17 08:00:00+00:00,-6.174e-05
2026-06-17 16:00:00+00:00,-6.181e-05
2026-06-18 00:00:00.002000+00:00,7.171e-05
2026-06-18 08:00:00+00:00,-8.64e-06
2026-06-18 16:00:00.001000+00:00,-2.033e-05
2026-06-19 00:00:00.005000+00:00,6.558e-05
2026-06-19 08:00:00.001000+00:00,-6.646e-05
2026-06-19 16:00:00.001000+00:00,-4.996e-05
2026-06-20 00:00:00.001000+00:00,1.176e-05
2026-06-20 08:00:00+00:00,-2.072e-05
2026-06-20 16:00:00.001000+00:00,-6.934e-05
2026-06-21 00:00:00+00:00,-3.695e-05
2026-06-21 08:00:00+00:00,-6.51e-06
2026-06-21 16:00:00+00:00,-0.00011018
2026-06-22 00:00:00+00:00,-7.573e-05
2026-06-22 08:00:00+00:00,7.688e-05
2026-06-22 16:00:00.002000+00:00,-2.375e-05
2026-06-23 00:00:00.003000+00:00,7.873e-05
2026-06-23 08:00:00.005000+00:00,5.791e-05
2026-06-23 16:00:00.002000+00:00,7.325e-05
2026-06-24 00:00:00.005000+00:00,0.0001
2026-06-24 08:00:00.005000+00:00,5.344e-05
2026-06-24 16:00:00.003000+00:00,3.296e-05
2026-06-25 00:00:00+00:00,5.43e-06
2026-06-25 08:00:00+00:00,-1.02e-06
2026-06-25 16:00:00+00:00,0.0001
2026-06-26 00:00:00.010000+00:00,0.0001
2026-06-26 08:00:00.002000+00:00,0.0001
2026-06-26 16:00:00+00:00,6.803e-05
2026-06-27 00:00:00+00:00,0.0001
2026-06-27 08:00:00+00:00,0.0001
2026-06-27 16:00:00.009000+00:00,-2.028e-05
2026-06-28 00:00:00+00:00,-0.00010329
2026-06-28 08:00:00.013000+00:00,-2.818e-05
2026-06-28 16:00:00+00:00,0.0001
2026-06-29 00:00:00.006000+00:00,0.0001
2026-06-29 08:00:00.013000+00:00,0.0001
2026-06-29 16:00:00.004000+00:00,0.0001
2026-06-30 00:00:00+00:00,0.0001
2026-06-30 08:00:00+00:00,0.0001
2026-06-30 16:00:00.005000+00:00,0.0001
2026-07-01 00:00:00+00:00,0.0001
2026-07-01 08:00:00+00:00,0.0001
2026-07-01 16:00:00+00:00,0.0001
2026-07-02 00:00:00+00:00,1.485e-05
2026-07-02 08:00:00+00:00,0.0001
2026-07-02 16:00:00+00:00,9.236e-05
2026-07-03 00:00:00+00:00,0.0001
2026-07-03 08:00:00.007000+00:00,0.0001
2026-07-03 16:00:00+00:00,1.894e-05
2026-07-04 00:00:00+00:00,-9.432e-05
2026-07-04 08:00:00+00:00,0.0001
2026-07-04 16:00:00.007000+00:00,-4.16e-06
2026-07-05 00:00:00.003000+00:00,8.88e-06
2026-07-05 08:00:00.001000+00:00,0.0001
2026-07-05 16:00:00+00:00,5.211e-05
2026-07-06 00:00:00+00:00,6.141e-05
2026-07-06 08:00:00+00:00,3.09e-06
2026-07-06 16:00:00+00:00,0.0001
2026-07-07 00:00:00+00:00,2.64e-06
2026-07-07 08:00:00+00:00,-7.42e-06
2026-07-07 16:00:00+00:00,0.0001
2026-07-08 00:00:00+00:00,0.0001
2026-07-08 08:00:00+00:00,-7.55e-06
2026-07-08 16:00:00+00:00,-8.913e-05
2026-07-09 00:00:00+00:00,-0.00012107
2026-07-09 08:00:00.001000+00:00,0.0001
2026-07-09 16:00:00.001000+00:00,0.0001
2026-07-10 00:00:00+00:00,0.0001
2026-07-10 08:00:00.005000+00:00,0.0001
2026-07-10 16:00:00.005000+00:00,9.722e-05
2026-07-11 00:00:00+00:00,2.434e-05
2026-07-11 08:00:00+00:00,4.749e-05
2026-07-11 16:00:00+00:00,0.0001
2026-07-12 00:00:00+00:00,0.0001
2026-07-12 08:00:00.003000+00:00,9.298e-05
2026-07-12 16:00:00+00:00,1.988e-05
2026-07-13 00:00:00+00:00,0.0001
2026-07-13 08:00:00.001000+00:00,0.0001
2026-07-13 16:00:00.004000+00:00,0.0001
2026-07-14 00:00:00+00:00,7.07e-05
2026-07-14 08:00:00.002000+00:00,2.426e-05
2026-07-14 16:00:00.001000+00:00,-0.00010911
2026-07-15 00:00:00.005000+00:00,0.0001
2026-07-15 08:00:00.002000+00:00,-1.55e-05
2026-07-15 16:00:00+00:00,8.1e-06
2026-07-16 00:00:00+00:00,8.61e-06
2026-07-16 08:00:00.003000+00:00,2.682e-05
2026-07-16 16:00:00.002000+00:00,4.141e-05
2026-07-17 00:00:00+00:00,4.958e-05
2026-07-17 08:00:00.010000+00:00,0.0001
2026-07-17 16:00:00.004000+00:00,-2.609e-05
2026-07-18 00:00:00+00:00,1.74e-06
2026-07-18 08:00:00+00:00,2.771e-05
2026-07-18 16:00:00.001000+00:00,-6.199e-05
2026-07-19 00:00:00.003000+00:00,2.785e-05
2026-07-19 08:00:00+00:00,6.492e-05
2026-07-19 16:00:00.001000+00:00,3.102e-05
2026-07-20 00:00:00+00:00,0.0001
2026-07-20 08:00:00.001000+00:00,6.404e-05
2026-07-20 16:00:00.004000+00:00,3.365e-05
2026-07-21 00:00:00.001000+00:00,0.0001
2026-07-21 08:00:00+00:00,0.0001
2026-07-21 16:00:00.002000+00:00,-5.187e-05
2026-07-22 00:00:00+00:00,-3.531e-05
2026-07-22 08:00:00+00:00,3.693e-05
2026-07-22 16:00:00.001000+00:00,-0.00018836
2026-07-23 00:00:00+00:00,4.52e-06
2026-07-23 08:00:00+00:00,-6.394e-05
2026-07-23 16:00:00+00:00,0.0001
2026-07-24 00:00:00+00:00,0.0001
2026-07-24 08:00:00+00:00,0.0001
2026-07-24 16:00:00.008000+00:00,8.922e-05
2026-07-25 00:00:00.002000+00:00,-1.128e-05
2026-07-25 08:00:00+00:00,0.0001
2026-07-25 16:00:00+00:00,-5.614e-05
2026-07-26 00:00:00+00:00,-6.161e-05
2026-07-26 08:00:00.002000+00:00,-3.85e-05
2026-07-26 16:00:00+00:00,5.523e-05
2026-07-27 00:00:00.010000+00:00,0.0001
2026-07-27 08:00:00+00:00,0.0001
2026-07-27 16:00:00.001000+00:00,0.0001
2026-07-28 00:00:00+00:00,7.148e-05
2026-07-28 08:00:00+00:00,2.96e-06
2026-07-28 16:00:00+00:00,5.144e-05
2026-07-29 00:00:00+00:00,0.0001
2026-07-29 08:00:00.002000+00:00,0.0001
2026-07-29 16:00:00+00:00,4.585e-05
2026-07-30 00:00:00+00:00,2.979e-05
2026-07-30 08:00:00+00:00,-3.354e-05
2026-07-30 16:00:00+00:00,1.6e-05
2026-07-31 00:00:00.003000+00:00,2.075e-05
2026-07-31 08:00:00+00:00,0.0001
2026-07-31 16:00:00+00:00,-0.00014729
2026-08-01 00:00:00.001000+00:00,0.0001
2026-08-01 08:00:00+00:00,0.0001
2026-08-01 16:00:00+00:00,0.0001
2026-08-02 00:00:00+00:00,3.752e-05
2026-08-02 08:00:00+00:00,0.0001
2026-08-02 16:00:00+00:00,0.0001
2026-08-03 00:00:00+00:00,0.0001
2026-08-03 08:00:00+00:00,0.0001
2026-08-03 16:00:00+00:00,7.611e-05
2026-08-04 00:00:00.004000+00:00,0.0001
2026-08-04 08:00:00.002000+00:00,0.0001
2026-08-04 16:00:00+00:00,0.0001
2026-08-05 00:00:00.003000+00:00,0.0001
2026-08-05 08:00:00.004000+00:00,0.0001
2026-08-05 16:00:00+00:00,5.842e-05
2026-08-06 00:00:00.002000+00:00,0.0001
2026-08-06 08:00:00+00:00,-4.779e-05
2026-08-06 16:00:00+00:00,-0.00014385
2026-08-07 00:00:00+00:00,0.0001
2026-08-07 08:00:00+00:00,0.0001
2026-08-07 16:00:00+00:00,8.938e-05
2026-08-08 00:00:00.001000+00:00,-0.00023117
2026-08-08 08:00:00+00:00,0.0001
2026-08-08 16:00:00.002000+00:00,0.0001
2026-08-09 00:00:00+00:00,0.0001
2026-08-09 08:00:00.005000+00:00,0.0001
2026-08-09 16:00:00+00:00,0.0001
2026-08-10 00:00:00.001000+00:00,0.0001
2026-08-10 08:00:00.005000+00:00,0.0001
2026-08-10 16:00:00+00:00,0.0001
2026-08-11 00:00:00+00:00,0.0001
2026-08-11 08:00:00.006000+00:00,5.882e-05
2026-08-11 16:00:00+00:00,0.0001
2026-08-12 00:00:00.001000+00:00,0.0001
2026-08-12 08:00:00+00:00,0.0001
2026-08-12 16:00:00+00:00,0.0001
2026-08-13 00:00:00+00:00,0.0001
2026-08-13 08:00:00+00:00,2.153e-05
2026-08-13 16:00:00+00:00,0.0001
2026-08-14 00:00:00+00:00,0.0001
2026-08-14 08:00:00.001000+00:00,0.0001
2026-08-14 16:00:00.001000+00:00,5.217e-05
2026-08-15 00:00:00.003000+00:00,0.0001
2026-08-15 08:00:00.002000+00:00,0.0001
2026-08-15 16:00:00+00:00,0.0001
2026-08-16 00:00:00+00:00,0.0001
2026-08-16 08:00:00.002000+00:00,8.32e-06
2026-08-16 16:00:00+00:00,0.0001
2026-08-17 00:00:00.001000+00:00,2.73e-05
2026-08-17 08:00:00.003000+00:00,5.164e-05
2026-08-17 16:00:00.005000+00:00,5.43e-06
2026-08-18 00:00:00.006000+00:00,-7.774e-05
2026-08-18 08:00:00.001000+00:00,3.465e-05
2026-08-18 16:00:00.003000+00:00,3.865e-05
2026-08-19 00:00:00+00:00,-7.532e-05
2026-08-19 08:00:00+00:00,-3.64e-06
2026-08-19 16:00:00.004000+00:00,0.0001
2026-08-20 00:00:00.001000+00:00,0.0001
2026-08-20 08:00:00+00:00,0.0001
2026-08-20 16:00:00.005000+00:00,2.254e-05
2026-08-21 00:00:00.004000+00:00,6.634e-05
2026-08-21 08:00:00+00:00,0.0001
2026-08-21 16:00:00.001000+00:00,0.0001
2026-08-22 00:00:00+00:00,0.0001
2026-08-22 08:00:00+00:00,0.0001
2026-08-22 16:00:00+00:00,0.0001
2026-08-23 00:00:00+00:00,0.0001
2026-08-23 08:00:00+00:00,0.0001
2026-08-23 16:00:00.006000+00:00,0.0001
2026-08-24 00:00:00.001000+00:00,0.0001
2026-08-24 08:00:00.002000+00:00,0.0001
2026-08-24 16:00:00+00:00,0.0001
2026-08-25 00:00:00.001000+00:00,0.0001
2026-08-25 08:00:00+00:00,2.3e-06
2026-08-25 16:00:00.005000+00:00,0.0001
2026-08-26 00:00:00+00:00,-4.05e-06
2026-08-26 08:00:00.005000+00:00,7.215e-05
2026-08-26 16:00:00+00:00,5.292e-05
2026-08-27 00:00:00+00:00,0.0001
2026-08-27 08:00:00+00:00,-2.498e-05
2026-08-27 16:00:00.013000+00:00,5.447e-05
2026-08-28 00:00:00.026000+00:00,0.0001
2026-08-28 08:00:00+00:00,-4.72e-06
2026-08-28 16:00:00.001000+00:00,-2.538e-05
2026-08-29 00:00:00+00:00,-1.336e-05
2026-08-29 08:00:00+00:00,3.193e-05
2026-08-29 16:00:00.002000+00:00,-2.449e-05
2026-08-30 00:00:00+00:00,3.012e-05
2026-08-30 08:00:00+00:00,-5.801e-05
2026-08-30 16:00:00.001000+00:00,-3.69e-06
2026-08-31 00:00:00.002000+00:00,-4.904e-05
2026-08-31 08:00:00.002000+00:00,1.199e-05
2026-08-31 16:00:00.001000+00:00,-1.033e-05
2026-09-01 00:00:00.005000+00:00,0.0001
2026-09-01 08:00:00+00:00,0.0001
2026-09-01 16:00:00+00:00,4.197e-05
2026-09-02 00:00:00+00:00,0.0001
2026-09-02 08:00:00.001000+00:00,-3.913e-05
2026-09-02 16:00:00.005000+00:00,-4.52e-05
2026-09-03 00:00:00+00:00,6.874e-05
2026-09-03 08:00:00+00:00,2.243e-05
2026-09-03 16:00:00+00:00,0.0001
2026-09-04 00:00:00+00:00,0.0001
2026-09-04 08:00:00+00:00,2.57e-05
2026-09-04 16:00:00.009000+00:00,0.0001
2026-09-05 00:00:00+00:00,0.0001
2026-09-05 08:00:00+00:00,0.0001
2026-09-05 16:00:00.001000+00:00,0.0001
2026-09-06 00:00:00+00:00,-2.45e-06
2026-09-06 08:00:00+00:00,4.303e-05
2026-09-06 16:00:00.004000+00:00,7.66e-06
2026-09-07 00:00:00.004000+00:00,0.0001
2026-09-07 08:00:00+00:00,0.0001
2026-09-07 16:00:00.003000+00:00,0.0001
2026-09-08 00:00:00.004000+00:00,0.0001
2026-09-08 08:00:00.002000+00:00,0.0001
2026-09-08 16:00:00.001000+00:00,0.0001
2026-09-09 00:00:00.005000+00:00,2.7e-07
2026-09-09 08:00:00.004000+00:00,8.186e-05
2026-09-09 16:00:00.002000+00:00,0.0001
2026-09-10 00:00:00+00:00,0.0001
2026-09-10 08:00:00.007000+00:00,3.205e-05
2026-09-10 16:00:00.002000+00:00,3.7e-07
2026-09-11 00:00:00.008000+00:00,-5.943e-05
2026-09-11 08:00:00+00:00,3.833e-05
2026-09-11 16:00:00+00:00,7.879e-05
2026-09-12 00:00:00.001000+00:00,-6.146e-05
2026-09-12 08:00:00.003000+00:00,-0.00016968
2026-09-12 16:00:00+00:00,-0.00011262
2026-09-13 00:00:00.002000+00:00,-2.849e-05
2026-09-13 08:00:00+00:00,3.354e-05
2026-09-13 16:00:00+00:00,-2.597e-05
2026-09-14 00:00:00+00:00,8.869e-05
2026-09-14 08:00:00+00:00,-4.947e-05
2026-09-14 16:00:00+00:00,-1.865e-05
2026-09-15 00:00:00+00:00,0.0001
2026-09-15 08:00:00.005000+00:00,1.749e-05
2026-09-15 16:00:00.001000+00:00,5.528e-05
2026-09-16 00:00:00.001000+00:00,5.248e-05
2026-09-16 08:00:00.002000+00:00,4.36e-06
2026-09-16 16:00:00.001000+00:00,1.689e-05
2026-09-17 00:00:00+00:00,0.0001
2026-09-17 08:00:00.003000+00:00,5.264e-05
2026-09-17 16:00:00+00:00,0.0001
2026-09-18 00:00:00.003000+00:00,0.0001
2026-09-18 08:00:00.006000+00:00,0.0001
2026-09-18 16:00:00+00:00,0.0001
2026-09-19 00:00:00+00:00,0.0001
2026-09-19 08:00:00.002000+00:00,0.0001
2026-09-19 16:00:00+00:00,0.0001
2026-09-20 00:00:00+00:00,0.0001
2026-09-20 08:00:00+00:00,0.0001
2026-09-20 16:00:00+00:00,0.0001
