timestamp,rebalance_id,asset,action,quantity,order_id,success,status,error
2026-01-04 01:00:00+00:00,trend824_v1_frozen_2026-01-04T01:00:00+00:00,BNB,BUY_LONG,23.806672985166678,56079702-f848-4f44-9b8f-1dcd40c05102,True,FILLED,
2026-01-04 01:00:00+00:00,trend824_v1_frozen_2026-01-04T01:00:00+00:00,BTC,BUY_LONG,0.2296261577995167,6715fc75-9168-45ed-8c3a-c27ddf9a709e,True,FILLED,
2026-01-04 01:00:00+00:00,trend824_v1_frozen_2026-01-04T01:00:00+00:00,ETH,BUY_LONG,6.642195582335966,60b02485-48ce-427f-9d4d-f882e5fe6ed8,True,FILLED,
2026-01-04 01:00:00+00:00,trend824_v1_frozen_2026-01-04T01:00:00+00:00,SOL,BUY_LONG,155.86232518482126,80dba4f6-57a8-4d96-b0b5-0864aded1002,True,FILLED,
2026-01-04 01:00:00+00:00,trend824_v1_frozen_2026-01-04T01:00:00+00:00,XRP,BUY_LONG,7832.751724810464,e9110cab-2057-4469-b78f-4f407d3a5644,True,FILLED,
2026-01-05 01:00:00+00:00,trend824_v1_frozen_2026-01-05T01:00:00+00:00,BNB,SELL_LONG,0.7426699456606514,db01b8fe-acdd-4b2d-99a0-7040067ded80,True,FILLED,
2026-01-05 01:00:00+00:00,trend824_v1_frozen_2026-01-05T01:00:00+00:00,BTC,SELL_LONG,0.004935140448116521,d21e03f1-9e8e-4b86-b4b4-176e74ab48c8,True,FILLED,
2026-01-05 01:00:00+00:00,trend824_v1_frozen_2026-01-05T01:00:00+00:00,ETH,SELL_LONG,0.0887340533213461,3803cc46-395c-4fb8-8cf8-3a18d431640a,True,FILLED,
2026-01-05 01:00:00+00:00,trend824_v1_frozen_2026-01-05T01:00:00+00:00,SOL,SELL_LONG,2.6887595911354083,1066b255-f7c8-4c14-acca-c7bad1f3ffd6,True,FILLED,
2026-01-05 01:00:00+00:00,trend824_v1_frozen_2026-01-05T01:00:00+00:00,XRP,BUY_LONG,836.1993294761351,e5b7d084-b407-4544-a3fd-b49b56c900d9,True,FILLED,
2026-01-06 01:00:00+00:00,trend824_v1_frozen_2026-01-06T01:00:00+00:00,XRP,SELL_LONG,1746.3316420525298,a6c4ba33-e38c-4e3f-8c87-c7e82a6dea26,True,FILLED,
2026-01-06 01:00:00+00:00,trend824_v1_frozen_2026-01-06T01:00:00+00:00,BNB,BUY_LONG,1.2796432936922422,dbc3e547-1be8-4365-9ea9-b2c52deb4b55,True,FILLED,
2026-01-06 01:00:00+00:00,trend824_v1_frozen_2026-01-06T01:00:00+00:00,BTC,BUY_LONG,0.011143432622366861,49e2da55-a152-47ed-8e1c-15b08b65ea55,True,FILLED,
2026-01-06 01:00:00+00:00,trend824_v1_frozen_2026-01-06T01:00:00+00:00,ETH,BUY_LONG,0.326053984450108,5197a926-2f55-496a-8811-d265f34b82ee,True,FILLED,
2026-01-06 01:00:00+00:00,trend824_v1_frozen_2026-01-06T01:00:00+00:00,SOL,BUY_LONG,6.364711368224732,5b00b51d-a406-4a13-b538-1cd6149cd082,True,FILLED,
2026-01-07 01:00:00+00:00,trend824_v1_frozen_2026-01-07T01:00:00+00:00,BNB,SELL_LONG,13.817704774177328,6a677f51-e068-4508-b5d1-2d9aee889afb,True,FILLED,
2026-01-07 01:00:00+00:00,trend824_v1_frozen_2026-01-07T01:00:00+00:00,BTC,SELL_LONG,0.23583444997376704,be98b534-57ae-40a2-9955-e1c908023c72,True,FILLED,
2026-01-07 01:00:00+00:00,trend824_v1_frozen_2026-01-07T01:00:00+00:00,SOL,SELL_LONG,49.810778317617604,45b81686-c11d-41d7-8923-b2cee4f694a3,True,FILLED,
2026-01-07 01:00:00+00:00,trend824_v1_frozen_2026-01-07T01:00:00+00:00,XRP,SELL_LONG,6922.619412234069,65b05f4f-c8ba-4e37-820d-846d0259928c,True,FILLED,
2026-01-07 01:00:00+00:00,trend824_v1_frozen_2026-01-07T01:00:00+00:00,BTC,OPEN_SHORT,0.10752698929394021,74a0fa51-bc68-4c56-a940-5e7fa6b051e3,True,FILLED,
2026-01-07 01:00:00+00:00,trend824_v1_frozen_2026-01-07T01:00:00+00:00,ETH,BUY_LONG,1.8311094463760504,3148bc9c-fd85-42c8-9b49-1d3bb41b47ef,True,FILLED,
2026-01-07 01:00:00+00:00,trend824_v1_frozen_2026-01-07T01:00:00+00:00,XRP,OPEN_SHORT,1280.0470837043067,3d78369a-fd16-491b-8fed-83af8f85ec61,True,FILLED,
2026-01-08 01:00:00+00:00,trend824_v1_frozen_2026-01-08T01:00:00+00:00,BNB,SELL_LONG,10.525941559020941,04c92d1a-0dfa-49ac-b05b-96b4087ac3f1,True,FILLED,
2026-01-08 01:00:00+00:00,trend824_v1_frozen_2026-01-08T01:00:00+00:00,ETH,SELL_LONG,8.710624959840779,c75c58ae-d850-4ac9-9430-f8f884509410,True,FILLED,
2026-01-08 01:00:00+00:00,trend824_v1_frozen_2026-01-08T01:00:00+00:00,SOL,SELL_LONG,109.72749864429298,391e981f-d853-4682-9df2-ad5b4c8013f6,True,FILLED,
2026-01-08 01:00:00+00:00,trend824_v1_frozen_2026-01-08T01:00:00+00:00,BNB,OPEN_SHORT,22.7923426071317,11206ec9-b681-487f-b802-3d9c36e2ccae,True,FILLED,
2026-01-08 01:00:00+00:00,trend824_v1_frozen_2026-01-08T01:00:00+00:00,BTC,OPEN_SHORT,0.25173092838118033,c1ef69f3-2a96-485a-a065-bf96c055fc68,True,FILLED,
2026-01-08 01:00:00+00:00,trend824_v1_frozen_2026-01-08T01:00:00+00:00,ETH,OPEN_SHORT,6.031134810197545,fe5d2aee-373e-42f8-92f8-1065836d1b52,True,FILLED,
2026-01-08 01:00:00+00:00,trend824_v1_frozen_2026-01-08T01:00:00+00:00,SOL,OPEN_SHORT,89.51540733717931,40351287-01e7-49fe-bcab-d02549364a02,True,FILLED,
2026-01-08 01:00:00+00:00,trend824_v1_frozen_2026-01-08T01:00:00+00:00,XRP,OPEN_SHORT,7053.315634625978,35ccdf01-c8bc-423a-87c8-e849fc1d863a,True,FILLED,
2026-01-09 01:00:00+00:00,trend824_v1_frozen_2026-01-09T01:00:00+00:00,BNB,CLOSE_SHORT,20.69422720370445,013755be-230a-490e-bd52-0f84542766cc,True,FILLED,
2026-01-09 01:00:00+00:00,trend824_v1_frozen_2026-01-09T01:00:00+00:00,BTC,CLOSE_SHORT,0.35925791767512055,3870806b-a4bd-46b0-a0f1-73aae2ceafb1,True,FILLED,
2026-01-09 01:00:00+00:00,trend824_v1_frozen_2026-01-09T01:00:00+00:00,SOL,CLOSE_SHORT,89.51540733717931,76dc220d-be7a-47eb-8d81-f57951e71796,True,FILLED,
2026-01-09 01:00:00+00:00,trend824_v1_frozen_2026-01-09T01:00:00+00:00,XRP,CLOSE_SHORT,4269.185674927452,4cb3e4bd-96ff-4faa-a0b9-31c5d68d6508,True,FILLED,
2026-01-09 01:00:00+00:00,trend824_v1_frozen_2026-01-09T01:00:00+00:00,BNB,OPEN_SHORT,4.440892098500626e-16,7d03360d-59a5-4a62-8a2f-1c26f11c8c30,True,FILLED,
2026-01-09 01:00:00+00:00,trend824_v1_frozen_2026-01-09T01:00:00+00:00,BTC,BUY_LONG,0.11266047631760065,1d79f4a6-c578-4b25-b141-48efa4c1502b,True,FILLED,
2026-01-09 01:00:00+00:00,trend824_v1_frozen_2026-01-09T01:00:00+00:00,ETH,OPEN_SHORT,0.5528872260297328,77f1cf32-66ec-4ebf-af91-ce967e619e2f,True,FILLED,
2026-01-09 01:00:00+00:00,trend824_v1_frozen_2026-01-09T01:00:00+00:00,SOL,BUY_LONG,114.9079272036796,f07b93ac-e825-44f7-90ec-eb7323b6fa11,True,FILLED,
2026-01-10 01:00:00+00:00,trend824_v1_frozen_2026-01-10T01:00:00+00:00,BNB,CLOSE_SHORT,2.098115403427251,4ee32ddf-07fa-4ac6-87b8-f7b008f8385c,True,FILLED,
2026-01-10 01:00:00+00:00,trend824_v1_frozen_2026-01-10T01:00:00+00:00,BTC,SELL_LONG,0.11266047631760065,26eff330-b726-4bc9-bc0a-a5efa63cae30,True,FILLED,
2026-01-10 01:00:00+00:00,trend824_v1_frozen_2026-01-10T01:00:00+00:00,SOL,SELL_LONG,114.9079272036796,e5183f6b-87ba-494e-b2af-d8b7bee30d46,True,FILLED,
2026-01-10 01:00:00+00:00,trend824_v1_frozen_2026-01-10T01:00:00+00:00,BNB,BUY_LONG,29.15239708386704,a49b5622-ffdf-4abe-9657-03e1146bdcee,True,FILLED,
2026-01-10 01:00:00+00:00,trend824_v1_frozen_2026-01-10T01:00:00+00:00,BTC,OPEN_SHORT,0.12104845693664737,384b281e-772a-40af-a129-46795772ace8,True,FILLED,
2026-01-10 01:00:00+00:00,trend824_v1_frozen_2026-01-10T01:00:00+00:00,ETH,OPEN_SHORT,1.3951368109354183,3c617256-1b2b-4ee9-825b-3c7df71828e0,True,FILLED,
2026-01-10 01:00:00+00:00,trend824_v1_frozen_2026-01-10T01:00:00+00:00,SOL,OPEN_SHORT,104.54371783370695,e692a938-d129-4217-9a91-797aebe5152e,True,FILLED,
2026-01-10 01:00:00+00:00,trend824_v1_frozen_2026-01-10T01:00:00+00:00,XRP,OPEN_SHORT,3231.859808412187,999ed5a8-2b41-4bc4-89ff-3294c4760f6e,True,FILLED,
2026-01-11 01:00:00+00:00,trend824_v1_frozen_2026-01-11T01:00:00+00:00,BNB,SELL_LONG,2.795204374343335,907b7ae9-87a7-43a3-9b27-57f745449e95,True,FILLED,
2026-01-11 01:00:00+00:00,trend824_v1_frozen_2026-01-11T01:00:00+00:00,ETH,CLOSE_SHORT,1.9147805328460725,3ac95d9a-aaf3-4e94-8352-374e3e13d73c,True,FILLED,
2026-01-11 01:00:00+00:00,trend824_v1_frozen_2026-01-11T01:00:00+00:00,BTC,OPEN_SHORT,0.13916769110722707,1e9ed045-8adc-4582-9101-2b07007d847c,True,FILLED,
2026-01-11 01:00:00+00:00,trend824_v1_frozen_2026-01-11T01:00:00+00:00,SOL,OPEN_SHORT,34.192153284191164,e38e774d-3330-4b82-aee5-a610e7f9c6a1,True,FILLED,
2026-01-11 01:00:00+00:00,trend824_v1_frozen_2026-01-11T01:00:00+00:00,XRP,OPEN_SHORT,1007.3635211434039,b816866e-9338-418e-9f8c-e9a926ce11e1,True,FILLED,
2026-01-12 01:00:00+00:00,trend824_v1_frozen_2026-01-12T01:00:00+00:00,BNB,SELL_LONG,26.357192709523705,c88fbd9a-f226-4c52-a146-7a689994af21,True,FILLED,
2026-01-12 01:00:00+00:00,trend824_v1_frozen_2026-01-12T01:00:00+00:00,BTC,CLOSE_SHORT,0.26021614804387444,1e038a79-d4ea-4495-a496-d2ff0098ce72,True,FILLED,
2026-01-12 01:00:00+00:00,trend824_v1_frozen_2026-01-12T01:00:00+00:00,ETH,CLOSE_SHORT,6.064378314316624,25043f4f-4ce2-4d8e-a9e4-9999d0ad5601,True,FILLED,
2026-01-12 01:00:00+00:00,trend824_v1_frozen_2026-01-12T01:00:00+00:00,SOL,CLOSE_SHORT,138.7358711178981,e2d1d1d2-14df-4609-af0e-7e6749c44a12,True,FILLED,
2026-01-12 01:00:00+00:00,trend824_v1_frozen_2026-01-12T01:00:00+00:00,BNB,OPEN_SHORT,22.51397295806229,def0ef82-81a1-42c5-9fcc-b8ec9755aabb,True,FILLED,
2026-01-12 01:00:00+00:00,trend824_v1_frozen_2026-01-12T01:00:00+00:00,BTC,BUY_LONG,0.22249095606081085,f86d3290-6568-400a-9b3b-095cc44e9cb9,True,FILLED,
2026-01-12 01:00:00+00:00,trend824_v1_frozen_2026-01-12T01:00:00+00:00,ETH,BUY_LONG,6.507973496659661,4d6d4add-ea0d-43cd-99a3-d5419f4e11e1,True,FILLED,
2026-01-12 01:00:00+00:00,trend824_v1_frozen_2026-01-12T01:00:00+00:00,SOL,BUY_LONG,143.67553433504443,8bd66c38-b17d-4b9f-a4b4-17f4eaaef63f,True,FILLED,
2026-01-12 01:00:00+00:00,trend824_v1_frozen_2026-01-12T01:00:00+00:00,XRP,OPEN_SHORT,1575.0790044029054,0a5d5c05-5665-4bf2-b1b0-a6e8d0ea8e78,True,FILLED,
