timestamp,asset,quantity,actual_weight
2026-01-03 01:00:00+00:00,BTC,0.0,0.0
2026-01-03 01:00:00+00:00,ETH,0.0,0.0
2026-01-03 01:00:00+00:00,SOL,0.0,0.0
2026-01-03 01:00:00+00:00,BNB,0.0,0.0
2026-01-03 01:00:00+00:00,XRP,0.0,0.0
2026-01-04 01:00:00+00:00,BTC,0.2296261577995167,0.2099536728326785
2026-01-04 01:00:00+00:00,ETH,6.642195582335966,0.2099536728326785
2026-01-04 01:00:00+00:00,SOL,155.86232518482126,0.2099536728326785
2026-01-04 01:00:00+00:00,BNB,23.806672985166678,0.2099536728326785
2026-01-04 01:00:00+00:00,XRP,7832.751724810464,0.16017529866938615
2026-01-05 01:00:00+00:00,BTC,0.22469101735140018,0.2048275662551663
2026-01-05 01:00:00+00:00,ETH,6.55346152901462,0.2048275662551663
2026-01-05 01:00:00+00:00,SOL,153.17356559368585,0.20482756625516635
2026-01-05 01:00:00+00:00,BNB,23.064003039506026,0.2048275662551663
2026-01-05 01:00:00+00:00,XRP,8668.9510542866,0.18067973463042028
2026-01-06 01:00:00+00:00,BTC,0.23583444997376704,0.2111841929461382
2026-01-06 01:00:00+00:00,ETH,6.879515513464728,0.2111841929461382
2026-01-06 01:00:00+00:00,SOL,159.53827696191058,0.20971810328510146
2026-01-06 01:00:00+00:00,BNB,24.34364633319827,0.2111841929461382
2026-01-06 01:00:00+00:00,XRP,6922.619412234069,0.1567193170865824
2026-01-07 01:00:00+00:00,BTC,-0.10752698929394021,-0.09544664563101335
2026-01-07 01:00:00+00:00,ETH,8.710624959840779,0.27171899311298625
2026-01-07 01:00:00+00:00,SOL,109.72749864429298,0.14692562643223236
2026-01-07 01:00:00+00:00,BNB,10.525941559020941,0.09159621877130882
2026-01-07 01:00:00+00:00,XRP,-1280.0470837043067,-0.02798024141134407
2026-01-08 01:00:00+00:00,BTC,-0.35925791767512055,-0.3174756715651094
2026-01-08 01:00:00+00:00,ETH,-6.031134810197545,-0.18489082630181586
2026-01-08 01:00:00+00:00,SOL,-89.51540733717931,-0.11843013103876458
2026-01-08 01:00:00+00:00,BNB,-22.7923426071317,-0.19881355658414973
2026-01-08 01:00:00+00:00,XRP,-8333.362718330285,-0.1748489826805549
2026-01-09 01:00:00+00:00,BTC,0.11266047631760065,0.09891229326706119
2026-01-09 01:00:00+00:00,ETH,-6.584022036227278,-0.19729691180521178
2026-01-09 01:00:00+00:00,SOL,114.9079272036796,0.15375336844906853
2026-01-09 01:00:00+00:00,BNB,-2.098115403427251,-0.018043783793695943
2026-01-09 01:00:00+00:00,XRP,-4064.177043402833,-0.08334017744850908
2026-01-10 01:00:00+00:00,BTC,-0.12104845693664737,-0.10564532930663281
2026-01-10 01:00:00+00:00,ETH,-7.979158847162696,-0.236989277540166
2026-01-10 01:00:00+00:00,SOL,-104.54371783370695,-0.13686116837402582
2026-01-10 01:00:00+00:00,BNB,29.15239708386704,0.252150742562523
2026-01-10 01:00:00+00:00,XRP,-7296.03685181502,-0.14704594832352647
2026-01-11 01:00:00+00:00,BTC,-0.26021614804387444,-0.22697354455678645
2026-01-11 01:00:00+00:00,ETH,-6.064378314316624,-0.18044379535990104
2026-01-11 01:00:00+00:00,SOL,-138.7358711178981,-0.18209175677463654
2026-01-11 01:00:00+00:00,BNB,26.357192709523705,0.2298614609039579
2026-01-11 01:00:00+00:00,XRP,-8303.400372958424,-0.16700184009480135
2026-01-12 01:00:00+00:00,BTC,0.22249095606081085,0.19731550996239208
2026-01-12 01:00:00+00:00,ETH,6.507973496659661,0.19731550996239208
2026-01-12 01:00:00+00:00,SOL,143.67553433504443,0.19731550996239208
2026-01-12 01:00:00+00:00,BNB,-22.51397295806229,-0.19731550996239208
2026-01-12 01:00:00+00:00,XRP,-9878.47937736133,-0.19731550996239208
