timestamp,strategy_version,asset,signal
2026-01-03 00:00:00+00:00,trend824_v1_frozen,BTC,0.4078699688800251
2026-01-03 00:00:00+00:00,trend824_v1_frozen,ETH,0.40876806853904085
2026-01-03 00:00:00+00:00,trend824_v1_frozen,SOL,0.47043206409727656
2026-01-03 00:00:00+00:00,trend824_v1_frozen,BNB,0.3507259982098157
2026-01-03 00:00:00+00:00,trend824_v1_frozen,XRP,0.4411025051110225
2026-01-04 00:00:00+00:00,trend824_v1_frozen,BTC,0.5262510899120215
2026-01-04 00:00:00+00:00,trend824_v1_frozen,ETH,0.5072127810301195
2026-01-04 00:00:00+00:00,trend824_v1_frozen,SOL,0.5188280971412135
2026-01-04 00:00:00+00:00,trend824_v1_frozen,BNB,0.3259688486493634
2026-01-04 00:00:00+00:00,trend824_v1_frozen,XRP,0.4721759545847919
2026-01-05 00:00:00+00:00,trend824_v1_frozen,BTC,0.6058031049508267
2026-01-05 00:00:00+00:00,trend824_v1_frozen,ETH,0.5457803465549725
2026-01-05 00:00:00+00:00,trend824_v1_frozen,SOL,0.4261086015076631
2026-01-05 00:00:00+00:00,trend824_v1_frozen,BNB,0.4502256008433443
2026-01-05 00:00:00+00:00,trend824_v1_frozen,XRP,0.4097333814789248
2026-01-06 00:00:00+00:00,trend824_v1_frozen,BTC,0.4374451121625494
2026-01-06 00:00:00+00:00,trend824_v1_frozen,ETH,0.42414270117530867
2026-01-06 00:00:00+00:00,trend824_v1_frozen,SOL,0.4459042856915395
2026-01-06 00:00:00+00:00,trend824_v1_frozen,BNB,0.43594361732300696
2026-01-06 00:00:00+00:00,trend824_v1_frozen,XRP,0.5106808534796227
2026-01-07 00:00:00+00:00,trend824_v1_frozen,BTC,-0.10321591738208698
2026-01-07 00:00:00+00:00,trend824_v1_frozen,ETH,0.38756265594622513
2026-01-07 00:00:00+00:00,trend824_v1_frozen,SOL,0.2894185642357795
2026-01-07 00:00:00+00:00,trend824_v1_frozen,BNB,0.11061581723697704
2026-01-07 00:00:00+00:00,trend824_v1_frozen,XRP,-0.08144310679506718
2026-01-08 00:00:00+00:00,trend824_v1_frozen,BTC,-0.35413813747067924
2026-01-08 00:00:00+00:00,trend824_v1_frozen,ETH,-0.28429504983487186
2026-01-08 00:00:00+00:00,trend824_v1_frozen,SOL,-0.24141780774515786
2026-01-08 00:00:00+00:00,trend824_v1_frozen,BNB,-0.24526116739669032
2026-01-08 00:00:00+00:00,trend824_v1_frozen,XRP,-0.45205903763933986
2026-01-09 00:00:00+00:00,trend824_v1_frozen,BTC,0.10493461949844553
2026-01-09 00:00:00+00:00,trend824_v1_frozen,ETH,-0.2738791505683698
2026-01-09 00:00:00+00:00,trend824_v1_frozen,SOL,0.2865671390726003
2026-01-09 00:00:00+00:00,trend824_v1_frozen,BNB,-0.018712644090587382
2026-01-09 00:00:00+00:00,trend824_v1_frozen,XRP,-0.15928516520255676
2026-01-10 00:00:00+00:00,trend824_v1_frozen,BTC,-0.11294876502343555
2026-01-10 00:00:00+00:00,trend824_v1_frozen,ETH,-0.3074146855588669
2026-01-10 00:00:00+00:00,trend824_v1_frozen,SOL,-0.2806217386290451
2026-01-10 00:00:00+00:00,trend824_v1_frozen,BNB,0.2505433788111914
2026-01-10 00:00:00+00:00,trend824_v1_frozen,XRP,-0.29580606535645787
2026-01-11 00:00:00+00:00,trend824_v1_frozen,BTC,-0.2672107497677443
2026-01-11 00:00:00+00:00,trend824_v1_frozen,ETH,-0.24596439071300052
2026-01-11 00:00:00+00:00,trend824_v1_frozen,SOL,-0.4085795152977823
2026-01-11 00:00:00+00:00,trend824_v1_frozen,BNB,0.2884605420376421
2026-01-11 00:00:00+00:00,trend824_v1_frozen,XRP,-0.3580588990382629
2026-01-12 00:00:00+00:00,trend824_v1_frozen,BTC,0.24873793684577528
2026-01-12 00:00:00+00:00,trend824_v1_frozen,ETH,0.2762655241395454
2026-01-12 00:00:00+00:00,trend824_v1_frozen,SOL,0.3630995399638655
2026-01-12 00:00:00+00:00,trend824_v1_frozen,BNB,-0.28803946898668525
2026-01-12 00:00:00+00:00,trend824_v1_frozen,XRP,-0.44895654028171056
