signal_timestamp,execution_timestamp,strategy_version,asset,research_symbol,broker_symbol,theoretical_target,executable_target,actual_weight,tracking_error
2026-01-03 00:00:00+00:00,2026-01-03 01:00:00+00:00,trend824_v1_frozen,BTC,BTCUSDT,BTC/USD,0.0,0.0,0.0,0.0
2026-01-03 00:00:00+00:00,2026-01-03 01:00:00+00:00,trend824_v1_frozen,ETH,ETHUSDT,ETH/USD,0.0,0.0,0.0,0.0
2026-01-03 00:00:00+00:00,2026-01-03 01:00:00+00:00,trend824_v1_frozen,SOL,SOLUSDT,SOL/USD,0.0,0.0,0.0,0.0
2026-01-03 00:00:00+00:00,2026-01-03 01:00:00+00:00,trend824_v1_frozen,BNB,BNBUSDT,BNB/USD,0.0,0.0,0.0,0.0
2026-01-03 00:00:00+00:00,2026-01-03 01:00:00+00:00,trend824_v1_frozen,XRP,XRPUSDT,XRP/USD,0.0,0.0,0.0,0.0
2026-01-04 00:00:00+00:00,2026-01-04 01:00:00+00:00,trend824_v1_frozen,BTC,BTCUSDT,BTC/USD,0.2099557744899601,0.20974393100121397,0.2099536728326785,0.00020974183146452163
2026-01-04 00:00:00+00:00,2026-01-04 01:00:00+00:00,trend824_v1_frozen,ETH,ETHUSDT,ETH/USD,0.2099557744899601,0.20974393100121397,0.2099536728326785,0.00020974183146452163
2026-01-04 00:00:00+00:00,2026-01-04 01:00:00+00:00,trend824_v1_frozen,SOL,SOLUSDT,SOL/USD,0.2099557744899601,0.20974393100121397,0.2099536728326785,0.00020974183146452163
2026-01-04 00:00:00+00:00,2026-01-04 01:00:00+00:00,trend824_v1_frozen,BNB,BNBUSDT,BNB/USD,0.2099557744899601,0.20974393100121397,0.2099536728326785,0.00020974183146452163
2026-01-04 00:00:00+00:00,2026-01-04 01:00:00+00:00,trend824_v1_frozen,XRP,XRPUSDT,XRP/USD,0.16017690204015955,0.16001528498615297,0.16017529866938615,0.00016001368323317888
2026-01-05 00:00:00+00:00,2026-01-05 01:00:00+00:00,trend824_v1_frozen,BTC,BTCUSDT,BTC/USD,0.20482961462278054,0.20482041977567794,0.2048275662551663,7.146479488351343e-06
2026-01-05 00:00:00+00:00,2026-01-05 01:00:00+00:00,trend824_v1_frozen,ETH,ETHUSDT,ETH/USD,0.20482961462278054,0.20482041977567794,0.2048275662551663,7.146479488351343e-06
2026-01-05 00:00:00+00:00,2026-01-05 01:00:00+00:00,trend824_v1_frozen,SOL,SOLUSDT,SOL/USD,0.20482961462278054,0.20482041977567794,0.20482756625516635,7.146479488406854e-06
2026-01-05 00:00:00+00:00,2026-01-05 01:00:00+00:00,trend824_v1_frozen,BNB,BNBUSDT,BNB/USD,0.20482961462278054,0.20482041977567794,0.2048275662551663,7.146479488351343e-06
2026-01-05 00:00:00+00:00,2026-01-05 01:00:00+00:00,trend824_v1_frozen,XRP,XRPUSDT,XRP/USD,0.18068154150887777,0.18067343067416525,0.18067973463042028,6.303956255032661e-06
2026-01-06 00:00:00+00:00,2026-01-06 01:00:00+00:00,trend824_v1_frozen,BTC,BTCUSDT,BTC/USD,0.21118630497600435,0.211167512792933,0.2111841929461382,1.6680153205189674e-05
2026-01-06 00:00:00+00:00,2026-01-06 01:00:00+00:00,trend824_v1_frozen,ETH,ETHUSDT,ETH/USD,0.21118630497600435,0.211167512792933,0.2111841929461382,1.6680153205189674e-05
2026-01-06 00:00:00+00:00,2026-01-06 01:00:00+00:00,trend824_v1_frozen,SOL,SOLUSDT,SOL/USD,0.2097202006527663,0.20970153892938953,0.20971810328510146,1.6564355711928824e-05
2026-01-06 00:00:00+00:00,2026-01-06 01:00:00+00:00,trend824_v1_frozen,BNB,BNBUSDT,BNB/USD,0.21118630497600435,0.211167512792933,0.2111841929461382,1.6680153205189674e-05
2026-01-06 00:00:00+00:00,2026-01-06 01:00:00+00:00,trend824_v1_frozen,XRP,XRPUSDT,XRP/USD,0.1567208844192207,0.15670693878220865,0.1567193170865824,1.2378304373755755e-05
2026-01-07 00:00:00+00:00,2026-01-07 01:00:00+00:00,trend824_v1_frozen,BTC,BTCUSDT,BTC/USD,-0.09537719736238277,-0.09537719736238277,-0.09544664563101335,-6.944826863057585e-05
2026-01-07 00:00:00+00:00,2026-01-07 01:00:00+00:00,trend824_v1_frozen,ETH,ETHUSDT,ETH/USD,0.27152128670328496,0.27152128670328496,0.27171899311298625,0.0001977064097012926
2026-01-07 00:00:00+00:00,2026-01-07 01:00:00+00:00,trend824_v1_frozen,SOL,SOLUSDT,SOL/USD,0.14681872136180563,0.14681872136180563,0.14692562643223236,0.00010690507042673825
2026-01-07 00:00:00+00:00,2026-01-07 01:00:00+00:00,trend824_v1_frozen,BNB,BNBUSDT,BNB/USD,0.09152957212527198,0.09152957212527198,0.09159621877130882,6.664664603683867e-05
2026-01-07 00:00:00+00:00,2026-01-07 01:00:00+00:00,trend824_v1_frozen,XRP,XRPUSDT,XRP/USD,-0.027959882609743063,-0.027959882609743063,-0.02798024141134407,-2.0358801601005894e-05
2026-01-08 00:00:00+00:00,2026-01-08 01:00:00+00:00,trend824_v1_frozen,BTC,BTCUSDT,BTC/USD,-0.31813647623543023,-0.31703923522742883,-0.3174756715651094,-0.0004364363376805902
2026-01-08 00:00:00+00:00,2026-01-08 01:00:00+00:00,trend824_v1_frozen,ETH,ETHUSDT,ETH/USD,-0.18527566436174472,-0.1846366554083295,-0.18489082630181586,-0.00025417089348636623
2026-01-08 00:00:00+00:00,2026-01-08 01:00:00+00:00,trend824_v1_frozen,SOL,SOLUSDT,SOL/USD,-0.11867663554511407,-0.1182673241931037,-0.11843013103876458,-0.0001628068456608761
2026-01-08 00:00:00+00:00,2026-01-08 01:00:00+00:00,trend824_v1_frozen,BNB,BNBUSDT,BNB/USD,-0.19922737388884662,-0.19854024600230555,-0.19881355658414973,-0.0002733105818441828
2026-01-08 00:00:00+00:00,2026-01-08 01:00:00+00:00,trend824_v1_frozen,XRP,XRPUSDT,XRP/USD,-0.17521291930532543,-0.1746086163895819,-0.1748489826805549,-0.00024036629097301532
2026-01-09 00:00:00+00:00,2026-01-09 01:00:00+00:00,trend824_v1_frozen,BTC,BTCUSDT,BTC/USD,0.09881644709085326,0.09881644709085326,0.09891229326706119,9.584617620793379e-05
2026-01-09 00:00:00+00:00,2026-01-09 01:00:00+00:00,trend824_v1_frozen,ETH,ETHUSDT,ETH/USD,-0.1971057307704833,-0.1971057307704833,-0.19729691180521178,-0.00019118103472848258
2026-01-09 00:00:00+00:00,2026-01-09 01:00:00+00:00,trend824_v1_frozen,SOL,SOLUSDT,SOL/USD,0.153604381180063,0.153604381180063,0.15375336844906853,0.0001489872690055294
2026-01-09 00:00:00+00:00,2026-01-09 01:00:00+00:00,trend824_v1_frozen,BNB,BNBUSDT,BNB/USD,-0.018026299337276768,-0.018026299337276768,-0.018043783793695943,-1.7484456419174926e-05
2026-01-09 00:00:00+00:00,2026-01-09 01:00:00+00:00,trend824_v1_frozen,XRP,XRPUSDT,XRP/USD,-0.08325942067835347,-0.08325942067835347,-0.08334017744850908,-8.075677015560723e-05
2026-01-10 00:00:00+00:00,2026-01-10 01:00:00+00:00,trend824_v1_frozen,BTC,BTCUSDT,BTC/USD,-0.10555369484472137,-0.10555369484472137,-0.10564532930663281,-9.163446191144675e-05
2026-01-10 00:00:00+00:00,2026-01-10 01:00:00+00:00,trend824_v1_frozen,ETH,ETHUSDT,ETH/USD,-0.23678371819297384,-0.23678371819297384,-0.236989277540166,-0.00020555934719215796
2026-01-10 00:00:00+00:00,2026-01-10 01:00:00+00:00,trend824_v1_frozen,SOL,SOLUSDT,SOL/USD,-0.13674245797193957,-0.13674245797193957,-0.13686116837402582,-0.00011871040208624728
2026-01-10 00:00:00+00:00,2026-01-10 01:00:00+00:00,trend824_v1_frozen,BNB,BNBUSDT,BNB/USD,0.25193203249018065,0.25193203249018065,0.252150742562523,0.00021871007234236517
2026-01-10 00:00:00+00:00,2026-01-10 01:00:00+00:00,trend824_v1_frozen,XRP,XRPUSDT,XRP/USD,-0.1469184038647291,-0.1469184038647291,-0.14704594832352647,-0.00012754445879736842
2026-01-11 00:00:00+00:00,2026-01-11 01:00:00+00:00,trend824_v1_frozen,BTC,BTCUSDT,BTC/USD,-0.2301093837259842,-0.22691275967371094,-0.22697354455678645,-6.078488307550978e-05
2026-01-11 00:00:00+00:00,2026-01-11 01:00:00+00:00,trend824_v1_frozen,ETH,ETHUSDT,ETH/USD,-0.18293678511530712,-0.18039547142406934,-0.18044379535990104,-4.832393583170669e-05
2026-01-11 00:00:00+00:00,2026-01-11 01:00:00+00:00,trend824_v1_frozen,SOL,SOLUSDT,SOL/USD,-0.18460751456657196,-0.18204299150480666,-0.18209175677463654,-4.8765269829886826e-05
2026-01-11 00:00:00+00:00,2026-01-11 01:00:00+00:00,trend824_v1_frozen,BNB,BNBUSDT,BNB/USD,0.23303719917776938,0.22979990261948074,0.2298614609039579,6.155828447715339e-05
2026-01-11 00:00:00+00:00,2026-01-11 01:00:00+00:00,trend824_v1_frozen,XRP,XRPUSDT,XRP/USD,-0.16930911741436733,-0.16695711599559682,-0.16700184009480135,-4.4724099204529466e-05
2026-01-12 00:00:00+00:00,2026-01-12 01:00:00+00:00,trend824_v1_frozen,BTC,BTCUSDT,BTC/USD,0.19999999999999998,0.19698912047925385,0.19731550996239208,0.0003263894831382341
2026-01-12 00:00:00+00:00,2026-01-12 01:00:00+00:00,trend824_v1_frozen,ETH,ETHUSDT,ETH/USD,0.19999999999999998,0.19698912047925385,0.19731550996239208,0.0003263894831382341
2026-01-12 00:00:00+00:00,2026-01-12 01:00:00+00:00,trend824_v1_frozen,SOL,SOLUSDT,SOL/USD,0.19999999999999998,0.19698912047925385,0.19731550996239208,0.0003263894831382341
2026-01-12 00:00:00+00:00,2026-01-12 01:00:00+00:00,trend824_v1_frozen,BNB,BNBUSDT,BNB/USD,-0.19999999999999998,-0.19698912047925385,-0.19731550996239208,-0.0003263894831382341
2026-01-12 00:00:00+00:00,2026-01-12 01:00:00+00:00,trend824_v1_frozen,XRP,XRPUSDT,XRP/USD,-0.19999999999999998,-0.19698912047925385,-0.19731550996239208,-0.0003263894831382341
