strategy,asset,gross_contribution,net_contribution,turnover,fees,long_contribution,short_contribution
A,BTCUSDT,0.1021286821250032,0.0554100083103488,46.71867381465439,0.04671867381465439,0.031247937346022072,0.024162070964326734
A,ETHUSDT,0.0773274147982483,0.03673757110784119,40.589843690407115,0.040589843690407114,0.007848507014218888,0.028889064093622317
A,SOLUSDT,0.06109682206774861,0.019618025686537893,41.47879638121073,0.04147879638121073,0.027252728104834638,-0.007634702418296748
A,BNBUSDT,0.08331734665636806,0.03496693088224608,48.350415774121956,0.048350415774121955,0.007767491893025703,0.027199438989220396
A,XRPUSDT,0.1238843281318413,0.08262772607161856,41.25660206022276,0.04125660206022276,0.04925940638721921,0.033368319684399364
B2A,BTCUSDT,0.018153232119707603,-0.035615574138417594,53.768806258125196,0.05376880625812519,-0.0037546668057760156,-0.03186090733264157
B2A,ETHUSDT,-0.09217261160678096,-0.13598820542585005,43.81559381906911,0.043815593819069104,-0.0884673605994306,-0.04752084482641948
B2A,SOLUSDT,0.11490050695609956,0.07471240258885835,40.188104367241216,0.04018810436724121,0.0210159871585546,0.053696415430303734
B2A,BNBUSDT,0.027115009907474764,-0.02307501826338999,50.19002817086475,0.05019002817086475,0.0011857548080289396,-0.024260773071418933
B2A,XRPUSDT,0.04279519285694297,-0.0009857360753074609,43.780928932250426,0.043780928932250426,-0.016029286451146325,0.015043550375838873
B2B,BTCUSDT,0.08419124404457658,0.03777540851081562,46.41583553376096,0.04641583553376097,0.04508322497842379,-0.00730781646760818
B2B,ETHUSDT,-0.016333831487142316,-0.054331184922717754,37.997353435575455,0.037997353435575455,-0.04100054193887586,-0.0133306429838419
B2B,SOLUSDT,0.08170053324328255,0.04153787538661013,40.16265785667241,0.04016265785667242,0.029204680784993976,0.012333194601616158
B2B,BNBUSDT,0.04373362043452792,0.0011256305146399859,42.60798991988794,0.04260798991988794,0.009289814578149869,-0.008164184063509888
B2B,XRPUSDT,0.10576446832857096,0.07003911534407359,35.72535298449735,0.03572535298449735,0.06490176558886566,0.005137349755207958
