feature,bucket,observations,mean_future_return,median_future_return,hit_rate,standard_error,t_stat_descriptive,p10,p25,p75,p90
funding_rate,1,15164,0.0002957991096587071,0.0005039444541224958,0.5061329464521235,0.00027777109079775203,1.0649024303039565,-0.03742400063593928,-0.017292014219365798,0.015240642312877861,0.03703630734590501
funding_rate,2,15163,-0.0008401526623716761,-0.000430990784388241,0.4892831233924685,0.00025595938667718267,-3.282367071113829,-0.03455822044081225,-0.01700374571901031,0.013565085126827525,0.03200836597738071
funding_rate,3,15163,3.864970329954773e-05,0.0,0.49719712457956866,0.0002645245814176951,0.14611006316467154,-0.033660287757545794,-0.015479904526160604,0.01342663696183799,0.032527469605884735
funding_rate,4,15163,-0.0016622662236697374,-0.0014242017187525713,0.4653432698014905,0.0002633928605653529,-6.31097676718271,-0.03577736992058349,-0.01744956885881027,0.011687589448086344,0.03064686820284193
funding_rate,5,15163,0.0005713271901507489,-0.001732728177517795,0.466596319989448,0.0002926172435943262,1.952472735826929,-0.039307346241994987,-0.018724651658088176,0.015151515151515138,0.04168563678509862
funding_change,1,15164,-0.005290898678091259,-0.002714874040679216,0.44744130836190976,0.00029968196441964993,-17.655045368970956,-0.04906955295278276,-0.02189480771745489,0.012388955547742941,0.03120543337257454
funding_change,2,15163,0.0003028035446240022,-0.001720060202107132,0.4724658708698806,0.00028067648674161337,1.0788347400926344,-0.039043966335426464,-0.021412483912484015,0.016491664150678043,0.04112445151646649
funding_change,3,15163,0.0018732266674015554,0.0010438413361169019,0.5191584778737717,0.00022074168235728875,8.486057763977636,-0.028028049103774454,-0.01267258217490691,0.013749680211793236,0.02981133056779469
funding_change,4,15163,-0.002310071501180824,-0.001429933269780581,0.4696959704543956,0.00026916215800092916,-8.58245274275461,-0.03791706370264891,-0.019234224814199785,0.013126066107933654,0.03185045491422934
funding_change,5,15163,0.003828665527088484,0.000686132499809311,0.5157950273692541,0.0002733752375122841,14.005165800419078,-0.02947140857878767,-0.01234212851528338,0.01332093764058917,0.03996856927885242
funding_72h_mean,1,15164,0.0005347113671044878,0.00045809593989987185,0.5054734898443682,0.0002717484414183596,1.9676704098600293,-0.0365796868603465,-0.016561253010927368,0.015334322730320815,0.03706109462925756
funding_72h_mean,2,15163,-0.0010432131837514874,-0.0003825066938671906,0.490272373540856,0.00025684583241278417,-4.061631734303986,-0.03445177725911268,-0.016995254130339477,0.01308670316665217,0.03190818676325995
funding_72h_mean,3,15163,0.0002781782459221135,-0.0003450333204552125,0.49066807360021103,0.0002686164293225014,1.0355965442014425,-0.03417854800018969,-0.016117665255043434,0.01360537731902245,0.03302192069724199
funding_72h_mean,4,15163,-0.002063873408705582,-0.0014689680499448965,0.4678493701774055,0.0002676153493149685,-7.71208906360792,-0.037526790135917774,-0.01824499863507284,0.011879304866767249,0.029932033650869397
funding_72h_mean,5,15163,0.0006975383402323156,-0.0014283723522854341,0.4702895205434281,0.000289661861068901,2.408112471756833,-0.03843450079367763,-0.018018018018018056,0.015429370879046278,0.04127073122762504
funding_abs,1,15164,-0.0012890928021718844,-0.0003122882120341619,0.4920865207069375,0.00024507129949550676,-5.260072496557351,-0.0343326785980406,-0.01662799926992256,0.012490634365634468,0.029311871198119028
funding_abs,2,15163,0.0006232915927426128,0.0,0.49653762448064365,0.0002751407994589783,2.2653550253841637,-0.03375160347441801,-0.01572440232665423,0.014526052672424017,0.035005369948092335
funding_abs,3,15163,-0.0018342355799679446,-0.0010845986984815426,0.47444437116665567,0.0002624042263382646,-6.990114471721338,-0.03687411296106957,-0.017778198624586294,0.012278635322851783,0.031015995939829122
funding_abs,4,15163,-0.0017084370565064412,-0.002218784668510332,0.45465936819890523,0.00028476689793503914,-5.99942292764719,-0.0396844360464224,-0.02005026052677461,0.013079879405977324,0.03501374621860079
funding_abs,5,15163,0.002611935486608511,0.0005815644082582949,0.5068258260238739,0.00028494593519165875,9.166424798626046,-0.0363303568200257,-0.016107350715025226,0.016873282536800427,0.042812243008611674
funding_cs_rank,1,15164,-0.0003956120669999302,-0.00023185454035740127,0.4915589554207333,0.00025878733707083556,-1.5287149343464312,-0.03506546914265662,-0.016313756868384377,0.013150241922218309,0.03144367327490566
funding_cs_rank,2,15163,-0.000695416307324906,-0.0005915847075353975,0.4863153729473059,0.0002637326383579446,-2.636823078306559,-0.034773744542415844,-0.01711246396574384,0.012949776123428847,0.03275870736841089
funding_cs_rank,3,15163,-0.0008141650451411551,-0.00043655353340665837,0.489480973422146,0.00025852949781483023,-3.14921528112933,-0.035530278307081865,-0.016187418243668872,0.013782244181384407,0.03199643392945536
funding_cs_rank,4,15163,9.635688760661474e-05,-0.0008462026655384758,0.4797203719580558,0.00027715140783830236,0.34766876473105257,-0.03633876496601085,-0.017939135141927798,0.014128038835490964,0.03744229850912962
funding_cs_rank,5,15163,0.00021223924750090752,-0.0010845986984815426,0.47747807162171074,0.00029603667331139704,0.716935659108883,-0.03935986986550355,-0.018498247978339766,0.015009108161557538,0.03984949913044777
