strategy,cost_bps_per_side,gross_return,net_return,sharpe,sortino,calmar,max_drawdown,annualized_volatility,turnover,annualized_turnover,trade_count,trades_per_day,fees,fees_pct_gross_pnl,break_even_cost_bps
A,5,-0.0676035340031883,-0.0775266469367879,-2.222231600619846,-3.1112254693417998,-6.101801606101508,0.1273494513907394,0.34967601343415966,21.402838669005035,398.065534480858,100,5.095541401273885,0.01070141933450252,-0.16046527261848692,-31.58624659498544
ConstantRisk,5,-0.0524282344464021,-0.06027913066740198,-2.520722151592516,-3.5291258377304975,-6.8490233843794766,0.1000668766461581,0.2718904888896078,16.641771370562946,309.5157477837185,100,5.095541401273885,0.008320885685281474,-0.1604652726184869,-31.50399875048193
VolOnly,5,-0.06129601194868961,-0.0705494395727051,-2.259794197841556,-3.2037948875968842,-6.141831293731378,0.12105873762872021,0.32902214894518533,19.81249594926728,368.4871858080284,100,5.095541401273885,0.009906247974633641,-0.16419667892279077,-30.93805652031263
B2E,5,-0.0568915058107784,-0.06594373792926145,-2.3894118956855945,-3.411483763870395,-6.113278953835691,0.11758424898645681,0.3008377567423256,19.2851614249449,358.6794354193574,100,5.095541401273885,0.00964258071247245,-0.1717813705243939,-29.500144985662697
A,10,-0.0676035340031883,-0.08735031704880325,-2.336274834057979,-3.267654917327307,-6.043216282149681,0.13524475184776075,0.3498361042660607,21.402838669005035,398.065534480858,100,5.095541401273885,0.02140283866900504,-0.32093054523697384,-31.58624659498544
ConstantRisk,10,-0.0524282344464021,-0.06806878584535525,-2.685468370797127,-3.756058062706681,-6.865249732597108,0.10640364443871708,0.272014967472296,16.641771370562946,309.5157477837185,100,5.095541401273885,0.016641771370562948,-0.3209305452369738,-31.50399875048193
VolOnly,10,-0.06129601194868961,-0.07971704354623854,-2.3891720968044146,-3.383675515617805,-6.126660239702132,0.1284065915043967,0.3292787320502777,19.81249594926728,368.4871858080284,100,5.095541401273885,0.019812495949267282,-0.32839335784558155,-30.93805652031263
B2E,10,-0.0568915058107784,-0.0749141497406266,-2.5398135363475016,-3.621599414613806,-6.139101141847153,0.12461450217744097,0.3012114951196051,19.2851614249449,358.6794354193574,100,5.095541401273885,0.0192851614249449,-0.3435627410487878,-29.500144985662697
A,15,-0.0676035340031883,-0.0970754797981147,-2.4271048529639327,-3.3909129401043416,-5.941774262805534,0.1431082099909292,0.3503419631343422,21.402838669005035,398.065534480858,100,5.095541401273885,0.03210425800350756,-0.48139581785546076,-31.58624659498544
ConstantRisk,15,-0.0524282344464021,-0.075797648344055,-2.8235556304969287,-3.944795097279955,-6.823331864028923,0.11272498519045726,0.27240829789738125,16.641771370562946,309.5157477837185,100,5.095541401273885,0.02496265705584442,-0.4813958178554606,-31.50399875048193
VolOnly,15,-0.06129601194868961,-0.08879957053338094,-2.4939356349319253,-3.527574479443945,-6.056940732058102,0.1358167553089542,0.32985375636979014,19.81249594926728,368.4871858080284,100,5.095541401273885,0.02971874392390092,-0.49259003676837226,-30.93805652031263
B2E,15,-0.0568915058107784,-0.08380343565443005,-2.6618788388826604,-3.790137720252524,-6.105453190156984,0.13162774389348664,0.3019096951854466,19.2851614249449,358.6794354193574,100,5.095541401273885,0.028927742137417348,-0.5153441115731816,-29.500144985662697
A,20,-0.0676035340031883,-0.10670306241175498,-2.4982716890348637,-3.485116898582363,-5.792498190283514,0.15146716352570855,0.35119209590410566,21.402838669005035,398.065534480858,100,5.095541401273885,0.04280567733801008,-0.6418610904739477,-31.58624659498544
ConstantRisk,20,-0.0524282344464021,-0.08346616345699931,-2.938075648212386,-4.098648331901032,-6.716071225498879,0.11945947083183284,0.27306931840068094,16.641771370562946,309.5157477837185,100,5.095541401273885,0.033283542741125896,-0.6418610904739476,-31.50399875048193
VolOnly,20,-0.06129601194868961,-0.09779776112540994,-2.5775947700300614,-3.6395397422643705,-5.935329986437717,0.1436361634854728,0.3307455610108389,19.81249594926728,368.4871858080284,100,5.095541401273885,0.039624991898534564,-0.6567867156911631,-30.93805652031263
B2E,20,-0.0568915058107784,-0.09261228456448667,-2.7595157217068045,-3.9210955207869245,-6.007092346889794,0.13915890790788998,0.3029301134685999,19.2851614249449,358.6794354193574,100,5.095541401273885,0.0385703228498898,-0.6871254820975756,-29.500144985662697
