timestamp,signal_strength,signal_dispersion,predicted_24h_dd_risk,risk_multiplier,Baseline_A_gross,B2E_gross,realized_future_24h_dd_risk,future_24h_return,risk_bucket
2026-09-01 00:00:00+00:00,0.12746407963335432,0.08453543870387435,0.010441518404603601,1.0,0.9138539431215338,0.9138539431215339,0.011484181851709074,-0.010431601612997499,Low
2026-09-02 00:00:00+00:00,0.362234575602117,0.04325949989491216,0.01944283448846276,0.75,0.5554525625040245,0.5554525625040245,0.014207488643794064,3.077301795917364e-05,Medium
2026-09-03 00:00:00+00:00,0.138666678898825,0.1713984109401056,0.00956598598513323,1.0,1.0,0.75,0.01606467607413431,-0.010622537625434636,Low
2026-09-04 00:00:00+00:00,0.3312393777330146,0.022781505972561712,0.01863535270402029,0.75,0.764545584723916,0.764545584723916,0.028160965883280986,-0.016333830706668606,Medium
2026-09-05 00:00:00+00:00,0.1786939520816667,0.12982979163525754,0.01160797158503055,1.0,1.0,0.75,0.002750612374487593,0.0001477496720387883,Low
2026-09-06 00:00:00+00:00,0.23008590407330848,0.09054431986300371,0.014022793480320955,1.0,0.4976677729368717,0.4976677729368717,0.011371126395213316,0.003049463022576804,Low
2026-09-07 00:00:00+00:00,0.2887870354171835,0.20313873394031087,0.01446769017207011,1.0,0.8384417200665564,0.8384417200665564,0.015309105473910845,-0.010333944618719282,Low
2026-09-08 00:00:00+00:00,0.27300976847830344,0.11041309086822741,0.015265770825402635,1.0,0.9999999999999999,0.9999999999999999,0.01603428640799287,-0.00737276444769841,Low
2026-09-09 00:00:00+00:00,0.15480640803960188,0.157931597415802,0.010340953284206238,1.0,0.9999999999999999,0.9999999999999999,0.01021946526459716,-0.010473147327466625,Low
2026-09-10 00:00:00+00:00,0.38113081098534984,0.05087116047378733,0.02000670239638584,0.75,0.7512087714538646,0.7512087714538646,0.00986475283321564,0.014160744698233474,Medium
2026-09-11 00:00:00+00:00,0.3889626456308675,0.09990582714406385,0.01956637863656745,0.75,1.0,0.7500000000000001,0.04636564379676933,-0.01728694067026093,Medium
2026-09-12 00:00:00+00:00,0.12533573692471772,0.1190124694311783,0.009858906614215155,1.0,1.0,0.75,0.002719085742819427,-0.0010914002423677571,Low
2026-09-13 00:00:00+00:00,0.102536339592245,0.10689875560774728,0.009221609641319005,1.0,0.3598623837196111,0.3598623837196111,0.0035536229964827637,0.0027273530924829537,Low
2026-09-14 00:00:00+00:00,0.2207955454189575,0.027150007362741504,0.014621922724702897,1.0,0.412726397934874,0.412726397934874,0.03251917336295107,-0.019616699449771402,Low
2026-09-15 00:00:00+00:00,0.22768314628310415,0.14919755326929693,0.013075193452373039,1.0,1.0,1.0,0.046076412058283944,-0.04461963198797925,Low
2026-09-16 00:00:00+00:00,0.4351657395423606,0.012195368729701101,0.02250707498897858,0.5,1.0000000000000002,1.0000000000000002,0.017102932673387583,-0.013143106512904956,High
2026-09-17 00:00:00+00:00,0.16854229625598885,0.20149201251446452,0.010192169669812122,1.0,0.9999999999999998,0.5,0.0009942544508514395,0.0066575377410436065,Low
2026-09-18 00:00:00+00:00,0.326189598966243,0.24801775865095682,0.015145807929874727,1.0,0.5966243951379347,0.5966243951379347,0.007301191144261421,0.06457166561443617,Low
2026-09-19 00:00:00+00:00,0.43159765434681907,0.06265979541996208,0.021638107982606205,0.75,1.0,0.9999999999999999,0.011163934424057609,-0.005833217609160002,Medium
