timestamp,open,high,low,close,volume
2026-09-01 00:00:00+00:00,691.44,694.2,691.22,693.28,3381.14
2026-09-01 01:00:00+00:00,693.29,694.1,690.67,691.6,2243.061
2026-09-01 02:00:00+00:00,691.61,692.48,690.16,692.4,2047.94
2026-09-01 03:00:00+00:00,692.4,694.83,692.19,693.46,4253.44
2026-09-01 04:00:00+00:00,693.46,694.2,692.03,692.32,2614.248
2026-09-01 05:00:00+00:00,692.31,694.38,691.38,693.95,3939.01
2026-09-01 06:00:00+00:00,693.95,693.95,690.14,690.45,4421.968
2026-09-01 07:00:00+00:00,690.45,690.78,688.9,690.47,5380.882
2026-09-01 08:00:00+00:00,690.47,690.75,685.95,686.33,4877.122
2026-09-01 09:00:00+00:00,686.34,686.82,685.43,686.02,5139.475
2026-09-01 10:00:00+00:00,686.02,688.5,685.6,686.61,3396.897
2026-09-01 11:00:00+00:00,686.62,688.15,685.85,687.35,3203.796
2026-09-01 12:00:00+00:00,687.36,687.51,684.74,686.7,2654.295
2026-09-01 13:00:00+00:00,686.7,687.44,683.52,687.19,5112.296
2026-09-01 14:00:00+00:00,687.19,688.81,686.9,687.31,3227.233
2026-09-01 15:00:00+00:00,687.31,687.6,685.01,686.88,3071.317
2026-09-01 16:00:00+00:00,686.87,687.0,682.74,684.01,3753.314
2026-09-01 17:00:00+00:00,684.01,686.08,682.82,682.95,3366.094
2026-09-01 18:00:00+00:00,682.95,683.35,674.6,679.48,11216.793
2026-09-01 19:00:00+00:00,679.49,681.57,679.25,679.89,2141.409
2026-09-01 20:00:00+00:00,679.89,681.27,679.25,681.02,2910.673
2026-09-01 21:00:00+00:00,681.02,681.55,677.54,680.64,2683.624
2026-09-01 22:00:00+00:00,680.64,681.4,679.26,680.99,1700.795
2026-09-01 23:00:00+00:00,680.99,683.99,680.5,683.0,2926.276
2026-09-02 00:00:00+00:00,683.0,687.48,682.38,683.97,10490.948
2026-09-02 01:00:00+00:00,683.97,685.16,679.74,682.71,6766.082
2026-09-02 02:00:00+00:00,682.71,685.83,681.56,685.5,3644.424
2026-09-02 03:00:00+00:00,685.5,689.71,685.35,687.62,5037.153
2026-09-02 04:00:00+00:00,687.62,687.83,685.97,687.83,3573.256
2026-09-02 05:00:00+00:00,687.83,689.72,686.41,689.1,4667.935
2026-09-02 06:00:00+00:00,689.1,689.5,686.91,688.26,5248.712
2026-09-02 07:00:00+00:00,688.26,689.24,687.63,687.71,2038.955
2026-09-02 08:00:00+00:00,687.71,688.1,682.61,683.57,3217.475
2026-09-02 09:00:00+00:00,683.57,686.75,681.75,683.54,5892.33
2026-09-02 10:00:00+00:00,683.54,684.0,680.41,683.01,4360.596
2026-09-02 11:00:00+00:00,683.01,684.21,680.96,683.84,5242.005
2026-09-02 12:00:00+00:00,683.84,685.71,682.86,683.16,2740.628
2026-09-02 13:00:00+00:00,683.17,689.52,683.16,687.47,6201.473
2026-09-02 14:00:00+00:00,687.47,689.21,686.04,686.06,5283.196
2026-09-02 15:00:00+00:00,686.07,688.0,683.8,687.61,4815.878
2026-09-02 16:00:00+00:00,687.62,689.0,686.1,686.1,5860.407
2026-09-02 17:00:00+00:00,686.11,687.94,684.65,687.73,3832.142
2026-09-02 18:00:00+00:00,687.73,687.98,686.0,687.14,2461.305
2026-09-02 19:00:00+00:00,687.15,687.95,685.45,686.61,2330.18
2026-09-02 20:00:00+00:00,686.61,688.0,686.3,687.52,2525.959
2026-09-02 21:00:00+00:00,687.52,688.54,687.1,687.12,2360.644
2026-09-02 22:00:00+00:00,687.12,687.32,685.45,686.18,1137.324
2026-09-02 23:00:00+00:00,686.19,688.99,685.73,688.84,1591.352
2026-09-03 00:00:00+00:00,688.82,689.92,686.67,687.3,2329.889
2026-09-03 01:00:00+00:00,687.29,692.07,686.24,690.1,4854.102
2026-09-03 02:00:00+00:00,690.09,695.0,689.8,694.26,3474.65
2026-09-03 03:00:00+00:00,694.26,694.33,691.75,692.6,2983.035
2026-09-03 04:00:00+00:00,692.6,694.73,691.94,694.73,3028.57
2026-09-03 05:00:00+00:00,694.73,695.48,689.77,695.37,3555.401
2026-09-03 06:00:00+00:00,695.37,698.71,694.8,697.75,4903.764
2026-09-03 07:00:00+00:00,697.75,699.45,696.9,697.96,5962.675
2026-09-03 08:00:00+00:00,697.96,703.25,697.95,701.26,8307.209
2026-09-03 09:00:00+00:00,701.27,703.06,700.43,700.79,4182.107
2026-09-03 10:00:00+00:00,700.78,705.99,700.51,705.27,8888.125
2026-09-03 11:00:00+00:00,705.28,715.57,704.86,711.43,20214.87
2026-09-03 12:00:00+00:00,711.43,715.14,710.51,713.73,8670.726
2026-09-03 13:00:00+00:00,713.72,714.72,708.66,711.66,10230.608
2026-09-03 14:00:00+00:00,711.66,722.65,711.0,722.26,17356.763
2026-09-03 15:00:00+00:00,722.26,728.0,718.34,727.56,17038.999
2026-09-03 16:00:00+00:00,727.62,727.98,718.82,722.02,12117.25
2026-09-03 17:00:00+00:00,722.03,722.79,719.67,721.9,6565.29
2026-09-03 18:00:00+00:00,721.9,723.11,719.97,722.31,3713.564
2026-09-03 19:00:00+00:00,722.3,725.0,721.3,724.59,3834.903
2026-09-03 20:00:00+00:00,724.6,724.93,722.43,724.16,3346.226
2026-09-03 21:00:00+00:00,724.17,727.58,723.32,724.97,3814.336
2026-09-03 22:00:00+00:00,724.97,725.52,720.58,723.65,4380.649
2026-09-03 23:00:00+00:00,723.65,725.43,723.31,725.22,2876.872
2026-09-04 00:00:00+00:00,725.22,729.9,721.54,721.66,9514.094
2026-09-04 01:00:00+00:00,721.66,723.78,718.22,722.3,9581.863
2026-09-04 02:00:00+00:00,722.3,724.32,720.27,724.2,3895.914
2026-09-04 03:00:00+00:00,724.21,725.19,723.51,723.54,3976.507
2026-09-04 04:00:00+00:00,723.54,729.36,723.53,726.01,6626.896
2026-09-04 05:00:00+00:00,726.02,726.62,723.13,724.83,4889.54
2026-09-04 06:00:00+00:00,724.83,725.39,719.81,720.35,4746.048
2026-09-04 07:00:00+00:00,720.35,722.45,714.11,714.5,10624.686
2026-09-04 08:00:00+00:00,714.51,719.49,713.75,719.08,7565.082
2026-09-04 09:00:00+00:00,719.08,720.78,717.3,718.8,5149.15
2026-09-04 10:00:00+00:00,718.81,722.52,715.98,722.52,5482.642
2026-09-04 11:00:00+00:00,722.52,725.05,721.86,724.39,5075.232
2026-09-04 12:00:00+00:00,724.4,727.35,710.52,715.2,25301.924
2026-09-04 13:00:00+00:00,715.2,718.72,712.02,715.16,9707.629
2026-09-04 14:00:00+00:00,715.16,716.5,708.88,711.68,9677.923
2026-09-04 15:00:00+00:00,711.68,717.79,710.64,716.64,5007.362
2026-09-04 16:00:00+00:00,716.64,721.5,716.02,719.45,6977.506
2026-09-04 17:00:00+00:00,719.45,719.56,716.59,716.9,3714.701
2026-09-04 18:00:00+00:00,716.9,719.08,716.46,718.91,2832.917
2026-09-04 19:00:00+00:00,718.92,721.41,718.92,720.1,2467.96
2026-09-04 20:00:00+00:00,720.1,721.17,718.16,718.18,2243.706
2026-09-04 21:00:00+00:00,718.18,719.26,716.48,717.42,2032.289
2026-09-04 22:00:00+00:00,717.42,719.12,717.42,718.69,1210.174
2026-09-04 23:00:00+00:00,718.69,721.51,718.45,721.37,2083.332
2026-09-05 00:00:00+00:00,721.38,722.0,719.49,719.69,4208.1
2026-09-05 01:00:00+00:00,719.7,723.71,719.49,720.32,3517.042
2026-09-05 02:00:00+00:00,720.32,721.8,719.8,720.86,4354.114
2026-09-05 03:00:00+00:00,720.87,725.0,720.8,723.51,4170.836
2026-09-05 04:00:00+00:00,723.52,723.52,721.02,721.43,2986.967
2026-09-05 05:00:00+00:00,721.43,722.89,720.69,722.53,2650.996
2026-09-05 06:00:00+00:00,722.53,727.71,721.56,727.16,7005.069
2026-09-05 07:00:00+00:00,727.16,739.46,726.39,738.25,25597.204
2026-09-05 08:00:00+00:00,738.25,752.46,738.16,749.75,49088.125
2026-09-05 09:00:00+00:00,749.76,751.75,743.91,747.5,26288.717
2026-09-05 10:00:00+00:00,747.5,750.73,746.56,748.14,10488.047
2026-09-05 11:00:00+00:00,748.13,756.88,745.81,747.85,15655.86
2026-09-05 12:00:00+00:00,747.85,766.77,747.84,763.16,29327.513
2026-09-05 13:00:00+00:00,763.16,767.76,758.94,760.91,26804.006
2026-09-05 14:00:00+00:00,760.91,770.0,760.16,769.87,34373.917
2026-09-05 15:00:00+00:00,769.87,772.31,765.61,769.99,14628.375
2026-09-05 16:00:00+00:00,769.99,777.39,767.71,773.51,22120.035
2026-09-05 17:00:00+00:00,773.52,780.64,773.52,776.17,18845.2
2026-09-05 18:00:00+00:00,776.17,779.0,775.02,776.81,5498.823
2026-09-05 19:00:00+00:00,776.81,779.77,773.17,773.42,7378.843
2026-09-05 20:00:00+00:00,773.42,774.03,769.69,770.32,7300.118
2026-09-05 21:00:00+00:00,770.33,772.25,769.52,771.3,3370.019
2026-09-05 22:00:00+00:00,771.31,771.99,769.03,770.49,3117.971
2026-09-05 23:00:00+00:00,770.49,770.92,763.47,766.53,8718.572
2026-09-06 00:00:00+00:00,766.52,769.0,765.97,766.87,4966.464
2026-09-06 01:00:00+00:00,766.87,768.52,763.34,765.29,11606.042
2026-09-06 02:00:00+00:00,765.29,765.94,759.76,764.0,14052.871
2026-09-06 03:00:00+00:00,764.0,765.99,763.58,764.87,3979.438
2026-09-06 04:00:00+00:00,764.87,765.26,761.68,762.9,3777.573
2026-09-06 05:00:00+00:00,762.91,764.46,760.8,761.82,6756.981
2026-09-06 06:00:00+00:00,761.82,763.56,758.96,760.21,8908.967
2026-09-06 07:00:00+00:00,760.21,760.93,753.96,756.62,13131.213
2026-09-06 08:00:00+00:00,756.62,757.46,753.99,757.01,9515.831
2026-09-06 09:00:00+00:00,757.01,758.99,756.52,757.64,4902.869
2026-09-06 10:00:00+00:00,757.64,758.49,756.29,757.55,4478.486
2026-09-06 11:00:00+00:00,757.56,758.77,756.62,758.24,5185.061
2026-09-06 12:00:00+00:00,758.24,758.51,754.23,755.62,7243.775
2026-09-06 13:00:00+00:00,755.62,755.66,749.93,751.0,16912.144
2026-09-06 14:00:00+00:00,751.0,751.0,740.93,741.74,18220.427
2026-09-06 15:00:00+00:00,741.75,746.19,740.24,745.97,7790.377
2026-09-06 16:00:00+00:00,745.98,748.82,745.05,747.77,5367.4
2026-09-06 17:00:00+00:00,747.77,748.55,746.66,748.24,3270.697
2026-09-06 18:00:00+00:00,748.25,750.0,747.58,749.65,5041.987
2026-09-06 19:00:00+00:00,749.65,750.47,748.6,749.18,2110.661
2026-09-06 20:00:00+00:00,749.18,751.77,748.94,751.51,2977.967
2026-09-06 21:00:00+00:00,751.51,753.87,751.1,751.48,5398.258
2026-09-06 22:00:00+00:00,751.49,751.85,748.38,751.53,4922.84
2026-09-06 23:00:00+00:00,751.53,754.93,751.19,753.0,6292.951
2026-09-07 00:00:00+00:00,753.01,756.43,750.09,750.5,8281.461
2026-09-07 01:00:00+00:00,750.51,751.13,745.73,748.69,5677.079
2026-09-07 02:00:00+00:00,748.7,755.91,747.28,748.51,6118.384
2026-09-07 03:00:00+00:00,748.51,750.24,744.89,746.31,6829.805
2026-09-07 04:00:00+00:00,746.32,747.57,745.5,747.16,3720.2
2026-09-07 05:00:00+00:00,747.15,750.2,746.78,748.54,3161.144
2026-09-07 06:00:00+00:00,748.54,749.19,745.03,745.48,3956.64
2026-09-07 07:00:00+00:00,745.49,745.62,740.26,743.87,7185.479
2026-09-07 08:00:00+00:00,743.88,745.46,743.88,745.17,4317.572
2026-09-07 09:00:00+00:00,745.18,746.92,742.52,742.81,6841.601
2026-09-07 10:00:00+00:00,742.81,744.94,742.59,743.7,5083.96
2026-09-07 11:00:00+00:00,743.71,744.95,743.28,744.95,3697.671
2026-09-07 12:00:00+00:00,744.95,747.37,744.56,747.14,4908.675
2026-09-07 13:00:00+00:00,747.14,747.68,744.06,745.63,8226.388
2026-09-07 14:00:00+00:00,745.63,745.89,741.0,743.57,4975.976
2026-09-07 15:00:00+00:00,743.57,743.57,733.0,734.6,15418.805
2026-09-07 16:00:00+00:00,734.6,740.0,734.51,739.9,6385.504
2026-09-07 17:00:00+00:00,739.9,741.56,739.25,740.76,2785.248
2026-09-07 18:00:00+00:00,740.76,741.3,738.6,739.84,2418.885
2026-09-07 19:00:00+00:00,739.84,742.17,739.0,741.9,1588.956
2026-09-07 20:00:00+00:00,741.91,741.99,738.56,740.18,2293.768
2026-09-07 21:00:00+00:00,740.19,740.25,738.67,739.34,2265.85
2026-09-07 22:00:00+00:00,739.34,739.92,736.06,738.36,2402.671
2026-09-07 23:00:00+00:00,738.37,740.96,738.31,739.98,1966.483
2026-09-08 00:00:00+00:00,739.98,741.5,738.36,740.62,3108.652
2026-09-08 01:00:00+00:00,740.62,743.0,740.2,742.55,3062.232
2026-09-08 02:00:00+00:00,742.55,743.56,738.49,738.5,4356.434
2026-09-08 03:00:00+00:00,738.5,745.24,737.01,742.91,7044.143
2026-09-08 04:00:00+00:00,742.91,746.88,741.7,745.56,8705.947
2026-09-08 05:00:00+00:00,745.55,754.46,743.8,750.94,16617.301
2026-09-08 06:00:00+00:00,750.95,751.35,745.14,747.57,9418.313
2026-09-08 07:00:00+00:00,747.57,757.58,747.51,754.66,13303.54
2026-09-08 08:00:00+00:00,754.66,761.39,753.48,754.97,18950.372
2026-09-08 09:00:00+00:00,754.96,757.11,750.23,754.78,11260.697
2026-09-08 10:00:00+00:00,754.78,758.13,753.57,756.24,9594.934
2026-09-08 11:00:00+00:00,756.24,756.75,750.3,752.28,11940.745
2026-09-08 12:00:00+00:00,752.3,752.92,749.39,751.83,8370.121
2026-09-08 13:00:00+00:00,751.84,753.01,742.33,747.03,13380.956
2026-09-08 14:00:00+00:00,747.02,751.57,746.04,750.68,8669.863
2026-09-08 15:00:00+00:00,750.69,757.03,749.31,756.35,9613.578
2026-09-08 16:00:00+00:00,756.36,757.96,753.35,755.7,4918.913
2026-09-08 17:00:00+00:00,755.71,756.5,751.92,751.97,3378.619
2026-09-08 18:00:00+00:00,751.98,754.27,747.56,749.29,2918.75
2026-09-08 19:00:00+00:00,749.29,750.29,747.53,748.88,4463.162
2026-09-08 20:00:00+00:00,748.88,751.66,748.87,750.97,4415.155
2026-09-08 21:00:00+00:00,750.99,753.37,750.99,751.81,4258.049
2026-09-08 22:00:00+00:00,751.81,754.83,750.81,754.73,1992.096
2026-09-08 23:00:00+00:00,754.73,754.96,752.02,752.02,1936.953
2026-09-09 00:00:00+00:00,752.03,756.66,751.91,754.49,5098.225
2026-09-09 01:00:00+00:00,754.49,756.0,750.2,754.6,4445.822
2026-09-09 02:00:00+00:00,754.6,754.91,751.27,751.66,6387.718
2026-09-09 03:00:00+00:00,751.67,751.67,747.12,749.55,4560.879
2026-09-09 04:00:00+00:00,749.56,755.36,749.55,754.63,5666.787
2026-09-09 05:00:00+00:00,754.63,755.18,750.29,751.63,4722.307
2026-09-09 06:00:00+00:00,751.64,756.2,751.06,754.75,4544.29
2026-09-09 07:00:00+00:00,754.76,757.56,752.69,754.47,5566.415
2026-09-09 08:00:00+00:00,754.48,757.78,753.8,757.49,6129.122
2026-09-09 09:00:00+00:00,757.49,757.76,750.81,751.15,5952.66
2026-09-09 10:00:00+00:00,751.16,752.31,749.3,750.67,6447.106
2026-09-09 11:00:00+00:00,750.68,751.57,747.75,750.24,6820.049
2026-09-09 12:00:00+00:00,750.24,751.69,749.69,750.46,6573.424
2026-09-09 13:00:00+00:00,750.46,751.16,745.0,745.37,10579.487
2026-09-09 14:00:00+00:00,745.37,746.83,741.42,743.6,16166.91
2026-09-09 15:00:00+00:00,743.61,746.21,735.0,739.11,16425.209
2026-09-09 16:00:00+00:00,739.11,741.9,737.91,740.75,5972.793
2026-09-09 17:00:00+00:00,740.76,742.31,740.1,741.44,3788.989
2026-09-09 18:00:00+00:00,741.44,741.61,739.66,740.01,2293.858
2026-09-09 19:00:00+00:00,740.01,741.73,736.49,737.24,3322.624
2026-09-09 20:00:00+00:00,737.25,738.17,732.29,733.91,8419.798
2026-09-09 21:00:00+00:00,733.91,733.91,722.41,725.55,15960.336
2026-09-09 22:00:00+00:00,725.55,726.23,717.61,719.09,15294.965
2026-09-09 23:00:00+00:00,719.1,723.89,718.86,722.64,4910.452
2026-09-10 00:00:00+00:00,722.64,724.43,720.64,720.95,6189.354
2026-09-10 01:00:00+00:00,720.96,724.74,716.18,720.99,9485.997
2026-09-10 02:00:00+00:00,720.99,725.29,720.66,725.29,4886.305
2026-09-10 03:00:00+00:00,725.29,726.36,723.12,723.65,5706.34
2026-09-10 04:00:00+00:00,723.65,723.96,721.98,722.66,5161.948
2026-09-10 05:00:00+00:00,722.66,723.7,720.91,723.49,6149.103
2026-09-10 06:00:00+00:00,723.5,723.53,718.37,721.08,8039.569
2026-09-10 07:00:00+00:00,721.09,721.17,715.45,719.09,8424.575
2026-09-10 08:00:00+00:00,719.1,719.77,718.27,718.5,4772.667
2026-09-10 09:00:00+00:00,718.51,719.24,715.68,717.5,4527.593
2026-09-10 10:00:00+00:00,717.51,718.74,716.42,717.03,3978.879
2026-09-10 11:00:00+00:00,717.04,719.11,715.68,716.46,5348.978
2026-09-10 12:00:00+00:00,716.46,718.12,703.62,705.66,32713.261
2026-09-10 13:00:00+00:00,705.67,711.0,705.11,710.52,12921.346
2026-09-10 14:00:00+00:00,710.53,712.0,706.96,710.02,8793.344
2026-09-10 15:00:00+00:00,710.03,710.55,706.5,707.94,7521.038
2026-09-10 16:00:00+00:00,707.95,709.15,704.5,708.31,9052.975
2026-09-10 17:00:00+00:00,708.31,713.62,707.89,712.79,8816.941
2026-09-10 18:00:00+00:00,712.79,713.96,710.31,713.95,5067.889
2026-09-10 19:00:00+00:00,713.96,715.99,713.19,714.38,4466.386
2026-09-10 20:00:00+00:00,714.38,716.27,713.9,715.01,2745.157
2026-09-10 21:00:00+00:00,715.01,715.4,713.84,714.37,2384.779
2026-09-10 22:00:00+00:00,714.38,715.77,711.45,711.98,3557.927
2026-09-10 23:00:00+00:00,711.99,713.08,708.4,708.72,5860.278
2026-09-11 00:00:00+00:00,708.72,713.5,708.72,713.49,3621.605
2026-09-11 01:00:00+00:00,713.5,714.85,710.7,713.5,3447.011
2026-09-11 02:00:00+00:00,713.51,713.62,710.0,711.18,3389.237
2026-09-11 03:00:00+00:00,711.18,712.42,710.15,712.1,2765.232
2026-09-11 04:00:00+00:00,712.11,717.31,711.99,716.65,4369.413
2026-09-11 05:00:00+00:00,716.65,717.44,715.34,716.76,4135.61
2026-09-11 06:00:00+00:00,716.77,717.22,714.37,715.31,2874.211
2026-09-11 07:00:00+00:00,715.31,716.09,713.05,713.85,4331.514
2026-09-11 08:00:00+00:00,713.85,716.21,712.62,714.11,3628.463
2026-09-11 09:00:00+00:00,714.11,714.56,711.19,713.04,4184.023
2026-09-11 10:00:00+00:00,713.04,715.0,712.4,712.73,2866.259
2026-09-11 11:00:00+00:00,712.72,713.38,710.5,713.31,3036.038
2026-09-11 12:00:00+00:00,713.32,725.0,706.5,723.82,20706.079
2026-09-11 13:00:00+00:00,723.82,738.53,717.14,737.01,30914.652
2026-09-11 14:00:00+00:00,737.02,741.61,729.9,733.1,24484.049
2026-09-11 15:00:00+00:00,733.1,740.38,726.48,728.58,15452.16
2026-09-11 16:00:00+00:00,728.58,733.51,727.22,730.49,8382.668
2026-09-11 17:00:00+00:00,730.49,731.13,726.63,727.53,3603.082
2026-09-11 18:00:00+00:00,727.53,728.08,720.79,722.38,6535.363
2026-09-11 19:00:00+00:00,722.39,726.69,721.38,725.08,2887.8
2026-09-11 20:00:00+00:00,725.08,727.66,724.41,726.23,2926.916
2026-09-11 21:00:00+00:00,726.23,727.5,722.99,723.3,1932.735
2026-09-11 22:00:00+00:00,723.3,725.71,721.95,724.47,3740.342
2026-09-11 23:00:00+00:00,724.47,727.67,723.97,726.75,2828.499
2026-09-12 00:00:00+00:00,726.76,728.48,726.18,726.75,2433.65
2026-09-12 01:00:00+00:00,726.76,731.13,726.1,730.29,4963.968
2026-09-12 02:00:00+00:00,730.28,731.9,729.36,731.75,3443.577
2026-09-12 03:00:00+00:00,731.75,736.26,731.74,733.49,7812.441
2026-09-12 04:00:00+00:00,733.5,735.35,733.06,733.65,3174.266
2026-09-12 05:00:00+00:00,733.65,735.27,732.03,732.94,4006.858
2026-09-12 06:00:00+00:00,732.94,733.52,731.6,731.81,3180.329
2026-09-12 07:00:00+00:00,731.8,734.53,731.75,733.6,2681.794
2026-09-12 08:00:00+00:00,733.6,734.96,732.6,734.93,2895.492
2026-09-12 09:00:00+00:00,734.94,736.92,734.41,735.29,4111.058
2026-09-12 10:00:00+00:00,735.3,739.89,735.23,737.85,6231.628
2026-09-12 11:00:00+00:00,737.85,738.15,736.0,736.71,3274.368
2026-09-12 12:00:00+00:00,736.7,737.43,735.62,736.27,2245.392
2026-09-12 13:00:00+00:00,736.26,736.88,734.92,736.67,4569.621
2026-09-12 14:00:00+00:00,736.67,736.84,734.71,735.75,3530.493
2026-09-12 15:00:00+00:00,735.75,737.12,735.11,735.19,4354.687
2026-09-12 16:00:00+00:00,735.19,735.32,731.85,732.11,5497.598
2026-09-12 17:00:00+00:00,732.11,732.42,730.33,730.94,2418.991
2026-09-12 18:00:00+00:00,730.94,730.95,728.97,729.31,2466.584
2026-09-12 19:00:00+00:00,729.32,729.48,725.06,726.18,5320.962
2026-09-12 20:00:00+00:00,726.18,727.22,725.32,726.43,1540.314
2026-09-12 21:00:00+00:00,726.44,727.25,726.33,726.5,1153.965
2026-09-12 22:00:00+00:00,726.5,727.32,725.51,726.24,1258.347
2026-09-12 23:00:00+00:00,726.24,727.96,726.09,727.59,936.373
2026-09-13 00:00:00+00:00,727.6,728.16,726.96,728.02,1798.098
2026-09-13 01:00:00+00:00,728.03,729.92,728.02,728.37,3637.956
2026-09-13 02:00:00+00:00,728.37,729.08,727.54,728.0,1817.614
2026-09-13 03:00:00+00:00,728.0,728.92,727.0,727.01,3047.155
2026-09-13 04:00:00+00:00,727.01,727.92,726.22,726.33,2959.188
2026-09-13 05:00:00+00:00,726.34,726.73,726.0,726.36,2501.069
2026-09-13 06:00:00+00:00,726.36,726.36,721.54,721.98,4814.798
2026-09-13 07:00:00+00:00,721.98,723.61,721.73,722.23,2759.651
2026-09-13 08:00:00+00:00,722.23,722.55,717.42,718.01,10278.883
2026-09-13 09:00:00+00:00,718.02,719.0,714.34,716.3,6528.242
2026-09-13 10:00:00+00:00,716.3,716.45,714.38,715.09,2859.537
2026-09-13 11:00:00+00:00,715.1,716.85,714.05,716.31,3275.275
2026-09-13 12:00:00+00:00,716.31,717.04,715.13,715.55,2627.029
2026-09-13 13:00:00+00:00,715.55,718.44,713.1,718.04,3478.914
2026-09-13 14:00:00+00:00,718.04,720.32,718.04,718.56,4315.485
2026-09-13 15:00:00+00:00,718.56,719.66,717.37,718.88,2364.27
2026-09-13 16:00:00+00:00,718.89,721.41,718.88,721.05,2251.069
2026-09-13 17:00:00+00:00,721.06,722.15,720.81,721.16,1364.345
2026-09-13 18:00:00+00:00,721.17,722.34,720.86,722.11,1638.804
2026-09-13 19:00:00+00:00,722.11,723.1,720.8,721.09,1591.674
2026-09-13 20:00:00+00:00,721.09,722.69,721.08,722.34,1347.393
2026-09-13 21:00:00+00:00,722.34,722.84,721.9,722.2,1199.244
2026-09-13 22:00:00+00:00,722.19,722.19,715.25,715.95,4364.757
2026-09-13 23:00:00+00:00,715.95,717.24,715.55,716.41,2332.683
2026-09-14 00:00:00+00:00,716.41,720.5,713.9,718.9,3731.805
2026-09-14 01:00:00+00:00,718.9,720.3,714.63,719.91,8771.57
2026-09-14 02:00:00+00:00,719.91,724.91,719.02,723.67,13333.777
2026-09-14 03:00:00+00:00,723.67,725.24,721.51,722.51,3352.122
2026-09-14 04:00:00+00:00,722.52,725.72,722.13,724.73,2712.546
2026-09-14 05:00:00+00:00,724.73,725.9,724.17,725.24,2452.2
2026-09-14 06:00:00+00:00,725.25,726.98,722.31,723.68,3823.401
2026-09-14 07:00:00+00:00,723.68,725.36,723.0,724.96,2809.299
2026-09-14 08:00:00+00:00,724.96,725.98,723.67,723.99,4998.674
2026-09-14 09:00:00+00:00,724.0,728.5,721.84,724.76,9576.481
2026-09-14 10:00:00+00:00,724.77,725.26,722.57,722.95,5681.488
2026-09-14 11:00:00+00:00,722.95,723.45,720.9,722.16,5091.419
2026-09-14 12:00:00+00:00,722.16,723.32,719.87,720.17,4486.512
2026-09-14 13:00:00+00:00,720.17,723.44,717.15,720.68,9853.667
2026-09-14 14:00:00+00:00,720.69,723.99,719.75,721.58,9568.355
2026-09-14 15:00:00+00:00,721.59,723.11,719.06,722.44,8394.544
2026-09-14 16:00:00+00:00,722.45,726.5,722.05,724.8,8336.918
2026-09-14 17:00:00+00:00,724.81,727.12,723.75,726.23,5702.218
2026-09-14 18:00:00+00:00,726.23,728.44,725.87,727.21,5357.821
2026-09-14 19:00:00+00:00,727.21,727.21,724.83,725.34,4242.942
2026-09-14 20:00:00+00:00,725.35,733.75,725.35,726.93,9150.415
2026-09-14 21:00:00+00:00,726.94,727.01,723.21,723.57,4963.926
2026-09-14 22:00:00+00:00,723.57,724.84,717.13,722.6,10648.994
2026-09-14 23:00:00+00:00,722.61,722.75,719.01,720.42,3873.13
2026-09-15 00:00:00+00:00,720.43,720.53,718.78,719.35,3536.179
2026-09-15 01:00:00+00:00,719.35,721.42,718.26,720.32,3354.281
2026-09-15 02:00:00+00:00,720.32,722.39,719.79,721.88,3408.841
2026-09-15 03:00:00+00:00,721.88,722.53,719.3,721.37,3698.654
2026-09-15 04:00:00+00:00,721.38,721.69,719.88,720.59,3077.272
2026-09-15 05:00:00+00:00,720.59,722.14,718.0,721.48,3663.416
2026-09-15 06:00:00+00:00,721.48,723.5,717.5,718.54,3447.263
2026-09-15 07:00:00+00:00,718.55,719.08,714.72,715.09,7492.634
2026-09-15 08:00:00+00:00,715.09,717.65,714.21,717.61,4462.459
2026-09-15 09:00:00+00:00,717.6,718.5,716.6,717.58,3160.648
2026-09-15 10:00:00+00:00,717.59,720.33,717.5,719.44,3888.789
2026-09-15 11:00:00+00:00,719.45,720.39,717.39,718.89,2272.626
2026-09-15 12:00:00+00:00,718.89,721.48,718.06,720.33,3864.433
2026-09-15 13:00:00+00:00,720.33,722.27,715.0,720.31,7916.685
2026-09-15 14:00:00+00:00,720.32,721.62,711.37,715.52,13416.135
2026-09-15 15:00:00+00:00,715.53,719.74,714.84,718.61,6590.375
2026-09-15 16:00:00+00:00,718.61,720.8,716.18,719.59,4243.463
2026-09-15 17:00:00+00:00,719.58,725.0,717.46,723.13,4567.635
2026-09-15 18:00:00+00:00,723.13,725.32,707.04,718.17,21704.842
2026-09-15 19:00:00+00:00,718.19,722.59,717.26,719.57,8050.066
2026-09-15 20:00:00+00:00,719.58,720.51,712.28,715.12,5014.386
2026-09-15 21:00:00+00:00,715.13,715.73,710.66,711.2,3283.026
2026-09-15 22:00:00+00:00,711.2,714.59,708.76,713.4,4284.472
2026-09-15 23:00:00+00:00,713.4,715.48,711.9,712.06,3060.092
2026-09-16 00:00:00+00:00,712.07,716.0,711.91,713.98,3571.946
2026-09-16 01:00:00+00:00,713.98,714.98,708.38,708.9,4811.121
2026-09-16 02:00:00+00:00,708.91,714.94,708.28,712.86,5421.145
2026-09-16 03:00:00+00:00,712.86,715.76,712.8,714.2,3042.144
2026-09-16 04:00:00+00:00,714.2,716.24,713.94,715.3,3282.559
2026-09-16 05:00:00+00:00,715.3,715.78,713.15,715.27,2550.659
2026-09-16 06:00:00+00:00,715.27,715.73,711.86,714.31,2656.992
2026-09-16 07:00:00+00:00,714.31,714.95,709.35,709.71,8370.036
2026-09-16 08:00:00+00:00,709.7,709.71,704.29,707.18,10139.27
2026-09-16 09:00:00+00:00,707.18,711.06,707.02,710.76,4726.407
2026-09-16 10:00:00+00:00,710.76,712.0,710.52,711.55,3002.765
2026-09-16 11:00:00+00:00,711.55,715.93,711.2,714.48,4489.821
2026-09-16 12:00:00+00:00,714.49,714.69,712.05,712.9,3839.632
2026-09-16 13:00:00+00:00,712.9,713.32,710.02,711.34,4504.76
2026-09-16 14:00:00+00:00,711.35,712.03,708.32,709.71,4944.448
2026-09-16 15:00:00+00:00,709.71,713.8,708.91,711.66,5006.947
2026-09-16 16:00:00+00:00,711.71,714.06,710.72,713.4,2924.361
2026-09-16 17:00:00+00:00,713.39,714.42,708.88,713.34,4673.009
2026-09-16 18:00:00+00:00,713.39,721.43,710.8,715.68,19489.714
2026-09-16 19:00:00+00:00,715.7,720.22,712.76,719.32,7628.592
2026-09-16 20:00:00+00:00,719.33,721.93,718.99,720.61,4563.215
2026-09-16 21:00:00+00:00,720.61,721.08,719.68,720.88,1589.228
2026-09-16 22:00:00+00:00,720.88,721.18,718.2,718.92,2794.503
2026-09-16 23:00:00+00:00,718.92,726.77,718.38,725.92,7945.925
2026-09-17 00:00:00+00:00,725.92,729.0,724.34,724.34,8737.367
2026-09-17 01:00:00+00:00,724.35,729.22,723.24,725.54,6547.326
2026-09-17 02:00:00+00:00,725.54,725.89,722.51,723.81,4729.545
2026-09-17 03:00:00+00:00,723.81,726.54,723.8,725.54,3870.108
2026-09-17 04:00:00+00:00,725.55,725.76,722.53,725.76,3210.703
2026-09-17 05:00:00+00:00,725.76,726.92,724.83,724.98,3468.076
2026-09-17 06:00:00+00:00,724.98,726.45,724.06,725.78,3586.205
2026-09-17 07:00:00+00:00,725.79,727.35,724.08,724.38,5500.146
2026-09-17 08:00:00+00:00,724.38,726.8,724.2,726.11,3849.222
2026-09-17 09:00:00+00:00,726.12,727.4,725.17,725.5,5024.964
2026-09-17 10:00:00+00:00,725.51,725.62,722.5,723.61,4500.766
2026-09-17 11:00:00+00:00,723.62,724.56,720.89,724.56,3848.462
2026-09-17 12:00:00+00:00,724.56,732.54,724.27,728.82,10554.396
2026-09-17 13:00:00+00:00,728.83,730.31,723.42,727.32,9176.012
2026-09-17 14:00:00+00:00,727.33,729.69,724.66,725.86,11282.274
2026-09-17 15:00:00+00:00,725.86,728.9,724.62,727.87,4233.062
2026-09-17 16:00:00+00:00,727.87,728.77,726.21,728.75,4036.917
2026-09-17 17:00:00+00:00,728.75,730.45,728.38,729.16,3944.146
2026-09-17 18:00:00+00:00,729.16,729.6,727.43,728.05,2162.782
2026-09-17 19:00:00+00:00,728.05,733.63,727.97,732.58,6907.412
2026-09-17 20:00:00+00:00,732.58,736.49,731.69,734.78,4993.7
2026-09-17 21:00:00+00:00,734.78,735.62,733.68,733.88,2035.878
2026-09-17 22:00:00+00:00,733.88,735.68,733.55,735.66,4596.728
2026-09-17 23:00:00+00:00,735.67,739.49,735.35,738.36,7562.358
2026-09-18 00:00:00+00:00,738.36,739.81,735.22,737.87,6028.588
2026-09-18 01:00:00+00:00,737.88,744.44,737.34,743.5,9529.399
2026-09-18 02:00:00+00:00,743.51,752.24,743.34,748.63,14698.274
2026-09-18 03:00:00+00:00,748.64,754.0,747.41,751.31,9998.154
2026-09-18 04:00:00+00:00,751.32,752.85,748.95,751.68,8717.541
2026-09-18 05:00:00+00:00,751.69,754.53,750.27,752.37,8722.283
2026-09-18 06:00:00+00:00,752.37,755.25,751.98,755.05,8099.816
2026-09-18 07:00:00+00:00,755.06,759.31,753.06,753.11,18937.581
2026-09-18 08:00:00+00:00,753.12,755.05,751.4,755.05,8957.047
2026-09-18 09:00:00+00:00,755.04,755.98,750.02,751.39,13144.299
2026-09-18 10:00:00+00:00,751.39,753.49,749.42,752.59,10201.255
2026-09-18 11:00:00+00:00,752.59,753.98,748.79,749.27,5869.864
2026-09-18 12:00:00+00:00,749.28,749.94,745.0,746.39,6275.273
2026-09-18 13:00:00+00:00,746.39,762.52,745.92,758.56,21857.92
2026-09-18 14:00:00+00:00,758.56,761.72,755.21,760.55,14441.578
2026-09-18 15:00:00+00:00,760.55,760.75,753.82,757.06,13057.674
2026-09-18 16:00:00+00:00,757.07,761.42,756.13,758.62,11044.337
2026-09-18 17:00:00+00:00,758.62,761.76,756.9,761.7,5118.767
2026-09-18 18:00:00+00:00,761.7,765.04,760.93,764.5,8706.647
2026-09-18 19:00:00+00:00,764.51,768.92,764.4,766.46,7595.318
2026-09-18 20:00:00+00:00,766.46,766.7,763.16,763.71,3781.258
2026-09-18 21:00:00+00:00,763.71,765.24,763.4,763.99,2814.621
2026-09-18 22:00:00+00:00,764.0,764.9,761.67,764.1,5220.347
2026-09-18 23:00:00+00:00,764.1,764.86,760.76,761.31,3548.749
2026-09-19 00:00:00+00:00,761.32,764.5,759.85,764.18,5963.616
2026-09-19 01:00:00+00:00,764.19,764.45,759.77,762.57,6001.457
2026-09-19 02:00:00+00:00,762.6,764.61,761.41,762.0,3253.602
2026-09-19 03:00:00+00:00,762.0,762.91,758.85,759.55,4591.792
2026-09-19 04:00:00+00:00,759.55,768.0,759.54,760.39,9986.226
2026-09-19 05:00:00+00:00,760.39,764.7,760.31,763.89,4089.146
2026-09-19 06:00:00+00:00,763.9,764.59,761.19,761.95,3543.718
2026-09-19 07:00:00+00:00,761.95,762.97,760.03,760.91,3885.983
2026-09-19 08:00:00+00:00,760.92,766.92,760.26,765.99,5020.636
2026-09-19 09:00:00+00:00,765.98,770.0,764.34,766.69,6444.34
2026-09-19 10:00:00+00:00,766.68,767.6,765.06,765.21,2870.313
2026-09-19 11:00:00+00:00,765.22,768.35,764.68,768.08,3678.928
2026-09-19 12:00:00+00:00,768.08,773.76,767.07,773.21,7077.34
2026-09-19 13:00:00+00:00,773.21,773.39,768.42,769.81,7635.507
2026-09-19 14:00:00+00:00,769.81,773.27,769.2,770.03,7334.549
2026-09-19 15:00:00+00:00,770.03,771.6,766.8,767.03,4643.977
2026-09-19 16:00:00+00:00,767.04,768.63,764.93,768.48,5019.886
2026-09-19 17:00:00+00:00,768.49,769.01,761.66,762.69,5980.791
2026-09-19 18:00:00+00:00,762.7,764.07,761.34,763.39,2563.611
2026-09-19 19:00:00+00:00,763.4,764.16,762.68,763.08,2781.563
2026-09-19 20:00:00+00:00,763.09,763.44,760.66,762.13,3362.331
2026-09-19 21:00:00+00:00,762.13,762.64,757.06,759.75,4263.778
2026-09-19 22:00:00+00:00,759.76,762.0,757.84,761.7,1925.904
2026-09-19 23:00:00+00:00,761.71,763.62,761.7,762.02,2283.518
2026-09-20 00:00:00+00:00,762.03,763.5,760.91,763.37,2212.942
2026-09-20 01:00:00+00:00,763.38,764.28,759.29,760.8,2958.111
2026-09-20 02:00:00+00:00,760.8,763.01,745.92,747.83,12002.292
2026-09-20 03:00:00+00:00,747.84,753.09,745.9,750.47,11577.195
2026-09-20 04:00:00+00:00,750.47,750.68,747.07,749.06,3103.028
2026-09-20 05:00:00+00:00,749.06,751.51,748.72,751.45,5584.837
2026-09-20 06:00:00+00:00,751.46,753.47,750.0,751.66,4702.769
2026-09-20 07:00:00+00:00,751.66,752.21,747.92,748.01,3798.945
2026-09-20 08:00:00+00:00,748.01,751.0,747.71,748.97,4920.747
2026-09-20 09:00:00+00:00,748.98,753.0,748.86,750.61,4070.589
2026-09-20 10:00:00+00:00,750.61,751.53,748.0,749.03,4248.538
2026-09-20 11:00:00+00:00,749.03,753.33,748.5,752.59,3852.146
2026-09-20 12:00:00+00:00,752.6,753.97,751.1,752.56,2894.439
2026-09-20 13:00:00+00:00,752.56,753.87,750.43,751.94,3166.776
2026-09-20 14:00:00+00:00,751.94,755.18,751.93,753.27,3276.183
2026-09-20 15:00:00+00:00,753.28,757.5,753.27,757.44,4524.176
2026-09-20 16:00:00+00:00,757.44,764.99,756.1,763.79,5489.676
2026-09-20 17:00:00+00:00,763.78,766.84,760.44,764.19,6140.157
2026-09-20 18:00:00+00:00,764.17,771.98,763.95,766.47,8768.332
2026-09-20 19:00:00+00:00,766.47,770.9,766.47,769.55,2844.352
2026-09-20 20:00:00+00:00,769.56,771.61,766.15,768.29,3619.315
2026-09-20 21:00:00+00:00,768.29,768.4,762.54,765.88,3626.677
2026-09-20 22:00:00+00:00,765.89,777.98,764.8,774.32,9279.646
2026-09-20 23:00:00+00:00,774.32,776.0,771.38,772.56,3937.454
