test_start,test_end,A_net_return,B1_net_return,A_sharpe,B1_sharpe
2026-01-01 00:00:00+00:00,2026-01-08 00:00:00+00:00,0.07354067880355952,0.03579118338603582,107.85358012416394,13.602187915367134
2026-01-08 00:00:00+00:00,2026-01-15 00:00:00+00:00,-0.02256860586738707,-0.034210944774538565,-2.570723896636305,-2.5493282351173288
2026-01-15 00:00:00+00:00,2026-01-22 00:00:00+00:00,0.018322009399525108,-0.011558625236229747,3.541907296647612,-0.9828635786146099
2026-01-22 00:00:00+00:00,2026-01-29 00:00:00+00:00,0.008441274035167368,-0.01377316054468336,1.7761603592349327,-1.4038597889577002
2026-01-29 00:00:00+00:00,2026-02-05 00:00:00+00:00,0.045717973922141386,0.053809173051356796,18.03237857924303,22.00063099169487
2026-02-05 00:00:00+00:00,2026-02-12 00:00:00+00:00,0.0319222285894627,0.04134802979185137,7.329492640101646,10.270414895535508
2026-02-12 00:00:00+00:00,2026-02-19 00:00:00+00:00,-0.045834617307011216,-0.03310240120713992,-2.280460059313785,-1.9206155987817808
2026-02-19 00:00:00+00:00,2026-02-26 00:00:00+00:00,0.00763722513610654,-0.05935098220587065,1.233623408573675,-2.091930104379166
2026-02-26 00:00:00+00:00,2026-03-05 00:00:00+00:00,-0.049816435657542235,-0.06859580179395375,-2.0742061990682927,-1.769054050757561
2026-03-05 00:00:00+00:00,2026-03-12 00:00:00+00:00,0.0010507159890840168,-0.0014122324104722805,0.13935527779036966,-0.17291108989142887
2026-03-12 00:00:00+00:00,2026-03-19 00:00:00+00:00,0.016954855608113162,0.0009897983294866464,3.953555052128612,0.14195926212603374
2026-03-19 00:00:00+00:00,2026-03-26 00:00:00+00:00,-0.022674546531337825,-0.016063006134600988,-1.733173276008799,-1.3975713712957603
2026-03-26 00:00:00+00:00,2026-04-02 00:00:00+00:00,-0.019313256393269862,-0.026136969654892983,-1.803511493072409,-2.048132664067231
2026-04-02 00:00:00+00:00,2026-04-09 00:00:00+00:00,-0.02549316086543474,-0.07336102925044696,-2.6361458306560746,-2.9176596727345783
2026-04-09 00:00:00+00:00,2026-04-16 00:00:00+00:00,-0.0664934158564926,-0.07301166156958927,-2.6491008130622835,-2.65937459827218
2026-04-16 00:00:00+00:00,2026-04-23 00:00:00+00:00,0.013117120476074273,0.0029696216430703526,2.6934847320487507,0.4585441994857145
2026-04-23 00:00:00+00:00,2026-04-30 00:00:00+00:00,-0.03931206592784031,-0.03914070386651736,-3.563004871134007,-4.332114956923209
2026-04-30 00:00:00+00:00,2026-05-07 00:00:00+00:00,0.02386147635301694,0.03698145563269706,8.883028150653967,22.25413005447279
2026-05-07 00:00:00+00:00,2026-05-14 00:00:00+00:00,-0.000420580632544576,-0.01869983321929125,-0.07247710010539343,-2.252643923067879
2026-05-14 00:00:00+00:00,2026-05-21 00:00:00+00:00,-0.026075461459689087,-0.03225831323808459,-2.181158632445889,-2.3413335040817547
2026-05-21 00:00:00+00:00,2026-05-28 00:00:00+00:00,-0.02540503122213722,-0.01599892176465534,-2.1233761968146103,-1.529849959442182
2026-05-28 00:00:00+00:00,2026-06-04 00:00:00+00:00,0.13166781131225758,0.10382281414452454,1489.1381324950862,453.81856415700804
2026-06-04 00:00:00+00:00,2026-06-11 00:00:00+00:00,0.029164497001665568,0.05277335654605175,5.710430841549696,17.60587611339919
2026-06-11 00:00:00+00:00,2026-06-18 00:00:00+00:00,0.0035953629516183305,0.01798919149243039,0.4728771995957346,3.537363419049864
2026-06-18 00:00:00+00:00,2026-06-25 00:00:00+00:00,0.06045069882294851,0.06188980223467011,50.742632515490214,54.26099551717436
2026-06-25 00:00:00+00:00,2026-07-02 00:00:00+00:00,-0.03572261447126579,-0.03393722807830468,-1.9551366200309865,-1.6292613910924247
2026-07-02 00:00:00+00:00,2026-07-09 00:00:00+00:00,0.07902742443448729,0.0958577839606003,140.6420856526272,311.66639437161433
2026-07-09 00:00:00+00:00,2026-07-16 00:00:00+00:00,-0.03683680175252424,-0.041216189912765544,-3.357818069054031,-3.2351141720716288
2026-07-16 00:00:00+00:00,2026-07-23 00:00:00+00:00,0.013772910091599977,-0.010314338714566662,3.793960138296015,-1.9966398742419391
2026-07-23 00:00:00+00:00,2026-07-30 00:00:00+00:00,-0.04014333402179393,-0.06837605180791029,-3.2215529040748736,-3.672129518538228
2026-07-30 00:00:00+00:00,2026-08-06 00:00:00+00:00,-0.021823242144045518,-0.03183510020170377,-3.1567225120124274,-4.000993318432839
2026-08-06 00:00:00+00:00,2026-08-13 00:00:00+00:00,-0.01269914025936747,-0.009589489607965906,-3.0740398392619466,-2.8062861862126462
2026-08-13 00:00:00+00:00,2026-08-20 00:00:00+00:00,0.08497071354787522,0.045421475350980955,162.8825850232371,35.976793852159275
2026-08-20 00:00:00+00:00,2026-08-27 00:00:00+00:00,0.10888003230871757,0.10066574304868814,352.1036370337428,214.73069518639682
2026-08-27 00:00:00+00:00,2026-09-01 00:00:00+00:00,-0.04383992025220118,-0.02702869340155878,-3.059836007471885,-2.748373144901186
