period,strategy,gross_return,net_return,sharpe,sortino,calmar,max_drawdown,annualized_volatility,turnover,annualized_turnover,trade_count,trades_per_day,fees,fees_pct_gross_pnl,break_even_cost_bps
2026 Q1,A,0.12426969591819637,0.04507957040946864,0.47754630371976026,0.7682649832554346,1.065874732068564,0.1837059541521061,0.41002837449702517,73.04761148160388,296.2486465642824,450,5.0,0.07304761148160388,0.529897903498665,17.012150486192436
2026 Q1,ConstantRisk_A,0.09928338313302887,0.03859094678864006,0.5206165768261867,0.837555400517953,1.1503174803167153,0.1442920347605029,0.31881745077604073,56.798150387547295,230.34805434949737,450,5.0,0.056798150387547285,0.5298979034986645,17.480038074408185
2026 Q1,VolOnly_A,0.08962516267111664,0.026575506021477846,0.3415974640635377,0.5464692472449023,0.9474992130160197,0.11845355007380609,0.32855819284714927,59.62418954664865,241.80921316140842,450,5.0,0.05962418954664865,0.6013581074626478,15.031678141469058
2026 Q1,B2E_SignalGeometry,0.04869590224645992,-0.00872841976959815,-0.12950673548715774,-0.21250489266376607,-0.2546109875922474,0.13718718488911374,0.2697107953360556,56.29731745752501,228.31689857774032,450,5.0,0.05629731745752502,0.99659483658531,8.649773105654603
2026 Q2,A,0.13041134173841562,0.039584568597875514,0.4409427959261743,0.7095226695373971,0.8639586398867237,0.19501957047488017,0.38211043340637796,83.70192125961927,335.7274863710004,455,5.0,0.08370192125961927,0.5948450003146752,15.580447829138494
2026 Q2,ConstantRisk_A,0.10345654344548394,0.0338916338262929,0.4814178921268047,0.7746512952262096,0.9277037917074825,0.15418068288145137,0.2971098632941886,65.08240605002888,261.0448154753905,455,5.0,0.06508240605002891,0.5948450003146751,15.89623828073548
2026 Q2,VolOnly_A,0.1229131543402886,0.03992027543712551,0.522195485974511,0.8370428319322969,0.9524899016976068,0.1784827928724183,0.32555443776099985,76.74430797553433,307.8205759458245,455,5.0,0.07674430797553432,0.5944614145390043,16.015931028979068
2026 Q2,B2E_SignalGeometry,0.1273927441831193,0.05490147966802805,0.8925769575392882,1.4622382561771572,1.9026097971024127,0.12566397729875556,0.2678643139193335,66.43187333705352,266.45751393433557,455,5.0,0.06643187333705353,0.5157024123076326,19.17644916270392
2026 Jul-Aug,A,0.1743939600252078,0.10371368022074923,2.236836964089657,3.8296391493425204,5.849388219418752,0.13466737426209208,0.35215876936713747,62.03199441217876,365.18835420072975,310,5.0,0.06203199441217877,0.3622860060426627,28.113550382795523
2026 Jul-Aug,ConstantRisk_A,0.13519077493304898,0.08171083001346635,2.1469253506910313,3.6757034623971547,5.550727476060303,0.10590920785875912,0.2738209550882509,48.232960339158,283.95210522246236,310,5.0,0.048232960339158,0.3622860060426627,28.028711897928886
2026 Jul-Aug,VolOnly_A,0.09797170280181833,0.03476027979719731,0.7507826818898087,1.3059050748152008,1.679960617313414,0.13263491404148298,0.29678552455362117,59.25447719924335,348.8368415761907,310,5.0,0.05925447719924335,0.58736259243365,16.534059101118757
2026 Jul-Aug,B2E_SignalGeometry,0.1643511315596502,0.10561904020458401,3.0884794864788025,5.690655739645103,10.045255723979512,0.08023361457237788,0.2609592129613377,51.74164135648485,304.60804992124145,310,5.0,0.05174164135648485,0.32766853773925986,31.763803244531566
