window_start,window_end,A_return,ConstantRisk_return,VolOnly_return,B2E_return,A_max_drawdown,B2E_max_drawdown,average_B2E_risk_multiplier
2026-02-06 01:00:00+00:00,2026-02-20 00:00:00+00:00,-0.12141006387639985,-0.09514013717794767,-0.06487108267806807,-0.07730207344342144,-0.11360840968714092,-0.07387151097905775,0.8050595238095238
2026-02-05 22:00:00+00:00,2026-02-19 21:00:00+00:00,-0.12060238585745986,-0.09447320414741289,-0.06268106809686125,-0.07684830309496393,-0.12526670198943457,-0.07985318233176342,0.8035714285714286
2026-02-06 00:00:00+00:00,2026-02-19 23:00:00+00:00,-0.11864649195996724,-0.09292903545086761,-0.062284566404233854,-0.07585380692034327,-0.1245300762231446,-0.07946591081596288,0.8035714285714286
2026-02-05 21:00:00+00:00,2026-02-19 20:00:00+00:00,-0.11558609809350717,-0.09045577365356938,-0.06111143768346816,-0.07421370786083603,-0.12807162226396163,-0.08129739323245455,0.8035714285714286
2026-02-06 04:00:00+00:00,2026-02-20 03:00:00+00:00,-0.11040309120301306,-0.08642658852738605,-0.060268074901671076,-0.07131413732212522,-0.10632645047378886,-0.07008286879263492,0.8095238095238095
2026-03-31 00:00:00+00:00,2026-04-13 23:00:00+00:00,-0.1090858866038017,-0.08553769070423134,-0.09753555571739925,-0.06988192287312656,-0.11815159240108886,-0.08104179973909942,0.8214285714285714
2026-04-06 19:00:00+00:00,2026-04-20 18:00:00+00:00,-0.1089915857951943,-0.08538814734948241,-0.09443136416049569,-0.06179388473880931,-0.12041236339761774,-0.07068563848556919,0.7321428571428571
2026-04-06 16:00:00+00:00,2026-04-20 15:00:00+00:00,-0.10894423911546303,-0.08535185562500158,-0.09438324377521767,-0.06177118039195817,-0.12041236339761852,-0.07068563848556986,0.7321428571428571
2026-04-06 21:00:00+00:00,2026-04-20 20:00:00+00:00,-0.10887037232101304,-0.08529116379399537,-0.09430816990249635,-0.0617297157024409,-0.11670993074929592,-0.06873387301641587,0.7321428571428571
2026-03-31 10:00:00+00:00,2026-04-14 09:00:00+00:00,-0.10863078988709718,-0.08518558812155408,-0.09896078775378592,-0.07608404003046687,-0.11621387402006111,-0.07893100313090173,0.8065476190476191
